labeler_code_pad,firm
00002,Eli Lilly and Company
00003,"E.R. Squibb & Sons, L.L.C."
00004,"Genentech, Inc."
00005,Wyeth Pharmaceutical Division of Wyeth Holdings LLC
00006,Merck Sharp & Dohme LLC
00008,"Wyeth Pharmaceuticals LLC, a subsidiary of Pfizer Inc."
00009,Pharmacia & Upjohn Company LLC
00013,Pfizer Laboratories Div Pfizer Inc
00019,Liebel-Flarsheim Company LLC
00023,"Allergan, Inc."
00024,Sanofi-Aventis U.S. LLC
00025,Pfizer Laboratories Div Pfizer Inc
00026,Bayer HealthCare LLC
00031,Haleon US Holdings LLC
00032,AbbVie Inc.
00037,Viatris Specialty LLC
00046,"Wyeth Pharmaceuticals LLC, a subsidiary of Pfizer Inc."
00049,Roerig
00052,Merck Sharp & Dohme LLC
00053,CSL Behring
00054,Hikma Pharmaceuticals USA Inc.
00065,"Alcon Laboratories, Inc."
00067,Haleon US Holdings LLC
00068,Sanofi-Aventis U.S. LLC
00069,Pfizer Laboratories Div Pfizer Inc
00071,Parke-Davis Div of Pfizer Inc
00074,AbbVie Inc.
00075,Sanofi-Aventis U.S. LLC
00078,Novartis Pharmaceuticals Corporation
00085,Merck Sharp & Dohme LLC
00088,Sanofi-Aventis U.S. LLC
00093,"Teva Pharmaceuticals USA, Inc."
00096,Person and Covey
00113,L. Perrigo Company
00115,Amneal Pharmaceuticals of New York LLC
00116,"Xttrium Laboratories, Inc."
00121,"PAI Holdings, LLC"
00126,"Colgate Oral Pharmaceuticals, Inc."
00131,"UCB, Inc."
00132,"C.B. Fleet Company, Inc."
00135,Haleon US Holdings LLC
00140,Roche Laboratories Inc.
00143,Hikma Pharmaceuticals USA Inc.
00159,"Trividia Manufacturing Solutions, Inc"
00168,E. Fougera & Co. a division of Fougera Pharmaceuticals Inc.
00169,Novo Nordisk
00172,"Teva Pharmaceuticals USA, Inc."
00173,GlaxoSmithKline LLC
00178,Mission Pharmacal Company
00185,Sandoz Inc
00186,AstraZeneca Pharmaceuticals LP
00187,"Bausch Health US, LLC"
00206,"Wyeth Pharmaceuticals LLC, a subsidiary of Pfizer Inc."
00219,"Humphreys Pharmacal, Incorporated"
00220,BOIRON
00225,BF ASCHER AND CO INC
00228,"Actavis Pharma, Inc."
00234,Molnlycke Health Care
00245,"Upsher-Smith Laboratories, LLC"
00254,"Endo USA, Inc."
00259,"Merz Pharmaceuticals, LLC"
00264,B. Braun Medical Inc.
00268,"ALK-Abello, Inc."
00270,Bracco Diagnostics Inc
00273,"Young Dental Manufacturing Co 1, LLC"
00276,"Misemer Pharmaceuticals, Inc"
00280,Bayer HealthCare LLC
00281,Savage Laboratories a division of Fougera Pharmaceuticals Inc.
00283,"Beutlich Pharmaceuticals, LLC"
00295,"Denison Pharmaceuticals, LLC"
00299,"Galderma Laboratories, L.P."
00310,AstraZeneca Pharmaceuticals LP
00311,"Almay, Inc."
00316,Crown Laboratories
00322,"Merrick Medicine Company, Inc"
00327,"United-Guardian, Inc."
00338,Baxter Healthcare Corporation
00360,STANDARD HOMEOPATHIC COMPANY
00362,"Septodont, Inc."
00363,Walgreen Company
00374,"Lyne Laboratories, Inc."
00378,Mylan Pharmaceuticals Inc.
00394,Mericon Industries
00395,"Humco Holding Group, Inc."
00404,Henry Schein Inc.
00406,SpecGx LLC
00407,GE Healthcare Inc.
00409,"Hospira, Inc."
00430,"Allergan, Inc."
00456,"Allergan, Inc."
00469,"Astellas Pharma US, Inc."
00472,"Actavis Pharma, Inc."
00480,"Teva Pharmaceuticals USA, Inc."
00485,"EDWARDS PHARMACEUTICALS, INC."
00486,"Beach Products, Inc."
00487,Nephron Pharmaceuticals Corporation
00496,"Ferndale Laboratories, Inc."
00498,"Honeywell Safety Products USA, INC"
00517,"American Regent, Inc."
00519,STERIS Corporation
00527,"Lannett Company, Inc."
00536,RUGBY LABORATORIES
00548,"Amphastar Pharmaceuticals, Inc."
00555,"Teva Pharmaceuticals USA, Inc."
00562,Kedrion Biopharma Inc
00573,Haleon US Holdings LLC
00574,Padagis US LLC
00575,"Teva Pharmaceuticals USA, Inc."
00591,"Actavis Pharma, Inc."
00597,"Boehringer Ingelheim Pharmaceuticals, Inc."
00603,"Endo USA, Inc."
00615,"NCS HealthCare of KY, LLC dba Vangard Labs"
00641,Hikma Pharmaceuticals USA Inc.
00642,"Exeltis USA, Inc."
00682,"Marnel Pharmaceuticals, Inc."
00699,"Dentsply LLC. Professional Division Trading as ""Sultan Healthcare"""
00703,"Teva Parenteral Medicines, Inc."
00713,"Cosette Pharmaceuticals, Inc."
00761,"BASIC DRUGS, INC."
00777,Dista Products Company
00781,Sandoz Inc
00799,Calmoseptine Inc.
00802,"Humco Holding Group, Inc."
00832,"Upsher-Smith Laboratories, LLC"
00869,"Vi Jon, LLC"
00884,"Pedinol Pharmacal, Inc."
00904,Major Pharmaceuticals
00924,Acme United Corporation
00941,Vantive US Healthcare LLC
00942,"Fenwal, Inc."
00944,"Takeda Pharmaceuticals America, Inc."
00955,Sanofi-Aventis U.S. LLC
00990,ICU Medical Inc.
00998,"Alcon Laboratories, Inc."
10014,Aero All Gas Company
10018,"Air Products and Chemicals, Inc."
10019,Baxter Healthcare Corporation
10028,Ultraceuticals Pty Ltd
10056,Access Business Group LLC
10073,"Oz Arc/gas Equipment & Supply, Inc."
10094,Aquestive Therapeutics
10095,World Perfumes Inc
10096,The Avon Company
10107,Balassa Laboratories Inc.
10122,"Chiesi USA, Inc."
10129,Gingi-Pak a Division of the Belport
10135,Marlex Pharmaceuticals Inc
10144,"Merz Pharmaceuticals, LLC"
10147,Patriot Pharmaceuticals
10148,"CoTherix, Inc."
10157,Blistex Inc.
10167,Air Source Industries Inc
10189,Butler Gas Products Company
10202,"7-Eleven, Inc."
10210,"Carma Laboratories, Inc."
10218,"CEE-KAY SUPPLY, INC."
10221,"Central-McGowan, Inc."
10223,"Cetylite Industries, Inc."
10237,"Church & Dwight Co., Inc."
10258,COLONIAL DAMES CO LTD
10267,Contract Pharmacal Corp.
10297,"A-OX WELDING SUPPLY CO., INC."
10304,Delille Oxygen Company
10345,LABORATOIRES M&L
10348,"SMASHBOX BEAUTY COSMETICS, INC"
10356,Beiersdorf Inc
10361,"E-Z-EM, INC."
10370,"Endo USA, Inc."
10412,Flint Welding Supply Company
10451,General Distributing Co.
10454,"Solstice Neurosciences, LLC"
10511,Photocure Inc.
10526,"Haun Welding Supply, Inc."
10542,Hillestad Pharmaceuticals USA
10546,"Hobart Laboratories, Inc."
10564,Bershtel Enterprises
10565,Hydrox Laboratories
10572,"Affordable Pharmaceuticals, LLC"
10578,Indiana Botanic Gardens
10596,Kao USA Inc.
10599,"Intersect ENT, Inc."
10631,"Sun Pharmaceutical Industries, Inc."
10637,"Port Jervis Laboratories, Inc."
10690,"Depke Welding Supplies, Inc."
10702,"KVK-TECH, INC."
10733,"Medical Products Laboratories, Inc."
10736,"MEDICAL-TECHNICAL GASES, INC."
10738,Genuine Virgin Aloe Corporation
10742,The Mentholatum Company
10819,"Professional Disposables International, Inc."
10827,Yusef Manufacturing Laboratories
10866,"Pascal Company, Inc."
10882,JAR Laboratories
10893,"Nature's Innovation, Inc."
10927,PURITY CYLINDER GASES INC
10942,Raimy Corporation
10956,Reese Pharmaceutical Co
10967,Revlon Consumer Products Corp
11043,"S. J. Smith Co., Inc."
11045,SE Operations Pty Ltd
11054,"AIRGAS USA, LLC"
11056,South Jersey Welding Supply
11084,"SC Johnson Professional USA, Inc."
11086,Summers Laboratories Inc
11291,Dr. G. H. Tichenor's Antiseptic Company
11324,Linde Puerto Rico B.V.
11344,"Consumer Product Partners, LLC"
11383,"Weeks & Leo Co., Inc"
11401,"Hawaii Home Infusion Associates, Ltd."
11410,"Alchemee, LLC"
11429,Woodbine Products Company
11489,BCM Ltd
11509,Combe Incorporated
11523,Bayer HealthCare LLC
11527,Sheffield Pharmaceuticals LLC
11534,"SUNRISE PHARMACEUTICAL, INC."
11559,ESTEE LAUDER INC
11564,Fresno Oxygen & Welding Suppliers Inc
11584,El Dorado Distributors LLC
11673,Target Corporation
11701,"Coloplast Manufacturing US, LLC"
11704,Meridian Medical Technologies LLC
11716,Hanlim
11748,"P and J Oxyfill, LLC"
11788,"AiPing Pharmaceutical, Inc."
11797,Italfarmaco SPA
11822,Rite Aid Corporation
11853,Air Liquide Large Industries U.S. LP
11928,"Mada Medical Products, Inc."
11980,"Allergan, Inc."
11988,Lubbock Welding Supply
11993,"Dersan Pharmaceutical Co., Ltd"
11994,"Lantheus Medical Imaging, Inc."
11999,Welders Supply Company
12022,J. Strickland & Co.
12121,"Badger Welding Supplies, Inc."
12164,"Halocarbon Life Sciences, LLC"
12165,"GF Health Products, Inc."
12213,NexAir LLC
12258,S.S.S. Company
12496,Indivior Inc.
12539,DORAL PHARMAMEDICS INC dba A.G. Marin Pharmaceuticals
12546,Mondelez Global LLC
12745,Medical Chemical Corporation
12830,R.A. McNeil Company
12870,Arzol Chemical Company
13107,Aurolife Pharma LLC
13267,THE FEINSTEIN INSTITUTE FOR MEDICAL RESEARCH
13302,Romaine Companies
13411,"Advanced Pharmaceutical Services, Inc. Dba Affordable Quality Pharmaceuticals"
13517,"e5 Pharma, LLC"
13533,"GRIFOLS USA, LLC"
13548,"Bausch Health US, LLC"
13551,"Avadel CNS Pharmaceuticals, LLC"
13633,Mountaineer Home Medical LLC
13668,Torrent Pharmaceuticals Limited
13709,"NeilMed Pharmaceuticals, Inc."
13733,"Able C&C Co., Ltd."
13734,NARS Cosmetics
13811,"Trigen Laboratories, LLC"
13826,"Gallup Welders Supply, Inc."
13859,"Craig's Drug Store, Inc."
13913,"Assertio Therapeutics, Inc."
13925,Seton Pharmaceuticals
13985,MWI Veterinary Supply
14080,KTL&C LLC dba RX Positive Medical Supply
14141,Bel Star S.A.
14208,"California Tool and Welding Supply, LLC"
14214,Leading Respiratory Service Inc.
14222,Rodan & Fields
14268,"Englewood Lab, Inc."
14335,"Hainan Poly Pharm. Co., Ltd."
14403,"Hybio Pharmaceutical Co., Ltd. (Pingshan Factory)"
14445,Indoco Remedies Limited
14448,"BLUE SPRING WELLNESS, L.L.C."
14498,Maco Productions
14537,"Terumo BCT, Ltd."
14539,Heritage Pharmaceuticals Inc. d/b/a Avet Pharmaceuticals Inc.
14593,Emcure Pharmaceuticals Limited
14784,Quick-Fill Mobile Oxygen LLC
14789,Nexus Pharmaceuticals LLC
14803,Elysium Pharmaceutical Ltd
14961,"Haun Specialty Gases, Inc."
15013,"Sinol USA, Inc."
15014,"GENTEX PHARMA, LLC"
15054,"Ipsen Biopharmaceuticals, Inc."
15127,"L&R Distributors, Inc."
15370,"CarWin Pharmaceutical Associates, LLC"
15435,SLC Skincare
15547,Tri State Medical Supply
15579,"Bell Pharmaceuticals, Inc."
15631,"Rxhomeo Private Limited d.b.a. Rxhomeo, Inc"
15687,Big Branch Breeders Service
15751,Eminence Organic Skin Care
15955,Alembic Labs LLC
16030,Aurolab
16103,"Pharbest Pharmaceuticals, Inc."
16110,"Almirall, LLC"
16129,"Pharmalogic South Carolina, LLC"
16175,Calmar dba A&R Medical Supply
16252,"Teva Pharmaceuticals USA, Inc."
16477,"Laser Pharmaceuticals, LLC"
16496,"Image Supply, Inc."
16555,DARPHIN DIST.
16571,"Rising Pharma Holdings, Inc."
16714,NorthStar Rx LLC
16729,Accord Healthcare Inc
16781,"Bausch Health US, LLC"
16837,Kenvue Brands LLC
16864,"Advantice Health, LLC"
16913,"Advanced Medical Equipment, LLC"
17089,Guna spa
17139,"ASCEND Therapeutics U.S., LLC"
17156,Medi-Physics Inc. dba GE Healthcare.
17224,"Calvin Scott & Co., Inc."
17238,"HUB Pharmaceuticals, Inc."
17270,"Armstrong Pharmaceuticals, Inc."
17271,Becton Dickinson and Company
17312,TRP Company
17433,"Quest Products, LLC"
17518,Solventum US LLC
17575,AGL Inhalation Therapy Co.
17714,Advance Pharmaceutical Inc.
17772,Supernus Pharmaceuticals
17819,"Noble Gas Solutions, Inc."
17856,ATLANTIC BIOLOGICAS CORP.
18087,James D. Anderson
18124,Fresenius Kabi Austria GmbH
18482,Inland Welding Supply dba A-L Compressed Gases
18657,"Antares Pharma, Inc."
18949,HD Supply
19188,All Saints Healthcare
19218,"Anesthesia Service, Inc."
19515,ID Biomedical Corporation of Quebec
19979,MMC - Dickinson Home Medical Equipment
20146,SAMSON PHARMACEUTICAL
20175,"O2 for U, Inc."
20276,Delta Brands Inc.
20394,Care Line Industries
20479,Hometown Medical LLC
20703,General Welding Supply Corp.
20942,Peninsula Home Health Care
21130,"BETTER LIVING BRANDS, LLC"
21220,General Air Service & Supply Co
21221,General Cryogenic Technologies LLC
21586,SteriMax Inc.
21624,Island Supply Welding Co Inc
21724,"INDEPENDENCE PHARMACEUTICALS, LLC"
21749,"GOJO Industries, Inc."
21922,"Encube Ethicals, Inc."
22431,"Blue Cross Laboratories, Inc."
22557,AGP LLC
22700,Noxell Corporation
22840,"Greer Laboratories, Inc."
23155,Heritage Pharmaceuticals Inc. d/b/a Avet Pharmaceuticals Inc.
23359,"Centurion Labs, LLC"
23390,"Denman Services, Inc."
23594,"Aytu Therapeutics, LLC"
23635,SpecGx LLC
23647,"SYOXSA, Inc."
23648,Socoplan
23650,"New Bedford Welding Supply, Inc."
23667,"Formulated Solutions, LLC"
23731,Citra Labs LLC
24027,"Broadway Medical Service & Supply, Inc."
24075,CSPC Ouyi Pharmaceutical Co. Ltd
24201,Hikma Pharmaceuticals USA Inc.
24205,"UniPro Foodservice, Inc."
24208,Bausch & Lomb Incorporated
24275,UCSF Radiopharmaceutical Facility
24286,DLC laboratories Inc.
24312,"Airtec Gases, LLC"
24330,Welmedix LLC
24338,"Azurity Pharmaceuticals, Inc."
24357,Focus Health Group
24385,Amerrisource Bergen
24417,UIHC-P E T IMAGING CENTER
24450,"Brigham and Women's Hospital, Inc., The"
24470,"CINTEX SERVICES, LLC"
24478,"NextWave Pharmaceuticals, Inc"
24492,"Pari Respiratory Equipment, Inc."
24509,"Nippon Shikizai, Inc."
24510,"Collegium Pharmaceutical, Inc."
24559,"DermStore, LLC"
24562,Biomedical Research Foundation of Northwest Louisiana
24571,Vantive US Healthcare LLC
24584,Piramal Healthcare UK Limited
24658,PURACAP LABORATORIES LLC DBA BLU PHARMACEUTICALS
24689,APNAR PHARMA LP
24694,Greenville Truck and Welding Supplies LLC
24765,"Pharmacal-International. Co., Ltd."
24794,Crosstex International Inc.
24887,Superior Oxygen & Medical Equipment
24909,"Aidance Scientific, Inc., DBA Aidance Skincare & Topical Solutions"
24979,"Upsher-Smith Laboratories, LLC"
25000,MARKSANS PHARMA LIMITED
25010,"Bausch Health US, LLC"
25021,Sagent Pharmaceuticals
25047,"DMG AMERICA, LLC"
25113,Dodge
25208,Medicure International Inc
25280,"Loesch Laboratory Consultant, INC."
25357,Glaukos Corporation
25682,Alexion Pharmaceuticals Inc.
26050,PT. GALENIUM PHARMASIA LABORATORIES
26052,"BURT'S BEES, INC."
26550,X3 Labs Inc.
26866,Bandy's Pharmacy
27017,Xlear Inc.
27241,Ajanta Pharma USA Inc.
27281,Sunway Biotech LLC
27437,"Lupin Pharmaceuticals,Inc."
27495,Physicians Science & Nature Inc.
27505,"MDD US Operations, LLC"
27561,Elixair Medical Inc
27789,"PHI, Inc"
27808,"Cranbury Pharmaceuticals, LLC"
27854,Belmora LLC
27860,AEROSPACE ACCESSORY SERVICE
28105,"HILL DERMACEUTICALS, INC."
28595,"Allegis Pharmaceuticals, LLC"
28691,Pharmaplast SAE
29033,"Nostrum Laboratories, Inc."
29149,"Landmark Healthcare, Inc."
29181,Star Valley Medical Supply
29300,"Unichem Pharmaceuticals (USA), Inc."
29485,"Lil' Drug Store Products, Inc."
29784,"Rooftop Consumer Health, Inc."
29943,Bausch & Lomb Incorporated
29978,"Capital Pharmaceutical, LLC"
29998,Kettering Medical Center
30056,"Eco-Logics, Inc."
30142,Kroger Co
30237,Dendreon Pharmaceuticals LLC
30400,Jell Pharmaceuticals Pvt. Ltd.
30698,Validus Pharmaceuticals LLC
30798,"Durvet, Inc."
30805,"Buckeye International, Inc."
30807,Wild Child Laboratories PTY Ltd
30815,Dermavance Pharmaceuticals
31462,Hometown Medical LLC
31507,"Wechem, Inc."
31720,S+
31722,"Camber Pharmaceuticals, Inc."
03215,"Aveva Drug Delivery Systems, Inc."
32472,Premiere Enterprises
32909,"E-Z-EM, INC."
33217,"TIANJIN DARENTANG JINGWANHONG PHARMACEUTICAL CO., LTD."
33332,Seqirus PTY LTD.
33335,"WELSCO, INC."
33342,Macleods Pharmaceuticals Limited
33346,Mayway Corporation
33758,"Modern Supply Company, Inc."
33992,"ASSURED / DOLLAR TREE (Greenbrier International, Inc.)"
34057,"Oxarc, LLC"
34362,Caldwell Consumer Health LLC
34645,"Jianerkang Medical Co., Ltd"
34666,NARTEX LABORATORIOS HOMEOPATICOS SA DE CV
34908,"Novast Laboratories, Ltd."
35000,Colgate-Palmolive Company
35192,CA-BOTANA INTERNATIONAL
35324,WynnPharm Inc
35356,Lake Erie Medical DBA Quality Care Products LLC
35369,"Shandong Anxin Pharmaceutical Co., Ltd."
35418,Zee Medical
35420,"Smith's Home Medical Equipment, Inc."
35484,"DelCorean, LLC"
35561,AustarPharma LLC
35573,"Burel Pharmaceuticals, LLC"
35916,Softgel Healthcare Private Limited
36000,Baxter Healthcare Corporation
36800,Topco associates LLC
37000,The Procter & Gamble Manufacturing Company
37012,"Shopko Stores Operating Co., LLC"
37662,"Hahnemann Laboratories, INC."
37808,H.E.B.
37835,BI-MART
37945,Bio-Medical & Pharmaceutical Manufacturing Corporation
39328,"Patrin Pharma, Inc"
39822,"XGen Pharmaceuticals DJB, Inc."
39892,"O&M HALYARD, INC."
40028,"PETNET Solutions, Inc."
40032,"Novel Laboratories, Inc."
40033,"Kindos Pharmaceuticals Co., Ltd."
40046,MAKEUP ART COSMETICS
40054,Northeast Home Medical Supplies Inc.
40089,The Johns Hopkins University
40096,"W.W. GRAINGER, INC."
40097,"Diamond Respiratory Care, Inc."
40098,Trustees of the University of Pennsylvania
40171,Bausch & Lomb Incorporated
41163,"United Natural Foods, Inc. dba UNFI"
41167,"Chattem, Inc."
41190,Wakefern Food Corp
41226,Kroger Co
41250,"Meijer Distribution, Inc."
41366,"Zhejiang Meimi Technology Co., Ltd."
41415,Publix
41520,American Sales Company
42007,Memorial Health System of East Texas dba Memorial Medical Center East Texas
42023,"Endo USA, Inc."
42068,Jackson Welding Supply Co Inc.
42126,"OASIS Medical, Inc."
42139,"Seaboard Welding Supply, Inc."
42192,"Acella Pharmaceuticals, LLC"
42195,"Xspire Pharma, LLC"
42199,Beyond International Inc.
42221,Art Cosmetics Srl
42227,"Takeda Pharmaceuticals America, Inc."
42239,"Abon Pharmaceuticals, LLC"
42241,"- INDUSTRIAL WELDING SUPPLY CO. OF HARVEY, INC."
42281,BODY HALO LLC
42291,AvKARE
42292,Mylan Institutional Inc.
42326,Petra Hygienic Systems Int Ltd
42333,"Laboratorios Dr. Collado, S.A."
42338,"Extra Shade, LLC"
42339,"Shandong Haiyan Medical Manufacture Co., Ltd."
42346,Wise Consumer Products
42358,"Sentynl Therapeutics, Inc."
42364,"DSE Healthcare Solutions, LLC"
42367,"Eagle Pharmaceuticals, Inc"
42385,Laurus Labs Limited
42388,"Exelixis, Inc."
42389,Carepro Health Risk Management
42423,"MHC Medical Products, LLC"
42457,"Emmaus Medical, Inc."
42472,Aramis Inc.
42485,"Biopelle, Inc."
42491,Dalim Tissen
42494,"Cameron Pharmaceuticals, LLC"
42507,Hy-Vee
42508,"Arbonne International, LLC"
42509,Wessco International
42515,Valneva Scotland Ltd.
42523,"Coastal Contract Packaging, Inc."
42543,Strides Pharma Inc.
42555,Colgate-Palmolive (Thailand) Limited - Branch
42571,Micro Labs Limited
42582,Bi-Coastal Pharma International LLC
42584,"Home Depot U.S.A., Inc."
42602,"Norco, Inc."
42627,"Kingdom Animalia, LLC DBA Hourglass Cosmetics"
42658,"Hisun Pharmaceuticals USA, Inc."
42667,Acerus Pharmaceuticals Corporation
42669,"Davion, Inc"
42673,"Episciences, Inc."
42677,"Shandong New Time Pharmaceutical Co., Ltd."
42681,"Whole Foods Market, Inc."
42689,"Nortec Development Associates, Inc."
42702,"Paragon BioTeck, Inc."
42708,QPharma Inc
42731,"Nenningers Naturals, LLC"
42747,"Kyowa Kirin, Inc."
42751,FULLERTON WELDING SUPPLY
42756,IQ Dental
42794,"Sigmapharm Laboratories, LLC"
42799,Edenbridge Pharmaceuticals LLC.
42806,"Epic Pharma, LLC"
42808,"Exact-Rx, Inc."
42809,Express Medical Inc
42821,T & C Flynn's Pharmacy Inc
42829,"ASCENT CONSUMER PRODUCTS, INC."
42847,Currax Pharmaceuticals LLC
42851,"ZO Skin Health, Inc."
42858,Rhodes Pharmaceuticals L.P.
42887,"North Central Respiratory, Inc"
42893,Chantecaille Beaute Inc
42913,"A.P. Deauville, LLC"
42914,"Aspen Air U.S., LLC"
42939,"AVA, Inc."
42961,Cintas Corporation
43014,Laboratoire Unither
43063,"PD-Rx Pharmaceuticals, Inc."
43066,Baxter Healthcare Corporation
43068,Vanda Pharmaceuticals Inc.
43097,People's Janitorial Supply
43115,Niadyne Inc
43116,"Shenzhen Shierjie Biological Engineering Co., LTD"
43128,"NDC, Inc."
43136,"Tai Guk Pharm. Co., Ltd."
43203,"Arteriocyte Medical Systems, Inc."
43251,LaCorium Health USA Inc.
43305,Pearson Dental Supplies INC.
43319,Zero to Seven Inc.
43337,"Chang Kuo Chou Pharmaceutical Co., Ltd."
43347,Derma Wise Skin Care Ltd.
43353,"Aphena Pharma Solutions - Tennessee, LLC"
43374,Delta Foremost Chemical Corporation
43376,"UCB, Inc."
43386,"Lupin Pharmaceuticals,Inc."
43393,"GenBioPro, Inc."
43405,Borden Company (Private) Limited
43406,"Natural Creations, Inc."
43419,Amorepacific Corporation
43473,Nantong Health & Beyond Hygienic Products Inc.
43479,"Kate Somerville Skincare, LLC"
43485,"Aprecia Pharmaceuticals, LLC"
43493,Avaria Health & Beauty Corp
43498,Burkhart Dental Supply Inc
43526,"Inel Cosmetics Co., Ltd."
43528,Dynavax Technologies Corporation
43538,"Medimetriks Pharmaceuticals, Inc."
43547,Solco Healthcare US LLC
43598,Dr.Reddys Laboratories Inc
43602,Ascent Pharmaceuticals Inc
43621,"DJB Gas Services, Inc"
43624,BSP Pharmaceuticals SpA
43674,Summit Biosciences Inc
43689,The Magni Company
43695,"Global Naturals, Inc."
43713,Trico Oxygen
43742,"Deseret Biologicals, Inc."
43749,"Unipack, Inc."
43817,Panacea Biotec Limited
43825,Mallinckrodt Hospital Products Inc.
43846,"Peaceful Mountain, Inc."
43853,ProBLEN
43857,"BioActive Nutritional, Inc."
43975,"ANI Pharmaceuticals, Inc."
44038,"Accupac, LLC"
44076,American Welding & Gas
44087,"EMD Serono, Inc."
44099,21st Century Formulations
44117,Zoe Processing
44118,"Eckson Labs, LLC"
44119,"Peachtree Playthings, Inc."
44183,"Currax Pharmaceuticals LLC dba Cypress, Hawthorn, Macoven"
44206,CSL Behring AG
44224,Tender Corporation
44356,Dona Ana Medical Supply
44363,Institutional Care Pharmacy
44385,"Nice-Pak Products, Inc."
44517,Corrigan Propane LLC dba Blue Water Industrial Products
44523,"BioComp Pharma, Inc."
44567,"WG Critical Care, LLC"
44577,Clinical Therapeutic Solutions
44647,Savior Lifetec Corporation
44668,"H & H Drug Stores Inc., DBA Western Drug Medical Supply"
44717,"Wasatch Product Development, LLC."
44911,"Energique, Inc."
44924,BABOR Cosmetics America Corp
45043,"Manchester Pharmaceuticals, LLC"
45146,Pierrel S.p.A.
45149,Messer Merchant Production LLC
45334,"Pharmaceutical Specialties, Inc."
45341,Todd Horton DPM
45545,"InHome Oxygen & Medical Supplies, Inc."
45548,Jubilant Draximage (USA) Inc.
45567,"Sun Pharmaceutical Industries, Inc."
45591,"Pierson Laboratories, Inc."
45629,"AVEO Pharmaceuticals, Inc."
45728,Oakhurst Company
45737,Advanced Generic Corporation
45802,Padagis Israel Pharmaceuticals Ltd
45861,"Pharmaceutica North America, Inc."
45865,Medsource Pharmaceuticals
45942,GIOVANNI COSMETICS INC
45963,"Actavis Pharma, Inc."
46007,Skin Authority LLC
46063,"Midas-Care Pharmaceuticals, Pvt. Ltd"
46122,Amerisource Bergen
46123,"Roberts Oxygen Company, Inc."
46163,"Fresenius Medical Care de Mexico, S.A. de C.V."
46287,"CMP Pharma, Inc."
46362,"Red Ball Oxygen Co., Inc."
46414,James Alexander Corporation
46581,"Hisamitsu Pharmaceutical Co., Inc."
46672,"Mikart, LLC"
46708,Alembic Pharmaceuticals Limited
46783,"Merz North America, Inc."
46994,"SAVE-A-LOT FOOD STORES, LTD."
47124,WEGMANS FOOD MARKETS INC
47219,Nutra Pharma Corporation
47335,"Sun Pharmaceutical Industries, Inc."
47426,"Heron Therapeutics, Inc."
47444,Bejing Rimeng Biological Technology Co Ltd
47593,Ecolab Inc.
47632,O.E. Meyer Company
47682,Unifirst First Aid Corporation
47781,Alvogen Inc.
47783,"Takeda Pharmaceuticals America, Inc."
47832,Bentlin Products LLC
47918,Mannkind Corporation
47993,"NINGBO JIANGBEI OCEAN STAR TRADING CO.,LTD"
48102,"Fera Pharmaceuticals, LLC"
48201,"GRANDALL DISTRIBUTING, LLC"
48256,HOE HIN PAK FAH YEOW MANUFACTORY LTD
48273,Keen Compressed Gas Co. Inc.
48324,Unlimited Sales
48404,Prefense LLC
48433,"Safecor Health, LLC"
48546,Indiana Oxygen Company Inc
48599,"Airweld, Inc"
48663,Respiratory Medical Services
48783,Premier Dental Products Company
48815,"Cardinal Health 418, Inc"
48848,"Strate Welding Supply Co, Inc."
48878,Solventum US OpCo LLC
48951,Uriel Pharmacy Inc
49035,WalMart
49204,"HARTMAN BROTHERS, INC."
49215,Safe Anabolic Sciences
49221,"Strate Welding Supply Co, Inc."
49230,Fresenius Medical Care North America
49252,Inventia Healthcare Limited.
49281,Sanofi Pasteur Inc.
49283,Chemco Corporation
49295,Oxylife Nutritional Supplements Inc
49309,"The Parthenon Co., Inc."
49314,Unishield
49315,Zydus Lifesciences Limited
49344,"Westmoreland Medical Equipment, Inc."
49348,Strategic Sourcing Services LLC
49351,Essity Professional Hygiene North America LLC
49354,"HK Kolmar Canada, Inc"
49358,MDSolarSciences
49396,Renaissance Lakewood LLC
49401,GlaxoSmithKline LLC
49404,"Have & Be Co., Ltd."
49406,The Tetra Corporation
49415,"Maximum Results Solution, Inc."
49436,PURKLENZ FORMULATIONS INC.
49479,Linde Canada Inc.
49483,"TIME CAP LABORATORIES, INC."
49496,American Compressed Gases Inc.
49502,Viatris Specialty LLC
49514,Staples
49527,CLINIQUE LABORATORIES LLC
49546,"Ivy-Dry, Inc."
49557,"Janisource, LLC"
49575,Machine & Welding Supply Company dba Arc3 Gases South
49580,"P & L Development, LLC"
49589,Izun Pharmaceutical Corporation
49591,Kamada Ltd.
49609,SOFIE Co. dba SOFIE
49631,"OHTA'S ISAN CO.,LTD."
49638,"America Medic & Science, LLC"
49643,"Allermed Laboratories, Inc."
49644,Terry Supply Company Inc
49653,Superior Welding Supply Co
49687,CMC Group Inc.
49696,"Oxygen Service Company, Inc"
49698,CODAA Switzerland AG
49702,ViiV Healthcare Company
49708,"Sun Pharmaceutical Industries, Inc."
49738,SMART SENSE (KMART)
49758,"Dermabon de Chihuahua, S.A. de C.V."
49766,"Max's Breathe Easy Gases & Supplies, Inc."
49770,Alpha Oxy-Med LLC
49771,Mobius Therapeutics LLC
49798,James Oxygen and Supply Company
49799,"Medical Equipment and Supplies of America, LLC"
49817,Guerlain
49825,Bioelements
49873,"Sato Pharmaceutical Co., Ltd."
49884,"Endo USA, Inc."
49892,"Sandco International, Inc"
49908,CALL INC. (dba Rochester Pharmaceuticals)
49911,"Universal Companies, Inc."
49944,I.D.M. Medical Supply Company Inc.
49947,HUSH Anesthetic
49967,L'Oreal USA Products Inc
49973,"i-Health, Inc."
49991,SPECIALITY COSMETICS POLI
49999,Quality Care Products LLC
50017,Neat Feat Products Limited
50021,Empack Spraytech Inc.
50063,"Andy-Oxy Co., Inc."
50066,Genomma Lab USA
50072,"SIGA Technologies, Inc."
50090,A-S Medication Solutions
50102,"Afaxys Pharma, LLC"
50111,"Teva Pharmaceuticals USA, Inc."
50114,MediNatura Inc
50130,Electrostim Medical Services Inc. d/b/a EMSI
50153,Island Equipment Company
50164,Sago Natural Products
50181,The Wellness Center
50184,"Philosophy, Inc."
50201,Tower Laboratories Ltd
50222,"LEO Pharma, Inc"
50227,Patterson Dental
50228,ScieGen Pharmaceuticals Inc
50231,Natureteq Inc.
50241,Morgan Gallacher Inc.
50242,"Genentech, Inc."
50254,Beaver Research Company
50261,Mayne Pharma LLC
50268,AvPAK
50269,"JC World Bell Wholesale Co., Inc."
50289,Birchwood Laboratories LLC
50322,C & C Oxygen Company
50332,HART Health
50383,Akorn
50390,Amway Corp
50402,Meridian Bioscience Israel Ltd
50405,"SOHM, Inc"
50419,Bayer HealthCare LLC
50428,Dorel Juvenile Inc.
50438,Filo America
50458,Janssen Pharmaceuticals Inc.
50474,"UCB, Inc."
50484,"SMITH & NEPHEW, INC"
50486,"Blairex Laboratories, Inc."
50488,"Alexso, Inc"
50493,Service Drug
50505,"James Supplies, L.L.c"
50517,All-Weld Products Corp dba All-Weld Products Group
50536,AMERICAN CHEMICAL AND SANITARY SUPPLY INC
50552,"Tongling Jieya Biological Technology Co., Ltd."
50554,"DuPuy Oxygen & Supply Company, Inc."
50555,"KMPHARMACEUTICAL CO.,LTD"
50564,"Jerome Stevens Pharmaceuticals, Inc."
50580,Kenvue Brands LLC
50594,"Big Lots Stores, Inc."
50632,Bavarian Nordic A/S
50633,BTG International Inc.
50663,HENKEL US OPERATIONS CORPORATION
50685,Dalian Goodwood Medical Care Ltd.
50699,Atlas Welding Supply Co Inc
50718,Kamedis
50728,"Eycnan, LLC"
50742,"Ingenus Pharmaceuticals, LLC"
50771,"Yaopharma Co., Ltd."
50804,"Geiss, Destin and Dunn"
50809,Abilene Oxygen Inc.
50814,"GFA Production (Xiamen) Co., Ltd."
50844,"L.N.K. International, Inc."
50845,"Liddell Laboratories, Inc."
50865,KUTOL PRODUCTS COMPANY
50881,Incyte Corporation
50914,"Iso-Tex Diagnostics, Inc."
50967,WOMENS CHOICE PHARMACEUTICALS LLC
50980,Ben E. Keith
50991,"Poly Pharmaceuticals, Inc."
50996,"Smith's Drugs fo Forest City, Inc. dba Smith Drugs"
51009,"Tom's of Maine, Inc."
51012,Gilmore Liquid Air Co.
51013,PuraCap Pharmaceutical LLC
51027,"KINKANDO CO., LTD ."
51028,Links Medical Products
51042,Performance Food Group
51048,"Omega & Delta Co., Inc."
51051,Atlas Welding Supply Co Inc
51060,"Tarte, Inc"
51072,Jefferson Labs
51079,Mylan Institutional Inc.
51105,Wilson Products Compressed Gas Co.
51117,"Beauty Solutions, Ltd."
51142,ASO LLC
51143,The Great Atlantic & Pacific Tea Company
51144,SEAGEN INC.
51150,SICOS ET CIE
51151,Pedicis Research LLC
51167,Vertex Pharmaceuticals Incorporated
51194,Calox Inc
51206,"Ultradent Products, Inc"
51224,"TAGI Pharma, Inc."
51239,ITW Pro Brands
51248,"Astellas Pharma US, Inc."
51267,Nalpropion Pharmaceuticals LLC
51285,Teva Women's Health LLC
51293,"ECI Pharmaceuticals, LLC"
51316,CVS
51319,Apria Healthcare LLC
51326,"Topiderm, Inc."
51346,"NATURE REPUBLIC CO., LTD."
51352,DONGWHA PHARM. CO. LTD.
51367,"Internationa Nature Nutraceuticals, Inc"
51376,Blessings International
51386,Napoleon PerdisCosmetic Pty Ltd
51393,Forces of Nature
51400,"MID-SOUTH WELDING SUPPLY, INC."
51407,"Golden State Medical Supply, Inc."
51452,Fabrication Enterprises
51457,Theraplex Solutions
51467,FORTUNE PHARMACAL COMPANY LIMITED
51475,"Baird Respiratory Therapy, Inc."
51486,ILMO Products Company
51511,ASO Pharmaceutical Co. Ltd.
51514,"Autumn Harp, Inc."
51525,Mylan Pharmaceuticals Inc.
51531,Mary Kay Inc.
51543,"Yangzhou Safepure Daily Chemical Cleaning Products Co.,ltd."
51621,"GOWOONSESANG COSMETICS CO., LTD."
51628,"My Imports Usa, LLC"
51655,"Northwind Pharmaceuticals, LLC"
51660,Ohm Laboratories Inc.
51662,"HF Acquisition Co LLC, DBA HealthFirst"
51672,"Sun Pharmaceutical Industries, Inc."
51754,"Exela Pharma Sciences,LLC"
51759,"Teva Pharmaceuticals USA, Inc."
51785,Herbalife International of America Inc.
51791,"Eastern Welding Supply, Inc."
51801,Nomax Inc.
51803,Anbex Inc.
51810,"Qilu Antibiotics Pharmaceutical Co., Ltd."
51811,"HPC Ventures, LLC"
51817,Pharmascience Inc.
51822,Clinical Formula LLC
51824,"New World Imports, Inc"
51861,"USANA Health Sciences, Inc."
51862,Mayne Pharma LLC
51870,Keefe Group
51879,"Tec Laboratories, Inc."
51885,Biologische Heilmittel Heel
51887,Maine Oxy-Acetylene Supply Company
51956,Zydus Lifesciences Limited
51960,Kent Welding Supply
51990,"Yabao Pharmaceutical Co., Ltd. Beijing"
51991,Breckenridge Pharmaceutical Inc
51996,"Mississippi Welders Supply Company, Inc."
52000,Universal Distribution Center LLC
52003,Messer Canada Inc.
52015,Merck Sharp & Dohme LLC
52031,Reckitt Benckiser (UK) Ltd.
52053,"PharmaCare US, Inc."
52063,GSCM Ventures Inc. DBA Revitol
52083,KRAMER NOVIS
52085,"ANALGESIC SERVICES, INC."
52086,Helget Gas Products
52166,Natural Immunogenics Corp.dba SOVEREIGN NATURALS
52183,"Prestige Brands Holdings, Inc."
52187,"KMM Pharmaceuticals, LLC"
52220,"Gordon Food Service, Inc."
52241,Greenstone Pharmaceutical Inc.
52242,Doyle's Medical Supply LLC
52244,"Endo USA, Inc."
52246,ParaPRO LLC
52257,"ATOMY CO., LTD."
52261,"Cosco International, Inc."
52268,"Braintree Laboratories, Inc."
52272,"Albright Welding Supply Co., Inc."
52276,Recordati Rare Diseases
52279,"Wesco Gas & Welding Supply, Inc."
52301,Dee Cee Laboratories
52305,Freshorize LLC
52311,Ironwood Clay Company Inc.
52316,DSC Laboratories Inc.
52358,Olen Skin Care Corporation
52374,"Messer Gas Puerto Rico, Inc"
52380,"Aplicare Products, LLC"
52389,"Kobayashi Healthcare International, Inc."
52410,SHIELD LINE LLC
52412,"Randob Labs,Ltd."
52422,"Cambridge Sensors USA, LLC"
52427,Almatica Pharma LLC
52438,Messer LLC
52456,Rodial Ltd.
52481,Genesis Respiratory Services
52489,"Imperial Palace Commodity(shenzhen)CO.,LTD"
52494,Method Products Inc.
52503,San’Up
52536,Wilshire Pharmaceuticals
52544,"Actavis Pharma, Inc."
52554,CMS LAB Inc.
52563,T.W. Smith Corp.
52568,"Crumpton Welding Supply & Equipment, Inc."
52584,"General Injectables & Vaccines, Inc"
52605,POLYGEN PHARMACEUTICALS INC.
52642,BestCo Inc.
52651,Dickinson Brands Inc.
52652,"Azurity Pharmaceuticals, Inc."
52654,Chi Research Inc
52658,"Citius Pharmaceuticals, Inc."
52667,Purity Cosmetics
52670,Mayo Clinic
52695,"Humphries, Inc."
52698,"Bill Munn Supply, Inc."
52709,"ALK-Abello, Inc."
52747,U.S. PHARMACEUTICAL CORPORATION
52768,"Precision Nuclear, LLC"
52796,"BonGeo Pharmaceuticals, Inc."
52817,TruPharma LLC.
52854,"Tropical Seas, Inc."
52856,PTC Therapeutics Inc.
52862,Home Smart Products
52915,ORGANIC & SUSTAINABLE BEAUTY
52920,Singhfam Corporation
52937,Amarin Pharma Inc.
52958,"Hainan Shuangcheng Pharmaceuticals Co., Ltd."
52982,"Dixon Investments, Inc."
52993,"Zinka, Inc."
53020,"Baradaina, LLC"
53041,Guardian Drug Company
53045,"Dharma Research, Inc."
53097,"ThePharmaNetwork, LLC"
53113,"GADAL Laboratories, Inc"
53117,First Aid Direct
53118,Precare Corp
53125,Superior Chemical Corporation
53145,"Menper Distributors, Inc."
53163,Alternative Pharmacal Corporation
53175,"Dyad Medical Sourcing, LLC"
53185,"Athlete's Needs, Inc."
53205,D-COL Inc
53208,LG HOUSEHOLD & HEALTH CARE LTD.
53209,Morning Star OTC
53225,Terrain Pharmaceuticals
53238,PERIOSCIENCES LLC
53247,Bob Barker Company Inc.
53329,"Medline Industries, LP"
53341,CCP Industries
53345,"Humanwell PuraCap Pharmaceutical (Wuhan), Ltd."
53405,"InLight Creation, LLC."
53407,"Solazyme, Inc."
53425,"IWS Gas and Supply of Texas, LTD"
53436,"Vifor Pharma, Inc."
53440,"Westair Gases & Equipment, Inc."
53451,"Azurity Pharmaceuticals, Inc. (formerly Arbor Pharmaceuticals)"
53452,"Dale Oxygen And Acetylene Service, Inc"
53462,Sage Products LLC
53489,"Sun Pharmaceutical Industries, Inc."
53499,Schwabe North America
53511,Volunteer Welding Supply Inc
53554,AMRUTANJAN HEALTH CARE LIMITED
53567,"Robell Research, Inc"
53590,Xerion Dispensary Ltd.
53622,"Regional Home Care, Inc."
53634,Malin and Goetz Inc
53645,"True Botanica, LLC"
53663,Adventist Health Sonora dba Adventist Health Oxygen & Medical Supply
53675,Aruba Aloe Balm NV
53683,Medox Corporation
53720,"Dennis Welding Supply, Inc."
53727,"COSMECCA KOREA CO., LTD"
53729,"BUCKEYE WELDING SUPPLY COMPANY, INC."
53730,Clovis Equipment & Supply Company
53746,Amneal Pharmaceuticals of New York LLC
53747,"Unichem Laboratories Limited, India"
53755,Flageoli Limited
53777,Thompson Brothers Supplies Inc
53799,Similasan AG
53809,Domel Laboratories
53835,Heckman Healthcare Service & Supplies Inc.
53863,"Exelencia Importers, Corp."
53877,Terumo Corporation
53897,Highland Consumer Products
53942,"DEMOULAS SUPER MARKETS, INC"
53943,Discount Drug Mart
53950,"Robanda International, Inc."
53952,"Cole Care, Inc."
53991,"Southern Gas and Supply of Mississippi, Inc."
53997,Lansinoh Laboratories Inc
54031,"Peter Thomas Roth Labs, LLC"
54057,"Afflink, Inc."
54092,"Takeda Pharmaceuticals America, Inc."
54108,derma e
54111,"Bentley Laboratories, LLC"
54123,"Orexo US, Inc."
54131,"Del Rio Welders Equipment, Inc."
54136,Better Planet Brands LLC
54146,Natural Wonders
54155,PO SUM ON MEDICINE FACTORY LIMITED
54162,Geritrex LLC
54181,Guinot
54202,All Saints Home Medical
54218,"United States Welding, Inc."
54230,Factors Group of Nutritional Products
54244,"CONROE WELDING SUPPLY, INC."
54257,"Magno-Humphries, Inc."
54260,Nitrous Oxide
54273,"Kobayashi Healthcare International, Inc."
54288,BPI Labs LLC
54291,Canadian Custom Packaging Company
54295,"Trinity Pharmaceuticals, LLC"
54305,Ricola Ag
54312,"Compania Internacional de Comercio, S.A.P.I de C.V."
54316,"Youngstown Oxygen & Welding Supply, Inc."
54323,Flanders Inc
54340,Henkel Corporation
54348,"PharmPak, Inc."
54361,"Price & Novelties, Inc"
54365,CareFusion 213 LLC
54384,"American Oxygen Company, Inc"
54394,"Thermo-Pak Company, Inc."
54414,Dermatone Labs LLC
54436,"Antares Pharma, Inc."
54451,Baker's Gas & Welding Supplies Inc.
54473,"Melaleuca, Inc."
54482,"Leadiant Biosciences, Inc."
54528,"Commonwealth Home Health Care, Inc."
54532,Hevert Arzneimittel GmbH & Co KG
54565,"KDC/One Development Corporation, Inc."
54622,Georgia Pacific Consumer Products
54629,National Vitamin Company
54633,The Podiatree Company
54638,"ParaDocs All Natural, Inc."
54643,Sandoz Inc
54706,Garrett County Memorial Hospital
54723,"Sambria Pharmaceuticals, LLC"
54738,"Richmond Pharmaceuticals, Inc."
54748,"EO Products, LLC"
54766,Sebela Pharmaceuticals Inc.
54767,Shaw Oxygen Company Inc
54799,OCuSOFT INC.
54828,"Life Molecular Imaging, Ltd"
54832,"West Plains Health Service, Inc. dba Ozarks Healthcare Medical Equipment"
54838,"Lannett Company, Inc."
54859,Llorens Pharmaceutical International Division
54860,"Shenzhen Lantern Science Co.,Ltd."
54879,STI Pharma LLC
54897,"Laclede, Inc."
54932,"BioRamo, LLC"
54973,Hyland's Inc.
55037,"Matheson Tri-Gas, Inc."
55038,TELEVISA CONSUMER PRODUCTS USA
55050,"Holston Gases, Inc."
55111,Dr. Reddy's Laboratories Limited
55118,Kimberly-Clark Corporation
55127,Thumb Welding Supplies Inc
55128,Terre Haute Home Health Care Products dba Anderson's Medical Products
55135,"Gilead Sciences, Inc."
55146,Biotics Research Corporation
55147,Minneapolis Oxygen Company
55150,Eugia US LLC
55151,"E-Z Oxygen LLC, dba AO2"
55154,"Cardinal Health 107, LLC"
55165,Juice Beauty
55239,Kleen Test Products Corporation
55253,CIMA LABS INC.
55259,"Apexel Co., Ltd"
55264,"Sinsin Pharmaceutical Co., Ltd."
55287,Green Choice for Life
55289,"PD-Rx Pharmaceuticals, Inc."
55292,Recordati Rare Diseases
55301,Military Exchanges
55305,Aero Healthcare US LLC
55315,"FRED'S, INC."
55319,"Family Dollar Services, Inc"
55322,Diamond Drugs Inc. dba Diamond Medical Supply
55328,"Hisamitsu America, Inc."
55330,Institute for Wholistic Rejuvenation
55346,"Dental Technologies, Inc."
55404,"Lessors, Incorporated"
55443,"METREX RESEARCH, LLC"
55465,Ivey Industries
55466,"Neolpharma, Inc."
55488,Changzhou Pharmaceutical Factory
55494,"Duchesnay USA, Inc."
55505,Kramer Laboratories
55513,Amgen Inc
55528,Alpha-H
55550,Total Resources International
55560,Andalou naturals
55566,Ferring Pharmaceuticals Inc.
55579,Solupharm Pharmazeutische Erzeugnisse GmbH
55614,MADISON ONE ACME INC
55621,"Zhejiang Jingwei Pharmaceutical Co., Ltd."
55629,ONE2ZEE LIMITED LIABILITY COMPANY
55636,Absorption
55651,"KC Pharmaceuticals, Inc."
55681,"TWIN MED, LLC"
55695,"STATE HEALTH SERVICES, TEXAS DEPARTMENT OF"
55700,Lake Erie Medical DBA Quality Care Products LLC
55711,"Lofthouse of Fleetwood, Ltd."
55714,"Newton Laboratories, Inc."
55715,Laboratorios Zepol S.A.
55724,Pfizer Laboratories Div Pfizer Inc
55728,"A&B Welding Supply, LLC"
55741,Dr. Reddy's Laboratories Limited
05575,Ecumed Inc dba Aronson Medical
55758,Pharmadel LLC
55785,"Apache Oxy-Med, Inc."
55789,Mineral Fusion
55792,"Lukare Medical, LLC"
55801,Appco Pharma LLC
55814,DR. BRONNER'S MAGIC SOAPS
55858,Augusta Health dba Care Home Medical
55873,J.M. Murray Center Inc.
55882,Hello Products LLC
55910,Dolgencorp LLC
55913,"Pulmonaire Service, Inc."
55926,"Speer Laboratories, LLC"
55959,BENARD INDUSTRIES INC
56062,Publix Super Markets
56104,Premier Brands of America Inc.
56130,"All Gas & Welding Supplies Co., Inc."
56131,RD Food Service DBA Restaurant Depot
56136,"Ganzhou Olivee Cosmetic Co., Ltd."
56152,Cosmetic Enterprises LTD
56153,Ming Fai Industrial (Shenzhen) Co. Ltd
56194,"Giant Eagle, Inc."
57237,"Rising Pharma Holdings, Inc."
57243,Salado Sales Inc
57287,"Jernigan Healthcare, Inc."
57297,LUPIN LIMITED
57337,"Rejoice International, Inc."
57344,"AAA Pharmaceutical, Inc."
57348,Health Plus Inc.
57349,Eyes-Plus LLC
57362,Innovative BioDefense
57366,"MedQuest, Inc."
57424,Economical Janitorial Supplies
57439,Rotech Healthcare Inc
57483,"Innovus Pharmaceuticals, Inc."
57501,"Apex International Mfg., LLC"
57511,Elevate Oral Care
57516,Fisher Clinical Services Inc.
57524,"Kantian Skincare, LLC"
57538,LEUNG KAI FOOK MEDICAL CO PTE LTD
57554,"Progressive Doctors, LLC"
57556,Historical Remedies LLP
57577,Milbar Laboratories
57582,"Tianjin Tianyao Pharmaceuticals Co., Ltd."
57597,Wong To Yick Wood Lock Ointment Ltd
57598,Ling Nam Medicine Factory (H.K.) Ltd.
57619,"LABORATORIOS SOPHIA, S.A. DE C.V."
57627,"Merle Norman Cosmetics, Inc"
57631,InvaTech Pharma Solutions LLC
57660,TJA Health LLC
57664,"Sun Pharmaceutical Industries, Inc."
57670,RESTORSEA INC
57677,Aveda Corporation
57687,Nelsons Bach USA Limited
57707,Pound International Corp
57782,Bausch & Lomb Incorporated
57799,Allegheny Health Network Home Medical Equipment LLC
57800,Lincare Inc.
57837,Community Surgical Supply of Toms River LLC
57841,RedHill Biopharma Ltd
57844,"Teva Pharmaceuticals USA, Inc."
57869,"Maag Prescription Center, LLC"
57883,"Brava Pharmaceuticals, LLC"
57884,"Jiangsu Hengrui Pharmaceuticals Co., Ltd."
57894,"Janssen Biotech, Inc."
57896,"Geri-Care Pharmaceuticals, Corp"
57913,"Erno Laszlo, Inc."
57915,"Soaptronic, LLC"
57924,Ross Medical Supply Co. Inc.
57955,King Bio Inc.
57957,"Bernens Convalescent Pharmacy, Inc"
57959,"Home Care Equipment, Inc."
57962,Pharmacyclics LLC
57970,"Allergan, Inc."
57993,"Sanford HealthCare Accessories, LLC"
57999,"Bay View Homecare, Inc"
58037,New Pride Corp
58048,"Bhp Holdings, Inc."
58049,Respiratory Home Care and Convalescent Supply Inc
58060,Heyl Chem.-pharm. Fabrik GmbH & Co. KG
58064,"LTS Therapy Systems, LLC"
58089,"Manuel Enterprises, Inc. dba Nepenthe Home Medical Equipment"
58118,"Clinical Solutions Wholesale, LLC"
58151,Viatris Specialty LLC
58160,GlaxoSmithKline Biologicals SA
58181,"NextSource Biotechnology, LLC"
58228,Prostat First Aid
58247,Respitek Inc
58264,"DNA Labs, Inc."
58274,"SPF Ventures, LLC"
58276,Pieri Inc dba McKnight Medical Equipment
58284,Braeburn Inc.
58311,"Young Welding Supply, Inc"
58331,Degil Safety Products (1989) Inc
58345,Key Química S.A. de C.V.
58356,"Lampton Welding Supply Company, Inc"
58368,"BioLyte Laboratories, LLC"
58394,Wyeth BioPharma Division of Wyeth Pharmaceuticals LLC
58400,"Pharmco Laboratories, Inc."
58404,"Industrial Welding & Tool Supply, Ltd."
58406,Immunex Corporation
58407,"Magna Pharmaceuticals, Inc."
58411,SHISEIDO AMERICAS CORPORATION
58414,NeoStrata Company Inc.
58418,"Epic Laboratories, LLC"
58443,Prime Enterprises Inc.
58458,Reliance Life Sciences Private Limited
58466,Dermazone LLC
58468,Genzyme Corporation
58481,Session Savers Sunscreen LLC
58498,Olympic Ambulance Inc. DBA Olympic Oxygen Service
58503,China Ningbo Shangge Cosmetic Technology Corp.
58518,Avasol LLC
58552,Gil Pharmaceutical Corp
58559,"Corganics, LP"
58578,"Rowpar Pharmaceuticals, Inc."
58593,Efficient Laboratories Inc
58602,Aurohealth LLC
58604,"Sprout Pharmaceuticals, Inc."
58624,"Shandong Xinhua Pharmaceutical Co., Ltd."
58632,"GIBBS WELDING SUPPLY, INC."
58633,Dr. Dennis Gross Skincare
58657,Method Products Inc.
58666,Sundial Group LLC
58668,Laboratoires Clarins
58700,"Texas Medical, Inc."
58701,"American Airlines, Inc."
58716,"Sovereign Pharmaceuticals, LLC"
58722,"Triweld Industries, Inc."
58733,United Airlines
58755,Browning's Pharmacy and Health Care Inc.
58790,MEDTECH PRODUCTS INC
58809,"GM Pharmaceuticals, Inc."
58831,Dermaesthetics Inc.
58892,"Fallien Cosmeceuticals, LTD"
58914,"Allergan, Inc."
58933,Procter & Gamble Manufactura S de RL de CV
58960,"Cardiopulmonary Services Inc dba CPS Medical, Inc."
58980,STRATUS PHARMACEUTICALS INC
58987,"Enos Home Oxygen Therapy, Inc."
58988,ProMex LLC
59011,Purdue Pharma LP
59050,"Changzhou Maokang Medical Products Co., Ltd."
59054,"ACADEMY, LTD"
59062,KAS Direct LLC dba Babyganics
59087,"Orange Coast Respiratory Care Services, Inc."
59088,Puretek Corporation
59110,"Triple S a.k.a Standardized Sanitation Systems, Inc"
59115,Hikma Pharmaceutical
59118,"Rexall Sundown, LLC"
59137,"Medexus Pharma, Inc."
59148,"Otsuka America Pharmaceutical, Inc."
59190,"Ascension Via Christi Home Medical Wichita, LLC"
59208,"Laboratorios Liomont, S.A. de C.V."
59212,Advanz Pharma (US) Corp.
59228,EMS Contract Packaging
59247,"GSH Home Med Care, Inc. dba WellSpan Medical Equipment"
59256,Oaktree Products Inc.
59262,Similasan Corporation
59301,Oxygen Support Systems Inc
59310,"Teva Respiratory, LLC"
59316,RB Health (US) LLC
59321,GUANGXI YULIN PHARMACEUTICAL GROUP CO LTD
59336,JW Welding Supplies & Tools
59338,"AMAG Pharmaceuticals, Inc."
59353,Vifor (International) Inc.
59365,"CooperSurgical, Inc."
59368,"Sixarp, LLC"
59378,Jayco Industrial Supply Inc
59385,BioDelivery Sciences International Inc
59390,Altaire Pharmaceuticals Inc.
59397,"S. C. Johnson & Son, Inc."
59400,"BayCare Home Care, Inc."
59417,"Takeda Pharmaceuticals America, Inc."
59427,ORIGINS NATURAL RESOURCES INC.
59428,Zapatol Corp.
59448,ASP Global
59450,Kroger Co
59467,Hikma Specialty USA Inc.
59469,PEKANA Naturheilmittel GmbH
59503,Rochester Midland Corporation
59534,Richmond Oxygen Company Inc.
59555,"R & R Lotion, Inc"
59556,Strides Pharma Inc.
59572,Celgene Corporation
59578,Linde Inc.
59579,Linde Gas & Equipment Inc.
59584,"Nielsen BioSciences, Inc."
59608,Essity HMS North America Inc
59617,Stallergenes
59623,"Integrative Healing Institute, LLC"
59627,Biogen Inc.
59630,Shionogi Inc.
59640,H.E.B.
59651,Aurobindo Pharma Limited
59672,Miers Laboratories
59676,Janssen Products LP
59723,Royal Paper Corp.
59726,"P & L Development, LLC"
59735,"Mana Products,Inc"
59746,Jubilant Cadista Pharmacuticals Inc.
59762,Mylan Pharmaceuticals Inc.
59764,"Micronova Manufacturing, Inc."
59767,"Digestive Care, Inc."
59779,"CVS Pharmacy, Inc"
59788,Arcet Equipment Company dba Arc3 Gases North
59800,Schwabe North America
59842,"Fitzsimmons Surgical Supply, Inc"
59846,MSC Industrial Supply
59860,SMART & FINAL STORES LLC
59883,"DEN-MAT HOLDINGS, LLC"
59898,Water-Jel Technologies
59899,Shaklee Corporation
59900,"Best Sanitizers, Inc"
59917,Adare Pharmaceuticals Inc
59922,"Akebia Therapeutics, Inc."
59923,Areva Pharmaceuticals
59924,"Plains Welding Supply, Inc."
59958,"Owen Biosciences, Inc."
59961,"Bellegrove Medical Supply, Inc."
59998,Bio-Germ Protection LLC
60000,"Ahold U.S.A., Inc,"
60055,"Jubilant DraxImage Inc., dba Jubilant Radiopharma"
60184,Huber Supply Co. Inc.
60215,The University of Texas MD Anderson Cancer Center
60219,Amneal Pharmaceuticals NY LLC
60232,"Swiss-American CDMO, LLC"
60258,"Cypress Pharmaceutical, Inc."
60267,Hope Pharmaceuticals
60289,AHAVA Dead Sea Laboratories Ltd
60290,Umedica Laboratories USA Inc.
60306,"InfaLab,Inc"
60367,County Welding Supply Co.
60379,Providence Home Medical Equipment
60429,"Golden State Medical Supply, Inc."
60456,"Carpet Rentals, Inc."
60468,allphamed Pharbil Arzneimittel GmbH
60492,Emergent BioSolutions Canada Inc
60505,Apotex Corp.
60541,Glo Skin Beauty
60546,"At Home Medical, Inc."
60563,Virginia Medical and Respiratory Equipment Inc
60564,Pain and Stress Center Products
60568,Mountain West Medical Supply LLC
60577,"VITANE PHARMACEUTICALS, INC"
60604,"reBom Co., Ltd."
60615,"Advance Medical Services, Inc. dba Petersen Medical"
60630,"DenTek Oral Care, Inc."
60631,"Azurity Pharmaceuticals, Inc."
60635,"Biocompatibles, Inc."
60637,"Tween Brands, Inc."
60640,"Centrix, Inc."
60687,American Health Packaging
60696,Logan Health
60717,"RNA PHARMA, LLC"
60722,"Zhejiang Xianju Pharmaceutical Co., Ltd."
60723,"Hangzhou Minsheng Binjiang Pharmaceutical CO., Ltd"
60758,"Pacific Pharma, Inc."
60760,St Marys Medical Park Pharmacy
60762,FNC MEDICAL CORPORATION
60768,Gage Lucky 13 LLC dba Tecumseh Oxygen & Medical Supply
60771,"Guangzhou Haishi Biological Technology Co., Ltd."
60781,"thinkOperations,LLC"
60793,Pfizer Laboratories Div Pfizer Inc
60833,"Lakeshore Respiratory Therapy Care Services, SC dba Lakeshore Respiratory Therapy Services, Inc."
60842,"Kaleo, Inc."
60846,Amneal Pharmaceuticals LLC
60867,"Safehands Distribution Ne, LLC"
60875,"Cammack's Pharmacies, Inc. dba Jim's Pharmacy"
60892,"TriLipid Research Institute, LLC"
60913,"PHOENIX HEALTHCARE SOLUTIONS, LLC"
60923,"Sarepta Therapeutics, Inc."
60933,"FULLER INDUSTRIES, INC"
60934,HydroPeptide LLC
60951,"Endo USA, Inc."
60954,"Eagle Indo Pharma, PT"
60977,Baxter Healthcare Corporation
60980,"Indian River Oxygen, Inc."
60986,Marco Pharma International LLC.
61010,"Safetec of America, Inc."
61012,PDC Brands
61016,"Columbia Cosmetics Manufacturing, Inc."
61037,"Bajaj Medical, LLC"
61040,GOPALDAS VISRAM AND COMPANY LIMITED
61047,Voyant Beauty Inc.
61077,Healing Natural Oils
61096,Eight and Company L.L.C
61128,"Super Gas, Inc."
61140,John S. Posen
61145,REPHARM LLC
61152,Green Pharmaceuticals Inc
61168,Kythera Biopharmaceuticals Inc.
61197,"Pacifica Beauty, LLC"
61245,"Conney Safety Products, LLC"
61269,"H2-Pharma, LLC"
61314,Sandoz Inc
61328,"Skinfix, Inc."
61330,Brevard Medical Equipment
61333,"Lights Medical Manufacture Co., Ltd."
61352,"Cosmed Dermaceuticals, Inc."
61354,Oxygen Development LLC
61362,Reliance Bottle Gas Company Inc. dba Reliance Oxygen & Equipment Co.
61369,CoLabs Intl. Corp
61387,Claridei Laboratories
61388,Powder Pharmaceutical Incorporated
61393,"Superior Medical Equipment Company, LLC"
61398,Complete Care Inc
61420,Dillon Medical Supply
61426,"Sobaks Home Medical, Inc."
61442,"Carlsbad Technology, Inc."
61476,GC Biopharma Corp.
61477,"Aloe Care International, LLC"
61480,PLYMOUTH HEALTHCARE PRODUCTS LLC
61481,Wilc Healthcare Inc
61500,"Topical BioMedics, Inc."
61504,AMERIFOODS TRADING COMPANY
61509,"Cargus International, Inc."
61520,Premier Medical Distribution
61543,"CCA Industries, Inc."
61558,Geumseong TK
61566,Kool-Down Inc.
61567,"Ali-Rob, Inc. dba Southern Oxygen & Welding Supply"
61570,Pfizer Laboratories Div Pfizer Inc
61577,SOMBRA COSMETICS INC.
61578,Dental Alliance Holdings LLC
61589,BCM Cosmetique SAS
61594,"AVADIM HOLDINGS, INC."
61596,GC America Inc.
61601,Space Brands Limited
61621,"AcelRx Pharmaceuticals, Inc."
61626,NET Remedies
61649,9055-7588 Quebec Inc. DBA Attitude
61657,White Manufacturing Inc. DBA Micro West
61658,"YUNNAN BAIYAO GROUP CO., LTD."
61666,Waxie Sanitary Supply
61703,"Hospira, Inc."
61727,Homeocare Laboratories
61734,Delon Laboratories (1990) Ltd
61748,Akorn
61755,"Regeneron Pharmaceuticals, Inc."
61787,MEDTECH PRODUCTS INC
61805,"Bath Concept Cosmetics (Dongguan) Co.,Ltd"
61825,"Galt Pharmaceuticals, LLC"
61830,"Gemstone Gas, LLC"
61834,J & A Medical Home Care Inc.
61865,"Midwest Medical Service, Inc."
61869,Professionals PRN LLC dba Genesis Oxygen & Sleep Therapy
61874,"Allergan, Inc."
61877,Natural Life Foods Corporation dba XYGENYX
61888,Elliot Hospital of the City of Manchester DBA: Home Medical Equipment and Infusion Services of Manchester & Southern N.H.
61903,"Deaconess Health System, Inc. DBA Deaconess Home Medical Equipment"
61919,Direct_Rx
61924,Dermarite Industries LLC
61938,ONY Biotech Inc.
61953,"GRIFOLS USA, LLC"
61957,Parfums Christian Dior
61958,"Gilead Sciences, Inc."
61959,"TPU Pharma, Inc."
61971,"Vista Pharmaceuticals, Inc."
61973,Arizona Sun
61995,"The Hain Celestial Group, Inc"
62001,Straight Arrow Products Inc
62003,"Prince of Peace Enterprises, Inc."
62007,Ross Healthcare Inc.
62011,Strategic Sourcing Services LLC
62032,Obagi Cosmeceuticals LLC
62037,"Actavis Pharma, Inc."
62046,Cook Children's Home Health
62049,Genvion Corporation
62064,Theratechnologies Inc.
62066,"Jones County Medical Supplies, Inc. dba Jones County Medical Supply, Inc."
62072,Kreitchman PET Center
62082,"Pharmaca Integrative Pharmacy, Inc."
62085,Hee Dae Gim
62097,Boggs Gases div. Boggs Fire Equipment
62106,Seroyal USA
62118,"Mountain Aire Medical Supply, Inc"
62135,"Chartwell RX, LLC"
62137,"AMO Medical Oxygen, Inc."
62144,"Oculus Surgical, Inc."
62145,Dallas Life Support Systems Inc
62168,"Lead Chemical Co., Ltd."
62169,Laboratoires Anios
62175,"Lannett Company, Inc."
62179,Intermountain Home Care
62185,Dr. Donna Restivo DC
62191,Sunrider Manufacturing L.P.
62195,Vetter Pharma Fertigung GmbH & Co. KG
62206,"W.S. Badger Company, Inc."
62207,Granules India Ltd
62211,A&Z Pharmaceutical Inc.
62212,"Amish Origins Management, LLC"
62217,"Fruit of the Earth, Inc."
62221,"Filltech USA, LLC"
62234,"Pembroke Drug Center, Inc. dba Healthkeeperz"
62250,"Belcher Pharmaceuticals, LLC"
62257,"ABC Compounding Co., Inc."
62273,Metro Welding Supply Corporation
62296,Ulta
62327,Novatech SA
62332,Alembic Pharmaceuticals Limited
62363,Sandcreek Medical Sales and Rentals Inc
62371,"Dick's Home Care, Inc dba Dick's Homecare, Inc."
62372,Infirst Healthcare Inc.
62379,Simple Diagnostics
62428,"Lawson Prodcuts, Inc"
62447,"Bradshaw's Industrial Supply, Inc. dba Interstate Welding Supply"
62476,"Industria La Popular, S.A."
62481,"Bay State Medical, Inc."
62484,"Nova Laboratories, Ltd."
62486,Advocate Home Care Products
62541,Vivus LLC
62542,"Neos Therapeutics, LP"
62559,"ANI Pharmaceuticals, Inc."
62569,Genlabs Corporation
62584,American Health Packaging
62587,Y Snore
62588,"Earth Baby, Inc"
62598,Millennium Medical Supply
62630,"ZRG Detox, Inc."
62638,"Home Medical Equipment Specialists, LLC"
62654,Central Solutions Inc
62670,"Bath & Body Works, Inc."
62671,Vantage DME Partnership dba Vantage Home Medical Equipment and Services
62672,"OSCEOLA SUPPLY, INC."
62673,"Neoteric Cosmetics, Inc."
62713,"Meditrend, Inc. DBA Progena Professional Formulations"
62721,Lornamead Products
62741,B&K Prescription Shop
62742,Allure Labs Inc
62756,"Sun Pharmaceutical Industries, Inc."
62767,Multi-Clean
62776,Fulijaya Manufacturing Sdn. Bhd
62795,MediNatura Inc
62819,"Athea Laboratories, Inc."
62832,S.P. Richards Company
62839,"NSE Products, Inc."
62856,Eisai Inc.
62858,Nailrenew Corp
62914,Medassure Inc
62935,TOLMAR Inc.
62936,"INGLES MARKETS, INC."
62993,Morepen Laboratories Limited
63002,Advanced Hygienics LLC
63004,Mallinckrodt ARD LLC
63010,AGOURON
63020,"Takeda Pharmaceuticals America, Inc."
63029,MEDTECH PRODUCTS INC
63039,Chemco Products Company
63044,Nnodum Pharmaceuticals
63090,Acadia Pharmaceuticals Inc.
63102,"ACTIPHARMA, LLC"
63121,First Community Care
63127,"Luzern Laboratories, Inc"
63135,ESBA LABORATORIES INC.
63138,Parkmor Drug Inc. dba Goshen Home Medical
63144,"TransOx, Inc."
63146,Kay Chemical Company
63148,Apollo Health and Beauty Care
63173,Med-Caire Inc.
63187,Proficient Rx LP
63255,HYSAN PHARMACEUTICAL CO LTD
63264,"Resolutions, LLC"
63299,FEI FAH MEDICAL MANUFACTURING PTE LTD
63301,Kath Khemicals LLC
63304,"Sun Pharmaceutical Industries, Inc."
63323,"Fresenius Kabi USA, LLC"
63347,Blaine Labs Inc.
63354,"Edgewell Personal Care Brands, LLC"
63361,MSP Vaccine Company
63388,Laboratoire Atlas Inc
63402,"Sumitomo Pharma America, Inc."
63404,Health and Natural Beauty USA Corp
63418,Rogers Pharmacy
63433,DHC USA Incorporated
63443,Fertin Pharma A/S
63459,"Cephalon, LLC"
63471,Geodis Logistics LLC
63479,Apex Energetics Inc.
63481,"Endo USA, Inc."
63505,Yves Rocher North America Inc.
63517,Cardinal Health
63533,Momar Incorporated
63539,U.S. Pharmaceuticals
63545,"Hahnemann Laboratories, INC."
63548,PLD Acquisitions LLC DBA Avéma Pharma Solutions
63552,Patheon Manufacturing Services LLC
63553,Life Supply Corp
63560,"Memorial Home Services of Central Illinois, Inc."
63561,"Granulation Technology, Inc."
63580,Coastal Med-Tech Corp.
63615,Oxyfresh Worldwide Inc
63621,"Sunburst Chemicals, Inc."
63629,Bryant Ranch Prepack
63645,OraLabs
63646,TOLMAR Inc.
63654,"Selder, S.A. de C.V."
63667,Ricola USA Inc.
63672,"Synthon Pharmaceuticals, Inc."
63674,Uintah Basin Medical Center dba Home Health Equipment and Supply
63704,"Pharmacist Pharmaceutical, LLC"
63710,"Laboratorios Zeyco, S.A. de C.V."
63713,"Ethicon, Inc."
63730,NATURA BISSE INTERNATIONAL SA
63736,Insight Pharmaceuticals LLC
63739,McKesson Corporation dba SKY Packaging
63742,"Clinical Resolution Laboratory, Inc."
63750,"Vivant Pharmaceuticals, LLC"
63759,Shilpa Medicare Limited
63766,"Avlon Industries, Inc."
63783,Massco Dental A Division of Dunagin Pharmaceuticals
63817,Therap-ease Inc.
63824,RB Health (US) LLC
63830,"Pro chem, Inc."
63833,CSL Behring
63850,Natco Pharma Limited
63862,"J & M CYLINDER GASES, INC."
63868,Chain Drug Marketing Association
63900,"Simoniz USA, Inc"
63923,Belclare Corporation
63936,"Troy Manufacturing, Inc."
63940,Liberty Procurement Co. Inc.
63941,Valu Merchandisers Co.
63956,EMAG AG
63961,"Middlesex Gases & Technologies, Inc."
63970,"Texoma Medical Services, Inc. dba Western Medical Equipment"
63978,QUALITY AIR PRODUCTS INC
63981,Costco Wholesale Company
63998,United Laboratories Inc.
64004,"Williams Bros Health Care Pharmacy, Inc."
64009,"Spartan Chemical Company, Inc."
64024,"Aldi, Inc"
64067,Therakos LLC
64068,"Endit Laboratories, Inc."
64069,Techgas Inc.
64075,"Alick's Home Medical Equipment, Inc."
64091,"ProCare Healing Centers, LLP dba Ciara Medical Equipment"
64092,"Great Lakes Wholesale, Marketing and Sales Inc"
64097,Alternacare Home Health Services
64108,"Optics Laboratory, Inc"
64121,Kinzua Environmental
64122,"Syzygy Healthcare Solutions, LLC PO Box 588, Westport, CT 06880"
64127,Laboratoires Dermo-Cosmetik Inc.
64140,"Greene Respiratory Services, Inc"
64141,Bobbi Brown Professional Cosmetics Inc.
64169,EUGENE WELDERS SUPPLY CO
64175,Foster Regal Laboratories
64193,"Takeda Pharmaceuticals America, Inc."
64208,BPL
64233,Mid-American Research Chemical Corp.
64239,Dexcel Pharma Technologies Ltd
64253,"Medefil, Inc."
64281,Methapharm Inc.
64304,"McKinley Medical Supply, Inc."
64307,"Veltek Associates, Inc."
64319,Diversified Medical Supply Corporation dba Medigas Distribution and Supply
64321,Continental Research Corp
64330,Centaur Pharmaceuticals Private Limited
64336,Procter & Gamble Manufacturing GmbH
64363,Suco Inc
64370,"Pierre Fabre Pharmaceuticals, Inc."
64380,Strides Pharma Science Limited
64395,"Pacific Island Medical, Inc."
64406,Biogen Inc.
64412,Twincraft Inc.
64464,"O2 Plus, Inc"
64471,"Source Naturals, Inc."
64477,S & S Drug Inc.
64504,"Velacorp, Inc. dba Lee's Pharmacy & Medical Equipment"
64525,Quality Home Products
64536,"Diversey, Inc."
64578,Energetix Corporation
64597,"Avanir Pharmaceuticals, Inc."
64616,"Vitality Works, Inc"
64646,Charlotte Products Ltd.
64650,"Airweld, Inc"
64657,Naturopathica Holistic Health
64661,Jaymac Pharmaceuticals
64673,"MedCyl Services, Ltd."
64678,Emergent BioDefense Operations Lansing LLC
64679,Wockhardt USA LLC.
64693,INO Therapeutics LLC
64709,Diamond Wipes International
64724,Davines S.p.A.
64760,"Pierre Fabre Pharmaceuticals, Inc."
64763,"Johnson Drug Company, Inc"
64764,"Takeda Pharmaceuticals America, Inc."
64768,Expanscience Laboratories d/b/a Mustela
64772,Derma Sciences Canada Inc.
64776,"Wildlife Research Center, Inc"
64778,AMD Medicom
64842,"TAIHO PHARMACEUTICAL CO., LTD."
64850,"Elite Laboratories, Inc."
64866,Billings Clinic Home Oxygen & Medical Equipment Inc
64889,Advanced Oxy-Med Services Inc
64896,Amneal Pharmaceuticals LLC
64922,"ADF Welding & Medical, Inc."
64942,Conopco Inc. d/b/a Unilever
64944,"Seventh Street Medical Supply, Inc"
64950,Genus Lifesciences Inc.
64952,T J Nowak Supply Co Inc
64973,"Carolina Home Medical, Inc."
64980,"Rising Pharma Holdings, Inc."
65008,"QS Key West Aloe, LLC"
65010,"Technical Gas Products, Inc."
65038,"Corium, LLC."
65044,Jubilant HollisterStier LLC
65050,"Wuxi Fortune Pharmaceutical Co.,Ltd."
65055,"Laboratorios Jaloma, S.A. de C.V."
65076,"Bickett Machine and Supply, Inc"
65077,"Kaup Pharmacy, Inc."
65086,Santen Incorporated
65087,"GWM Enterprises, Inc."
65111,VITAMEDICA INC
65112,I Shay Cosmetics Inc
65113,"G.S. COSMECEUTICAL USA, INC."
65119,Bronx Welding Supply Inc
65121,"Pure Source, LLC"
65131,LABORATORIO MAGNACHEM INTERNATIONAL SRL
65135,"BAY STREET PHARMACY, INC"
65145,Caplin Steriles Limited
65162,Amneal Pharmaceuticals LLC
65174,"Jubilant DraxImage Inc., dba Jubilant Radiopharma"
65197,WellSpring Pharmaceutical Corporation
65208,Loving Care and More Home Medical
65217,Frances Mahon Deaconess Hospital Home Oxygen
65219,"Fresenius Kabi USA, LLC"
65222,"Dentsply LLC. Professional Division Trading as ""DENTSPLY Professional"""
65250,"Pacira Pharmaceuticals, Inc."
65257,AlpinAire Healthcare
65278,"June Jacobs Labs, LLC"
65282,"Spectra Medical Deviecs, LLC"
65297,Eagle Home Medical Corp.
65321,Rubbermaid Commercial Products LLC
65342,"Gurwitch Products, LLC"
65386,"Advacare Home Services, Inc."
65435,NIDARIA TECHNOLOGY LTD
65453,"Larry's Home Oxygen, Inc."
65464,"A PLUS HOME MEDICAL, INC."
65465,St. Peter's Health Home Oxygen and Sleep Supplies
65517,Dukal LLC
65551,"AdaptHealth West, LLC"
65585,"Whisk Products, Inc."
65597,Daiichi Sankyo Inc.
65601,"Betco Corporation, Ltd."
65603,"Arkansas Welding Supply, Inc."
65604,Akron Coating & Adhesives
65616,BODE Chemie GmbH
65626,"Hu-Friedy Mfg. Co., Inc."
65628,"Azurity Pharmaceuticals, Inc."
65649,Salix Pharmaceuticals Inc.
65692,"Raining Rose, Inc."
65707,"Reliant Holdings, Ltd"
65753,CoreTex Products Inc
65757,"Alkermes, Inc."
65785,Niagara Pharmaceuticals Inc.
65808,"GMP Laboratories of America, Inc."
65841,Zydus Lifesciences Limited
65852,Dextrum Laboratories Inc.
65857,"Cardinal Health 414, LLC"
65862,Aurobindo Pharma Limited
65866,Medex LLC dba Medical Express
65868,Mercy Home Medical Equipment Inc dba MercyOne Clinton Home Medical Equipment
65875,Bray Group Limited
65897,"Hangzhou Zhongmei Huadong Pharmaceutical Co., Ltd."
65898,Pulmonary Homecare
65912,ELEMIS Limited
65915,St. Luke Community Hospital and Nursing Home dba Saint Luke Community Oxygen & Medical Equipment
65919,"Clinical 1 Home Medical, Inc."
65923,United Exchange Corp
65954,Mission Hills S.A de C.V
65966,MAX HUBER RESEARCH LAB INC
65976,"OraPharma, Inc."
66019,"MedImmune, LLC"
66051,Haws Corporation
66059,Ramedicare Sdn. Bhd.
66077,"Ultra-Chem, Inc."
66083,"Boone Drugs, Inc"
66096,OHM PHARMA INC.
66097,C.F.E.B. Sisley
66130,"Lubbock Oxygen & Medical Gases, Inc."
66155,SunCoast Paper Inc.
66163,Cosmetic Solutions LLC
66171,"SkinScience Labs, Inc"
66184,Coty US LLC
66215,"Actelion Pharmaceuticals US, Inc."
66220,Cumberland Pharmaceuticals Inc.
66267,"NuCare Pharmaceuticals, Inc."
66288,"Samson Medical Technologies, L.L.C."
66294,BUNZL
66298,Hp Halden Pharma AS
66302,United Therapeutics Corporation
66312,Dentsply Pharmaceutical
66314,"Med Resources, Inc."
66343,RUBIMED AG
66345,"Medi-Fair, Inc"
66353,Delta Pharma Inc.
66354,McKeon Products Inc
66365,Medical Comfort Systems Inc
66424,"SDA Laboratories, Inc."
66428,Therapon Inc
66467,"Darby Dental Supply, LLC"
66487,ROBINSON`S INDUSTRIAL GAS & EQUIPMENT CORP.
66490,"Bausch Health US, LLC"
66492,Be Well Medical dba Richard Clement Nutrition y Be Well Homeopathics
66503,"Johnson Medical Consulting, Inc dba Combined Home Medical Equipment"
66506,Tibet Cheezheng Tibetan Medicine Co. Ltd.
66586,Robin Drug Corporation dba Corner Home Medical
66608,Kimball Midwest
66613,"Rohto Pharmaceutical Co., Ltd."
66621,"Rare Disease Therapeutics, Inc"
66658,SWEDISH ORPHAN BIOVITRUM AB (PUBL)
66689,"VistaPharm, LLC"
66694,"ProCaire, LLC"
66698,UnityPoint at Home
66715,"Lil' Drug Store Products, Inc."
66722,"MCP TN, LLC"
66733,ImClone LLC
66738,"Jack Black, LLC"
66754,Eureka Oxygen Company
66758,Sandoz Inc
66761,Haw Par Healthcare Ltd.
66794,Piramal Critical Care Inc
66800,Beiersdorf Inc
66820,"KOSE AMERICA, INC."
66824,"Home Health Medical Equipment, Inc."
66869,"Kowa Pharmaceuticals America, Inc."
66878,"GC Medical Equipment, Inc."
66885,"Kel-San, Inc."
66887,"Endo USA, Inc."
66890,Stillwater Medical Authority DBA Cimarron Medical Services
66897,Wicsun Trading Inc
66902,Natural Essentials Inc.
66908,"Pro-Link, Inc."
66910,Edward Don & Company
66923,Ranir LLC
66944,Halifax Medical Equipment
66949,Zep Inc.
66961,Victor Welding Supply Company
66975,Benco Dental
66977,"MPM Medical, LLC"
66990,"Toshiki Pigment Co., ltd."
66992,WraSer LLC
66993,Prasco Laboratories
67015,"Pierre Fabre Pharmaceuticals, Inc."
67038,Bliss Products Holdings LLC
67046,Coupler LLC
67060,"ADVANCED FIRST AID, INC."
67066,"ChiRhoClin, Inc."
67091,"WinCo Foods, LLC"
67108,Baxter Healthcare Company
67133,Fairmeadows Home Health Center
67157,"McGuff Pharmaceuticals, Inc."
67172,"Prestige Brands Holdings, Inc."
67184,"Qilu Pharmaceutical Co., Ltd."
67191,"Clinical Medical Services, Inc."
67194,"Unit Dose, Ltd."
67224,"Beta Technology,Inc"
67225,"Aekyung Industrial Co., Ltd."
67226,"Vivier Pharma, Inc."
67234,Natureplex LLC
67239,Safco Dental Supply Co.
67253,"Endo USA, Inc."
67296,Redpharm Drug
67308,"Sun Pharmaceutical Industries, Inc."
67326,"Degasa, S.A. de C.V."
67334,SmartPractice Denmark ApS
67345,PUR Minerals
67385,"Garcoa, Inc."
67386,Lundbeck Pharmaceuticals LLC
67402,"SkinMedica Pharmaceuticals, Inc."
67414,"Jones Healthcare Group - Packaging Services, Inc"
67457,Mylan Institutional Inc.
67465,"Mount Vernon Community Pharmacy, Inc. dba TMS Mobility and Rehab"
67477,"MAVERICK OXYGEN & RESPIRATORY EQUIPMENT, LLC"
67480,Central Health Services
67492,Resical Inc.
67493,"Buckeye Home Health Center, Inc."
67510,"Kareway Product, Inc."
67515,"Fire Protection Service, Inc."
67525,"Spectrum Gas Products, Inc"
67544,"Aphena Pharma Solutions - Tennessee, LLC"
67573,"B & J Welding Supply, LTD. dba B & J Welding Supply"
67618,"Atlantis Consumer Healthcare, Inc."
67623,Biocosmetica Exel Argentina SRL
67676,"Sarati International, Inc."
67684,Guerbet LLC
67711,"AIRSERVE, LLC"
67751,Navajo Manufacturing Company Inc.
67773,Oxygen Plus
67777,Dynarex Corporation
67795,"Roadrunner Oxygen Service, Inc."
67850,Methapharm Inc.
67858,QuestSpecialty Corporation
67860,Cariba International
67871,"QOL Medical, LLC"
67877,"Ascend Laboratories, LLC"
67879,PHARMAGEL INTERNATIONAL INC
67899,"Nicholas Pharmacy, Inc. dba Nicholas Home Medical"
67905,Osborn Drugs Inc
67919,Merck Sharp & Dohme LLC
67923,Vege Labs LLC.
67932,Premier Oxygen LLC
67933,"LEC Custom Products, Inc."
67939,The University of Utah DBA Cyclotron Radiochemistry Lab / Huntsman Cancer Institute
67979,"Endo USA, Inc."
68001,BluePoint Laboratories
68002,American Health Packaging
68007,GUILIN CHINA RESOURCES TIANHE PHARMACEUTICAL CO LTD
68012,"Santarus, Inc."
68016,"Chain Drug Consortium, LLC"
68022,Suven Pharmaceuticals Limited
68025,"Vertical Pharmaceuticals, LLC"
68040,"Primus Pharmaceuticals, Inc."
68041,Chemcor Chemical Corporation
68047,"Larken Laboratories, Inc."
68055,SINTETICA SA
68062,Spa de Soleil
68071,"NuCare Pharmaceuticals, Inc."
68078,Colorescience
68083,Gland Pharma Limited
68084,American Health Packaging
68093,Wisconsin Pharmacal Company
68094,Precision Dose Inc.
68118,"ESTEVE PHARMACEUTICALS, S.A."
68134,Palmetto Pharmaceuticals Inc.
68135,BioMarin Pharmaceutical Inc.
68163,Raritan Pharmaceuticals Inc
68180,"Lupin Pharmaceuticals,Inc."
68196,Sam's West Inc
68210,SPIRIT PHARMACEUTICALS LLC
68220,Viatris Specialty LLC
68229,"Quest Products, LLC"
68254,CONCORD BIOTECH LIMITED
68306,B4 Ventures LLC
68308,Mayne Pharma Commercial LLC
68317,"Ray's Pharmacy, Inc. dba Hi Plains Oxygen"
68327,Cover FX Skin Care Inc
68343,Montani Cosmetics Inc
68352,"Oxy Respiratory & Home Medical Equipment Specialists, Inc. dba Oxy Respiratory & HME Specialists, Inc."
68354,Bioved Pharmaceuticals
68356,LernaPharm Loris Inc.
68382,Zydus Pharmaceuticals USA Inc.
68391,BJWC
68400,"Mycone Dental Supply Co., Inc DBA Keystone Industries and Deepak Products Inc."
68403,CALIFORNIA DEPARTMENT OF PUBLIC HEALTH
68418,"BIOCODEX, INC."
68421,Cintas First Aid & Safety
68428,Washington Homeopathic Products
68436,Dextrum Laboratories Inc.
68437,"GRISI Hnos, S.A DE C.V"
68462,"Glenmark Pharmaceuticals Inc., USA"
68466,"Schwabe Mexico, S.A. de C.V."
68470,Super Care Inc
68475,Navinta LLC
68479,"Dermalogica, LLC."
68511,"Mayinglong Pharmaceutical Group Co., Ltd."
68516,"GRIFOLS USA, LLC"
68534,"METROPOLITANGRAPHIC ARTS, Inc."
68546,"Teva Neuroscience, Inc."
68547,La Jolla Pharmaceutical Company
68554,Hetero Labs Limited
68572,"Kara Vita, Inc."
68577,"Cosmax Usa, Corporation"
68599,McKesson Medical-Surgical
68605,"ABBE Laboratories, Inc."
68611,"Alimera Sciences, Inc."
68634,"AMCOL Health & Beauty Solutions, Inc. DBA"
68639,RXO2 Oxygen & Medical Equipment Supply Co. Inc.
68642,Omega Industrial Supply
68645,"Legacy Pharmaceutical Packaging, LLC"
68678,AHC VENTURES CORP DBA CRYODERM
68682,Oceanside Pharmaceuticals
68703,Silver Star Brands
68715,"DERMAdoctor, LLC"
68726,"CP Skin Health Group, Inc."
68727,"Jazz Pharmaceuticals, Inc."
68745,CHANEL PARFUMS BEAUTE
68747,Dabur India Limited
68770,"Natural Ophthalmics, Inc"
68786,Sion Biotext Medical Ltd
68788,"Preferred Pharmaceuticals, Inc."
68791,Royal Pharmaceuticals
68794,"Professional Medical Services & Products, Inc."
68796,Covenant Home Medical DBA MercyOne Waterloo Home Medical Equipment
68803,D.O.R.C. Dutch Ophthalmic Research Center (International) B.V.
68817,"Abraxis BioScience, LLC"
68828,"Distribuidora Comercial Jafra, S.A. de C.V."
68848,"Dermtech Labs, Inc"
68875,"Takeda Pharmaceuticals America, Inc."
68877,United States Cylinder Gas Corporation
68915,Eastern Century Pharmaceuticals
68927,"PediFix, Inc"
68968,"Noven Therapeutics, LLC"
68974,"Travere Therapeutics, Inc."
68981,Xenex Laboratories Inc.
68982,Octapharma USA Inc
68984,Farmina sp. z o.o.
68987,PureLife Dental
68991,Shenzhen Senton Science & Technology Co. Ltd
68992,"Veloxis Pharmaceuticals, Inc"
68998,"Marc Glassman, Inc."
68999,"Chartwell Governmental & Specialty RX, LLC."
69004,"Group Practice Solutions, Inc."
69024,OxyPros Plus
69025,AIZANT DRUG RESEARCH SOLUTIONS PVT LTD
69026,"Beauty Counter, LLC"
69028,Xymogen
69039,"Sun Bum, LLC"
69043,Cronus Pharma LLC
69051,Profounda Inc
69060,Rainbow Technology Corporation
69067,"Foxland Pharmaceuticals, Inc."
69070,"Zhejiang Dingtai Pharmaceutical Co., Ltd"
69075,VirtAir Inc.
69076,Quinn Pharmaceuticals
69087,TOLMAR Inc.
69090,ZION HEALTH
69097,Cipla USA Inc.
69102,"OWP Pharmaceuticals, Inc."
69103,Provision Medical Products
69113,"Scientific Hair Research, LLC"
69117,"Yiling Pharmaceutical, Inc."
69125,"Penn Highlands Home Medical Equipment, LLC"
69128,iMedEquip LLC dba Independent Medical Equipment
69134,Carnivora Research International
69138,Homeland Industrial Supply
69139,"YIWU HAODING MEDICAL CO.,LTD"
69145,Desert Harvest Inc.
69148,"Anjon Biologics, Inc"
69159,"Foshan Aqua Gel Biotech Co.,Ltd."
69164,"JCI Colloidal Iodine Laboratory Co., Ltd."
69168,Allegiant Health
69188,"DS Healthcare Group, Inc."
69197,"Command Brands, LLC"
69204,Natures Formulae Health Products Ltd.
69206,"Aventura Pharmaceuticals, LLC"
69207,Integrative Health Alliance
69208,International Isotopes Inc
69216,"StateServ Medical, LLC"
69219,SCIENCE OF SKINCARE LLC
69221,Zoono Holdings USA
69230,Camber Consumer Care
69231,"KW ABSC, INC."
69233,"Icon Health Science, LLC"
69238,Amneal Pharmaceuticals NY LLC
69240,ACUTE CARE GAS LLC
69241,RTA Pediatric Care Inc.
69250,BioMed Resource Inc.
69256,"HARRIS TEETER, LLC"
69259,"IT COSMETICS, LLC"
69261,Quip NYC Inc.
69286,Advantage Respiratory Services
69292,AMICI PHARMA INC
69301,"Top Quality Manufacturing, Inc."
69306,Doc Rx
69311,Lifetime Fat Loss Centers
69315,"Leading Pharma, LLC"
69335,"Alpha Chemical Services, Inc."
69339,Natco Pharma USA LLC
69344,Zyla Life Sciences US LLC
69366,"The Honest Company, Inc."
69367,"Westminster Pharmaceuticals, LLC"
69375,Nationwide Pharmaceutical LLC
69387,Banner Life Sciences LLC
69390,Miami Beach Pediatrics pa
69396,TRIFECTA PHARMACEUTICALS USA LLC
69413,Vyera Pharmaceuticals LLC
69417,TATCHA INC.
69420,"SA3, LLC"
69423,The Procter & Gamble Manufacturing Company
69428,"Warner Tech-care Products, LLC"
69434,"Zhejiang Yongtai Pharmaceutical Co., Ltd."
69435,PEER PHARM LTD.
69440,Binger Consulting Corporation
69446,"Ez Products Of South Florida, LLC"
69448,Accord BioPharma Inc.
69449,KAYONE
69452,Bionpharma Inc.
69455,"Drunk Elephant, LLC"
69464,HR HealthCare
69469,"Vitamex USA, Corp"
69473,Alumier Labs
69482,Encore Dermatology Inc
69483,ICP Inc DBA Dental City
69484,Tiger Supply Inc.
69487,"TRILOGY LABORATORIES, LLC"
69488,"Advanced Accelerator Applications USA, Inc"
69489,Journey Medical Corporation
69491,Buzz Export Services Pty Ltd (Buzz Products)
69494,ISDIN Corp.
69498,"iSmile Dental Products, Inc."
69499,Solubiomix
69509,Tri State Dental
69510,Maxill Inc.
69517,HealthLife of USA LLC
69522,"Dollar Shave Club, Inc."
69528,"Metacel Pharmaceuticals, LLC"
69530,"TopMD Skin Care, Inc."
69536,Foundation Consumer Healthcare LLC
69539,MSN LABORATORIES PRIVATE LIMITED
69540,Brand Buzz LLC
69543,"Virtus Pharmaceuticals, LLC"
69546,ASA Universal Inc. dba: SONAGE
69547,Emergent Devices Inc.
69555,"Stream2Sea, LLC"
69556,"Kentron Healthcare, Inc."
69557,Scilex Pharmaceuticals Inc.
69561,"Henan Kangdi Medical Devices Co., Ltd"
69571,FRONT PHARMACEUTICAL PLC
69574,NOVUM SOLUTIONS INC
69584,"Oxford Pharmaceuticals, LLC"
69587,MIPS Cyclotron & Radiochemistry Facility
69604,"Elusys Therapeutics, Inc."
69607,"WR Group, Inc."
69616,"Catalyst Pharmaceuticals, Inc."
69618,Reliable 1 Laboratories LLC
69625,Cosmetique Active Production
69626,Leosons Overseas Corp.
69634,"Dental Health Products, Inc."
69639,"Helsinn Therapeutics (U.S.), Inc."
69654,"Aytu BioPharma, Inc."
69660,"Clovis Oncology, Inc."
69662,Jao Limited
69664,Momentum Management LLC
69665,Medarbor Llc
69666,Genuine Drugs
69668,"Sonoma Pharmaceuticals, Inc."
69674,Saraya Healthcare
69676,Genexa Inc.
69678,Eezaway Relief Inc
69680,Vitruvias Therapeutics
69681,The Female Health Company d/b/a Veru Healthcare
69683,DERMOSCRIBE PTY LTD
69685,"StellaLife, Inc."
69693,Clarion Brands LLC
69710,Symbiopathic
69714,University of Alabama at Birmingham
69721,Force Factor Brands LLC
69724,"ALTATHERA Pharmaceuticals, LLC"
69727,ELTTAC Inc DBA SWL
69729,OPMX LLC
69740,"SMITH & NEPHEW, INC"
69744,"Relevo, Inc."
69747,"ALMA Laboratories, Inc."
69751,"Evofem, Inc."
69771,Geri-Gentle Corporation
69777,"BLUEZONWIDE CO.,LTD"
69778,"Pharma-C, Inc."
69790,Uline.
69794,Ultragenyx Pharmaceutical Inc.
69798,"SJ Bio Co., Ltd."
69800,"ADMA Biologics, Inc."
69805,Alera Skin Care Products Inc.
69809,"HLS Therapeutics (USA), Inc."
69822,"Southern Sales & Service, Inc."
69840,Yes To Incorporated
69842,"CVS Pharmacy, Inc"
69845,"VERMONT`S ORIGINAL, LLC"
69846,"NUMARK BRANDS, INC"
69847,"Respiratory Care Partners, Inc"
69848,"Granules USA, Inc."
69864,The Methodist Hospital Research Institute
69866,Vericel Corporation
69876,Almark Products Inc
69880,Amryt Pharmaceuticals Designated Activity Company
69882,"Restoration Rockstar, Llc (dba: Kroning Signature Black Bottle)"
69884,"Amerisan, LLC"
69886,Safe Foods Chemical Innovations
69892,"Rockland Cosmetics, Inc."
69901,"Kaz USA, Inc"
69903,Shinpharma Inc
69911,CSL Behring Lengnau AG
69918,"Nordic Pharma, Inc."
69919,Banner 1 LLC
69921,"Carrasco Enterprises, Inc."
69922,Groupe Marcelle Inc.
69932,Blue Earth Diagnostics
69933,Pearl World Inc.
69945,Curium US LLC
69949,"Synchronicity Spa, Inc. DBA Suntegrity"
69951,"Prevention Health Sciences, Inc."
69953,"Rapha Pharmaceuticals, Inc."
69968,Kenvue Brands LLC
69981,Rev Pharma Corp
69983,Happy Foot Shop LLC
69990,Novadore USA Inc
69993,"Kingsway Pharmaceuticals dba NFI, LLC"
69995,A + OXYGEN & D.M.E.
70000,"Cardinal Health 110, LLC. dba Leader"
70010,Granules Pharmaceutical Inc.
70020,"R-Pharm US Operating, LLC"
70026,Brookhaus Essentials LLC
70038,RAONBIO CORP
70039,Active and Innovative Inc.
70040,"Zevra Therapeutics, Inc."
70042,"Power Fulx Co., Ltd."
70058,Central Medical Supply
70060,CosMedical Technologies
70069,"Somerset Therapeutics, LLC"
70079,Pure Hold Ltd
70082,DealmedMedical Supplies LLC
70084,"Quantum, Inc."
70094,"The Richline Group, Inc."
70095,"Sun Pharmaceutical Industries, Inc."
70097,Precision Oxygen & Supply
70100,Renew Pharmaceuticals Limited
70101,Gas and Supply
70105,"Centered Enterprises, LLC"
70108,"Ashtel Studios, Inc"
70114,"Coherus Oncology, Inc."
70116,BIO EARTH MANUFACTURING (PTY) LTD
70121,Amneal Pharmaceuticals LLC
70127,"Jazz Pharmaceuticals, Inc."
70151,Central Welding Supply Company
70157,Baxter Laboratories Pty. Ltd.
70163,"Grato Holdings, Inc."
70165,"Neos Therapeutics Brands, LLC"
70166,Lohxa
70170,eos Products LLC
70171,Prodigy Media Inc
70183,"Lexicon Pharmaceuticals, Inc."
70185,GASCO INDUSTRIAL CORP
70186,Charlotte Tilbury Beauty Ltd.
70188,"A.T.S. Laboratories, LLC"
70199,Casper Pharma LLC
70204,Hit Promotional Products
70211,TYCHASIS CORPORATION
70242,Dannso Corp./d.b.a. Essential Products
70247,"Qingdao BAHEAL Pharmaceutical Co., Ltd."
70255,Array BioPharma Inc.
70264,R J General Corporation
70273,A & E Mill & Welding Supply Company
70275,Forward Science Technologies LLC
70288,"Ana-Cool, LLC"
70301,OPKO Pharmaceuticals LLC
70303,"Merced Medical Supply, Inc."
70313,"United Respiratory Services, LLC"
70317,Remeverse
70319,COSRX inc.
70323,Inmon Respiratory Services Inc.
70325,"Bu Brands, LLC"
70329,STL International INC
70335,"Innovent, Inc."
70356,Sabel Med LLC
70369,CitraGen Pharmaceuticals Inc.
70370,"Neurocrine Biosciences, Inc."
70372,"Centura Pharmaceuticals, Inc"
70377,"Biocon Pharma Inc,"
70381,"Murad, LLC"
70382,"Ocular Therapeutix, Inc."
70385,Sina Health Inc
70393,Future Diagnostics Llc
70401,ZOOM PRODUCTS LLC
70408,"Nostrum Laboratories, Inc."
70411,"H2Ocean, LLC"
70412,"Zhejiang Ayan Biotech Co.,Ltd."
70413,"Lice Ladies Atlanta, LLC"
70415,CWGC LA Inc.
70436,"Slate Run Pharmaceuticals, LLC"
70437,"Puma Biotechnology, Inc."
70441,"Pioom Cosmetic Co.,ltd"
70445,Beacon Promotions Inc.
70453,Emma Hardie Ltd
70461,"Seqirus, Inc."
70463,WR Group Skin Care Ltd
70466,P.F. Harris Mfg. Co. LLC
70474,ALTONA COSMETICS TECHNOLOGY SANAYI VE TICARET ANONIM SIRKETI
70482,"Adamas Pharma, LLC"
70484,"Vi Medical Products, INC"
70489,"Innovacyn, Inc."
70505,Analog Pharma
70510,"Mitsubishi Tanabe Pharma America, Inc."
70511,"MAIA PHARMACEUTICALS, INC"
70512,SOLA Pharmaceuticals
70513,"MedCare Equipment Company, LLC"
70515,"Covis Pharma US, Inc"
70518,REMEDYREPACK INC.
70533,"Harry's, Inc."
70539,"Radius Health, Inc."
70542,Midlab Incorporated
70550,Keranique
70553,"Lemongrass Spa Products, LLC"
70554,"The Feel Good Lab, LLC"
70556,"Ailex Pharmaceuticals, LLC"
70558,Pro Weight Loss Inc.
70564,"Napo Pharmaceuticals, Inc."
70573,Kedrion Biopharma Inc
70581,BPS 60
70594,Xellia Pharmaceuticals USA LLC
70604,"Alastin Skincare, Inc."
70605,Guthy-Renker LLC
70608,Kypris Beauty LLC
70612,JJindustry.Co.Ltd
70616,Permatex
70618,"THANK YOU FARMER CO., LTD"
70621,Biofrontera Inc.
70624,Mobile Oxygen Services Inc
70625,SunGen Pharma LLC
70626,ASPIRE BRANDS INC
70630,Bali Body Pty Ltd
70631,"Young Living Essential Oils, LC"
70644,"Genericus, Inc."
70651,hameln pharma gmbh
70666,"Nopsor USA Distribution Co., Inc."
70672,"Dade Medical, Inc. dba Integrated Home Care"
70673,Smooth Gator LLC
70677,Strategic Sourcing Services LLC
70680,Raw Elements LLC
70681,The University of Texas Southwestern Medical Center
70683,"Dentisse, Inc."
70685,Esjay Pharma LLC
70692,Strive Pharmaceuticals Inc.
70697,"INDELPA, S.A DE C.V"
70700,"Xiromed, LLC"
70707,"Face Reality, Inc."
70708,"GURUNANDA, LLC"
70709,Cycle Pharmaceuticals Ltd.
70710,Zydus Pharmaceuticals USA Inc.
70712,"BOTANICAL SCIENCE, INC."
70719,Heilen
70720,TerSera Therapeutics LLC
70721,Mydent International
70726,"EDW PHARMA, INC"
70727,"Alcon Laboratories, Inc."
70729,"Breeden Brothers, LLC"
70741,Derma Glove
70742,Product Max Group Inc
70748,"Lupin Pharmaceuticals,Inc."
70752,QUAGEN PHARMACEUTICALS LLC
70756,Lifestar Pharma LLC
70766,"Yangzhou SION Commodity Co.,Ltd"
70771,Zydus Lifesciences Limited
70780,PortionPac Chemical Corporation
70792,"Tonix Medicines, Inc."
70793,"Absolutely Natural, Inc."
70794,Chen Cohen Industries Inc.
70797,"Talbot's Pharmaceuticals family Products, LLC."
70803,SIBORG LLC
70807,"Elite Pharmaceutical Solution, Inc."
70809,USRX
70839,LXO US Inc.
70842,"Melinta Therapeutics, LLC"
70849,"R2 Pharma, LLC"
70856,Defense Soap LLC
70857,"Medical Technology Products, Inc."
70860,"Athenex Pharmaceutical Division, LLC."
70868,Key Therapeutics
70881,Sit Clean
70882,"Cambridge Therapeutics Technologies, LLC"
70891,Medolife Corporation
70893,"Socius Care, LLC"
70907,SEENEXT VENTURE LTD
70924,Innocore Sales & Marketing Inc
70927,Hmong 21
70934,"Denton Pharma, Inc. DBA Northwind Pharmaceuticals"
70936,SMART CHOICE MEDICAL INC.
70942,Beyond Health P.A.
70947,"Worldwide Cosmetics, Inc"
70951,"Laurel Medical Supplies, Inc. dba Laurel Medical Solutions"
70954,"ANI Pharmaceuticals, Inc."
70957,Organic Care Australia Pty LTD
70964,"VitaminMed, LLC"
70970,Nanoplus Limited (Cayman) Taiwan Branch
70972,Wipes LLC
70975,Earlbeck Welding Supplies
70977,Geer Gas Corporation
70983,Saje Natural Business Inc.
70985,Drug Ocean LLC
70994,Spry Life LLC
71009,Aurex Laboratories Limited Liability Company
71014,"Eai-jr 286, Inc"
71017,"WELCOS CO.,LTD."
71018,"Temple Health Nutrition, LLC"
71020,Sante Manufacturing Inc
71029,"Cosrich Group, Inc."
71034,"Xiamen LP Pharmaceutical Co., Ltd."
71035,"Yangzhou Hongshengding Chemical Co.,Ltd."
71042,"OrganiCare Nature's Science, LLC"
71045,"Achaogen, Inc."
71053,"Rafa Laboratories, Ltd."
71061,CMI Therapy Solutions
71067,"Dr. Mike's Vitamins, LLC"
71070,BALSHI MD DERMACEUTICALS
71073,"Beijing HKKY Medical Tech. Co., Ltd."
71083,Theragnostics Inc
71085,"IPG PHARMACEUTICALS, INC."
71087,"CASAD Company, Inc"
71093,"ACI Healthcare USA, Inc."
71100,Stout Face Care Inc.
71101,Veridian Healthcare
71104,Bioverativ Therapeutics Inc.
71105,Redicare LLC
71110,"Avon Cosmetics Manufacturing, S. de R.L. de C.V."
71127,Laboratoire Français du Fractionnement et des Biotechnologies Société Anonyme (LFB S.A.)
71131,"UBERScientific, LLC"
71134,"RAPHAS CO., LTD"
71141,LIDL US LLC
71143,"OptiNose US, Inc."
71144,"Attuned Matrix, LLC"
71151,airis PHARMA PVT LTD
71160,"Tekweld Solutions, Inc."
71162,Ionetix Corporation
71165,Riclan S.A.
71171,Little Giant Holdings LLC
71173,BUDDATE Co Ltd
71179,"VESPYR BRANDS, INC."
71182,"Younique, LLC"
71205,Proficient Rx LP
71207,Modular Thermal Technologies LLC Dba Life Wear Technologies
71209,Cadila Pharmaceuticals Limited
71212,Chemstation
71217,inthismorning co ltd
71220,Innisfree Corporation
71221,Elements Brands
71223,Vintage Brands Limited
71225,Slayback Pharma LLC
71227,TIMS SOUTH TEXAS LLC
71229,The Sisquoc Healthcare Corporation
71233,Compass Fat Loss of Glastonbury LLC
71238,L'BRI HEALTH AND BEAUTY INC
71239,"Natural Health Partners, LLC"
71240,Ningbo Longwell Baby Products Co Ltd
71247,"Innogenix, Inc."
71258,"Progenics Pharmaceuticals, Inc."
71261,"Jungsaemmool Beauty Co., Ltd."
71262,"ViaDerma Distribution, Inc."
71269,Mainpointe Pharmaceuticals
71270,TRADER JOE'S COMPANY
71272,Sunstation USA LLC
71274,Pharming Healthcare Inc.
71278,THIS WORKS PRODUCTS LIMITED
71282,ARP(USA) Pty Ltd
71287,"Kite Pharma, Inc."
71288,Meitheal Pharmaceuticals Inc.
71290,"Salonceuticals, Inc."
71293,"ERC Acquisition, Inc"
71295,DUAL-SHAVE LLC
71297,Allegis Holdings LLC
71303,RJ Schinner
71304,Canadian Unique Health Ltd.
71308,"Trevena, Inc."
71309,"Safrel Pharmaceuticals, LLC."
71310,"Taizhou Kangping Medical Science And Technology Co., Ltd."
71318,Dr. Sabharwal's Wound Care
71321,"Brandywine Pharmaceuticals, LLC"
71323,Compass Health Brands Corp.
71331,"Orange Lab, Inc"
71332,"Rigel Pharmaceuticals, Inc."
71334,"Agios Pharmaceuticals, Inc."
71335,Bryant Ranch Prepack
71336,"Alnylam Pharmaceuticals, Inc."
71337,Havix Group Inc d-b-a Aavis Pharmaceuticals
71338,"ECOLAB Food Safety Specialties, Inc."
71347,The Atlanta Dental Supply Company DBA Advanced Dental Products
71349,Verrica Pharmaceuticals Inc.
71351,"Brookfield Pharmaceuticals, LLC."
71355,"Pure Haven, LLC"
71356,"HUMAN SCIENCE, LLC"
71357,MILLA PHARMACEUTICALS INC.
71363,Zag Usa Inc
71369,"AkaRx, Inc."
71373,COSVISION
71376,Ironshore Pharmaceuticals Inc.
71383,Valekista Limited
71390,"Acacia Pharma, Ltd."
71391,"Unexo Life Sciences, Private Limited"
71394,"Spark Therapeutics, Inc."
71397,"menScience Androceuticals, LLC"
71398,"SENTÉ, Inc."
71399,Akron Pharma Inc.
71403,"EPI Health, LLC"
71408,Ineos Pigments ASU LLC
71409,"Clineva Management Services, LLC"
71412,R&C Imports LLC
71421,O Skin Care LLC
71425,Glossier Inc.
71428,Glasshouse Pharmaceuticals Limited Canada
71432,"Chengdu Suncadia Medicine Co., Ltd."
71435,"New Milani Group, LLC"
71436,"ARI BRANDS, LLC"
71438,Oribe Hair Care LLC
71440,"Cosmetic Dermatology Research Institute, LLC."
71441,ONID Technology Corp
71443,"Alcyon Health, LLC."
71444,"MOM Enterprises, LCC"
71447,LABORATOIRES DRUIDE INC
71451,Propharma Medical Supplies
71453,Naticura Inc
71467,"Zhejiang Novus Pharma Co., Ltd."
71469,NX DEVELOPMENT CORP
71475,"60 Degrees Pharmaceuticals, INC."
71489,Celeste Industries Corporation
71491,"Accuria, LLC"
71494,Peace Out LLC.
71499,KENDO HOLDINGS INC
71501,"Dr. Loretta, LLC"
71511,"Athena Bioscience, LLC"
71513,Broder Bros Co.
71516,"DR. MARDER SKINCARE, LLC"
71521,Lavior Pharma Inc
71523,"DD&D Manufacturing Co., Ltd"
71527,RK RESPONSE INC.
71558,Insmed Incorporated
71564,The Gorilla Glue Company/O'Keeffe's Company
71566,"Pediatric Solutions, LLC"
71570,Bionona Limited
71571,"Alcon Laboratories, Inc."
71573,"Nuvothera, Inc."
71574,"Village Pharma, LLC"
71584,"Guangdong Comfort Medical Products Co., Ltd."
71585,Salt and Stone LLC
71590,"Active Intelligence, LLC"
71592,"FlawlessWipes, LLC"
71594,USpharma Ltd
71598,"DXM Pharmaceutical, Inc"
71610,"Aphena Pharma Solutions - Tennessee, LLC"
71611,CLICK PRODUCTS LLC
71613,Nextcell Medical
71614,PARMA KOREA
71617,SRL ENTERPRISES LLC
71626,Medstone Pharma LLC
71630,"doTERRA International, LLC"
71643,HERRCO COSMETICS LIMITED
71644,Cyberderm Laboratories Inc.
71654,Gas and Supply
71655,Emergent Manufacturing Operations Baltimore LLC
71656,"Saptalis Pharmaceuticals, LLC"
71662,Transfer Technology
71665,Emergent Product Development Gaithersburg Inc.
71671,"Agile Therapeutics, Inc."
71677,"Essential Cares Supplies, Inc."
71679,Health Pharma USA LLC
71683,CC Wellness LLC
71687,"Focus Consumer Healthcare, LLC"
71699,"SK Life Science, Inc."
71700,GETTIK International LLC
71705,Medicines Development for Global Health
71707,"TULSA GAS & GEAR, LLC"
71709,"Metcure Pharmaceuticals, Inc."
71713,"Thirty MADISON, Inc."
71714,"TIEGE HANLEY, Inc"
71715,"Paratek Pharmaceuticals, Inc."
71726,LiquidCapsule Manufacturing LLC
71730,Hims Inc
71731,"Chia Tai Tianqing Pharmaceutical Group Co., Ltd."
71734,"JIANGMEN SHUIZIRUN SANITARY ARTICLES CO., LTD."
71740,"Avondale Pharmaceuticals, LLC"
71741,"Redmont Pharmaceuticals, LLC"
71742,"Guangzhou Renuma Medical Systems Co., Ltd"
71745,GoodEarth Distribution Llc
71749,Carelife (USA) Inc.
71753,"Ratis, LLC"
71754,"CD Acquisitions, LLC"
71763,The Caldrea Company
71767,scPharmaceuticals Inc.
71770,Medunik
71773,"Tetraphase Pharmaceuticals, Inc."
71776,"Eyevance Pharmaceuticals, LLC"
71777,"Loxo Oncology, Inc."
71779,Verastem Inc.
71781,"Supplement Clinic, LLC."
71782,DUKE CANNON SUPPLY CO.
71784,Premier Ocher LLC
71785,Annora Pharma Private Limited
71788,"Protect U Guard, LLC"
71800,Innovida Pharmaceutique Corporation
71804,MD Algorithms Inc.
71805,"Beyond Derma, LLC"
71810,"SolvChem, Inc."
71811,InterMed Laboratories Private Limited
71819,"D3 Development, Inc."
71821,VKT Pharma Private Limited
71825,"Cremo Company, LLC"
71829,"SENNY STUDIO Co., Ltd"
71831,Pranicura Products LLC
71837,"Partner Therapeutics, Inc."
71839,BE Pharmaceuticals Inc.
71852,Product Management LLC
71853,Bryson Industries Inc.
71856,"Nutriomo Labs Pte, Ltd"
71858,IBSA Pharma Inc.
71860,"Ionis Pharmaceuticals, Inc."
71863,"Eton Pharmaceuticals, Inc."
71870,"WINNER MEDICAL CO., LTD."
71872,"Medical Purchasing Solutions, LLC"
71874,"Daycon Products Company, Inc."
71875,"TRIPLE A SUPPLIES, INC."
71879,"EyePoint Pharmaceuticals US, Inc"
71881,"Aimmune Therapeutics, Inc."
71883,"Oracle Cosmetic Co., Ltd."
71884,Enviro Specialty Chemicals Inc
71888,"Bellus Medical, LLC"
71889,"Kapa'ihi, Inc"
71894,"Novartis Gene Therapies, Inc."
71896,"Interline Brands, Inc."
71897,Veritiv Operating Company
71899,"Maesa, LLC."
71904,"Amicus Therapeutics US, LLC"
71906,Essendant Co.
71907,"Dade Paper & Bag, LLC"
71908,"Southeastern Paper Group, Inc."
71912,"Advantage Chemical, Inc."
71917,Herbal Health LLC
71918,"Timing Pharmaceutical Co., Ltd PABP Branch"
71919,Washington Homeopathic Products
71921,"Florida Pharmaceutical Products, LLC."
71922,"American Medical & Hospital Supply Co., Inc."
71925,Pollock Investments Inc
71927,Orazen Inc
71930,Eywa Pharma Inc
71953,"BOUARI GROUP, LLC dba WEIGHT LOSS COMPANY, THE"
71954,WELL BODY CONCEPTS LLC
71970,Hope Science Inc.
71971,Homeolab International (Canada) inc
71981,Dompé farmaceutici S.p.A.
71990,Arcadia Beauty Labs LLC
71992,"Sincronia Logistica, S.A. de C.V."
71993,"Atland Pharmaceuticals, LLC"
71995,2xl Corporation
72000,"Nabriva Therapeutics US, Inc."
72014,H.B.D. DIST. INC.
72019,Riversol Skincare
72024,Fastenal
72028,"Harmony Biosciences, LLC"
72030,"ANHUI DONGSHENGYOUBANG PHARMACEUTICAL CO., LTD."
72033,Touchland LLC
72036,"HARRIS TEETER, LLC"
72037,"Innovations for Wellness, LLC"
72042,HUMN Pharmaceuticals Inc
72043,"CP Skin Health Group, Inc."
72053,"Patient Focused Tele-Health, LLC"
72060,"Intra-Cellular Therapies, Inc"
72064,Blueprint Medicines Corporation
72065,"Xeris Pharmaceuticals, Inc."
72078,Mylan Institutional Inc.
72085,"MJ Products Association, LLC"
72089,"Evoke Pharma, Inc."
72090,"Pioneer Life Sciences, LLC"
72094,Hyalogic LLC
72098,Everyday Group Limted
72101,"Blue Monarch, LLC"
72104,Innovation Brands Inc.
72113,Eden Brands Inc
72119,"BLUE SEA AEROSOL & DAILY CARE CO., LTD"
72126,"Akcea Therapeutics, Inc."
72127,"Lidan, Inc."
72134,Agnitio Inc.
72137,1ST MEDX LLC
72143,JG Pharma Inc.
72146,TARGET PRICE INC
72147,"ZGTL, LLC"
72156,Aramara Beauty LLC dba Glow Recipe
72162,Bryant Ranch Prepack
72164,"Smiletwice, Inc."
72169,"Youngwon Costech Co.,ltd."
72172,"Microbe Solutions, LLC"
72187,"Stemline Therapeutics, Inc."
72188,"PRIME COMMERCE, LLC"
72189,Direct_Rx
72197,American Consumer Products Corp
72198,Healthsource of New England LLC
72202,"Zogics, LLC"
72203,Bluemercury
72204,Rare Beauty Brands Inc
72205,Novadoz Pharmaceuticals LLC
72208,Deciem
72209,"Herban Roots, LLC"
72220,"SKINIDEA CO., LTD"
72222,Adwill Labs Inc
72224,"Lucy Goods, Inc."
72226,"Eden's Answers, Inc."
72235,Ozeion LLC
72237,Karyopharm Therapeutics Inc.
72238,Alliance Pharma Inc.
72241,Modavar Pharmaceuticals LLC
72245,Forte Bio-Pharma LLC
72247,CREDENTIS AG
72250,BodyLogicMD of Fort Lauderdale
72252,"Neurelis, Inc"
72260,"AFT Pharmaceuticals US, Inc."
72266,Fosun Pharma USA Inc.
72268,"Functional Energetic, Inc."
72276,MITCHELL WELDING SUPPLY
72287,"AMELLA PHARMA, LLC"
72288,Amazon.com Services LLC
72301,"Evolus, Inc."
72305,"Provell Pharmaceuticals, LLC"
72319,"i3 Pharmaceuticals, LLC"
72326,"YOUNG PS ACQUISITION, LLC"
72330,fmg Co.Ltd
72333,University of Wisconsin System
72336,"Lifsa Drugs, LLC"
72338,Waverley Pharma Inc
72342,"J.R. Watkins, LLC."
72343,Nitrous Oxide of Canada
72344,Surface Products Corp
72347,Bruder Healthcare
72349,Gulf Coast Wellness Center
72358,"Amphp, Inc"
72359,"Sumitomo Pharma America, Inc."
72363,AG Essence Inc
72367,Alquimia Najulam S de RL de CV
72374,"Tanvex BioPharma USA, Inc."
72384,"Metuchen Pharmaceuticals, LLC"
72385,"VERO BIOTECH, INC."
72393,Marketites LLC
72400,"Era Organics, Inc."
72407,"Pur-Lisse Beauty, LLC"
72425,SanaMax Plus LLC
72426,"Esperion Therapeutics, Inc."
72427,BFY LLC
72429,Eosera Inc
72444,"Cruchi, LLC."
72446,Hudson Health LLC
72449,LS PROMOTIONS INC.
72454,"Skinnies USA, Inc."
72457,"UCG Georgia, LLC"
72458,Surgeon General-Department of the Army (TSG-DA)
72459,"Yiwu Ori-Power Medtech Co., Ltd."
72465,DM LAB CORP
72474,"Salon Commodities, Inc."
72475,"Cardon, Inc"
72476,"RETAIL BUSINESS SERVICES, LLC"
72481,"LactiGo, Inc."
72482,"Sobi, Inc."
72483,Laboratorios Alfa
72484,Roman Health Ventures Inc.
72485,Armas Pharmaceuticals Inc.
72487,Calego International Inc
72490,Nufabrx LLC
72493,"UroGen Pharma, Inc."
72495,"Millicent US, Inc."
72496,Naturich Labs
72507,Stealth Biotherapeutics Inc.
72511,Amgen Inc
72512,Averitas Pharma Inc
72516,Oryza Pharmaceuticals Inc.
72518,"Nightingale Pharmaceuticals, Inc."
72520,J C SALES
72522,"ANESIS LIFE, LLC"
72524,AY BENDITO - THERMOACTIVE LOTION
72526,"Shandong Luye Pharmaceutical Co., Ltd."
72528,West Coast Paper Company
72536,BWXT Medical Ltd.
72542,Acer Therapeutics Inc.
72558,"Bean Family Enterprises, Inc. dba Wilbea Medical Equipment"
72559,"Little Pharma, Inc."
72562,"Tommie Copper, Inc."
72572,"Civica, Inc."
72574,"Biomedics Systems, Inc."
72577,Volition Beauty
72578,Viona Pharmaceuticals Inc
72579,"BeOne Medicines USA, Inc."
72580,Formology Lab Inc.
72587,"La Mend, Inc."
72592,MV Advanced
72594,Neptune Products
72598,INNOVATIVE SAFETY SUPPLY INC.
72602,THE EGYPTIAN SAUDI CO FOR MEDICAL MANUFACTURING MASCOMID
72603,NorthStar Rx LLC
72606,"CELLTRION USA, Inc."
72607,"Epizyme, Inc."
72609,"Smith Amish, LLC"
72611,"Almaject, Inc."
72614,Cannanumb LLC
72618,Pfizer Laboratories Div Pfizer Inc
72622,"SkinSx.com, Inc."
72626,Asegua Therapeutics LLC
72628,Boston Nutraceutical Production SL
72638,"Hanoun, Andrew Functional Medicine Inc."
72644,"SGII, INC"
72647,"OAKRUM PHARMA, LLC"
72654,"Ebanel Laboratories, Inc"
72657,"Glenmark Pharmaceuticals Inc., USA"
72658,Eskayef Pharmaceuticals Limited
72660,Medical Equipment Solutions Inc dba Pur Air Products
72661,CareLinc Medical Equipment
72662,"Verio Healthcare, Inc."
72663,Welly Health PBC
72664,VGYAAN Pharmaceuticals LLC
72667,Inspec Solutions LLC.
72670,"Lilas Wellness, Inc."
72671,"Sani-care Salon Products, Inc."
72673,"Zhejiang Poly Pharm. Co., Ltd."
72677,"Viela Bio, Inc."
72683,Proximity Capital Partners LLC dba Asutra
72684,ATNAHS PHARMA US LIMITED
72692,"Alpine Medical, LLC"
72694,Servier Pharmaceuticals LLC
72701,Bliss GVS Pharma Limited
72704,Lancer Skincare LLC
72705,"Fridababy, LLC"
72706,"Carroll Apothecary, Inc. dba Home Care Medical Equipment"
72707,"DISNEY DESTINATIONS,LLC"
72710,"All Oxygen Refills, Inc."
72712,"Liquid O2 Transfills, Inc."
72714,Dr. Wayne's
72718,Surgimed Corporation
72722,The ACME Laboratories Ltd.
72723,"Liberty Oxygen and Homecare, Inc. dba Liberty Oxygen and Home Care, Inc."
72724,"DOCTOR EASY MEDICAL PRODUCTS, LLC"
72727,"Global Biomedical Technologies, LLC"
72737,STALLION LABORATORIES PRIVATE LIMITED
72739,Walnut Medical Services
72740,Seattle Children's Hospital
72743,"Svens, Inc"
72744,COOL BREEZE US LLC
72745,Dynamic Safety International
72746,"Scheffe Warehouse dba Scheffe RX, Inc."
72753,High Desert Respiratory
72755,"Integrated HomeCare Services, Inc."
72766,"Yangzhou Suxiang Medical Instrument Co., Ltd."
72769,BioCryst Pharmaceuticals Inc.
72773,"O2 Depot, LLC"
72779,"Adaptive Health, LLC"
72782,YENSA LLC
72784,"Saint Medicine, Inc."
72785,Zydus Lifesciences Limited
72786,"Global Blood Therapeutics, Inc, A subsidiary of Pfizer Inc."
72789,"PD-Rx Pharmaceuticals, Inc."
72793,"Mountainside Medical Equipment, Inc."
72796,"Young Innovations, Inc."
72797,"Yangzhou H&R Plastic Daily Chemical Co., Ltd."
72808,East Coast Oxygen
72811,111MedCo LLC
72812,"Earth Mama Angel Baby, LLC"
72817,"All About Pediatrics, LLC dba Pediatric Home Service"
72819,Archis Pharma LLC
72823,"Hangzhou Anprime Biopharm Co., Ltd."
72827,Matys Healthy Products LLC
72829,"Rhythm Pharmaceuticals, Inc"
72830,Farmacy Beauty LLC
72834,Sarras Health LLC
72835,V2 Pharma LLC
72837,Bio-interchange Co.
72838,Amsino healthcare (USA) inc.
72839,"Derma Care Research Labs, LLC"
72841,Leiluna LLC
72843,UBI Pharma Inc.
72845,"Wuhan Jinshengyuan Textiles Manufacturing Co., Ltd."
72847,Toprail Chp Llc.
72849,LITTLE BUBS COMPANY PTY LTD
72854,RB Health (US) LLC
72862,"Affordable Transport, Inc. dba ATI Ambulance"
72863,"Rael, Inc."
72865,XLCARE Pharmaceuticals INC.
72866,MERCI HANDY CORPORATION
72867,Tru Fragrance & Beauty LLC
72874,GE Healthcare Inc.
72887,FH2 Pharma LLC
72888,Advagen Pharma Limited
72893,Acrotech Biopharma Inc
72894,NUORI ApS
72897,SVD Premium Products
72903,"ImmunoGen, Inc."
72908,CBJ Development Co.
72909,"Excel Health, Inc"
72919,"Emerald Therapeutics, LLC"
72921,"Stone Company Management, Inc. dba SCM True Air Technologies, Inc."
72927,Strides Consumer LLC
72932,"Wuhan Zonsen Medical Products Co., Ltd."
72935,"Neora, LLC"
72937,SUNSET PAIN RELIEF ROLL-ON 3OZ
72944,"MEDICELL BIO CO., Ltd."
72951,Exocobio Inc.
72957,Private Label Skin Care
72960,"Revance Therapeutics, Inc."
72964,"Liquidia Technologies, Inc."
72968,Nashco Products LLC
72972,Scope Health Inc
72973,HOWARDS MEDICAL LLC
72974,"Sumitomo Pharma America, Inc."
72975,FITGLOW BEAUTY LLC
72976,"SZY Holdings, LLC dba EverReady First Aid"
72983,Tenshi Kaizen Pvt Ltd
72986,Family Enterprises LLC dba Preferred Cylinder Services
72987,"Accurate Healthcare, Inc."
72988,"Lydia Co., Ltd."
72989,"Acertis Pharmaceuticals, LLC"
72990,CorMedix Inc.
72995,"GenVentures, Inc dba Genesis Home Medical Equipment"
72998,"KD Pharma USA, Inc."
73001,"Sunday Riley Modern Skincare, LLC"
73002,Green Earth Health Inc.
73008,"Tennessee Medical Equipment, Inc."
73010,"Apprendista, LLC"
73012,Med-Ox Supply
73015,"HangZhou YangYi Daily Cosmetics Technology Co., Ltd."
73017,Eyeganics LLC
73024,Melcare Biomedical Pty Ltd
73025,Shalom International Corp
73030,DETROIT WICK
73034,Home Healthworks Inc.
73037,"The Medical Store, Inc."
73039,"AxisCare Health Logistics, Inc."
73042,"Y-mAbs Therapeutics, Inc."
73043,Devatis Inc.
73044,KT Health LLC
73046,"Pelli Skin Co.,LLC."
73048,Zen Enterprises LLC
73052,T & S Home Oxygen Supply Co.
73054,"SOLARA SUNCARE, INC."
73055,"West Healthcare Solutions, Inc dba Mercy Plaza Respiratory & Medical Supply"
73057,Ulai Health LLC
73059,Shield TX (UK) Ltd
73060,Florida Oxygen & Transfilling Inc.
73062,"Avro Enterprises, LLC"
73067,Pogue Medical Services
73070,Novo Nordisk
73071,"DEWYTREE CO. ,LTD"
73075,Isla Home Infusion
73076,"Shenzhen Ishan Technology Co., Ltd"
73077,Fennec Pharmaceuticals Inc.
73078,Professional Medical Supply
73079,"Eiger BioPharmaceuticals, Inc."
73082,Orange Pharmaceuticals USA LLC
73086,"Skya Health, LLC"
73087,KENRIC INC dba Trinity Medical Supplies
73088,TUBBY TODD
73089,PLx Pharma Inc
73090,Recordati Rare Diseases
73093,Dusara Corporation dba UniversalMed Supply
73095,"Small Batch Beauty, LLC"
73096,"ABACUS HEALTH PRODUCTS, INC."
73105,"Micreos North America, Inc."
73107,TURKUAZ SAGLIK HIZMETLERI MEDIKAL TEMIZLIK KIMYASAL URUNLER SANAYI VE TICARET AS
73116,"Secura Bio, Inc"
73117,Blue Echo Care LLC
73128,"Paloven, Inc."
73130,"Bottled Science, Inc."
73132,"Green Compass, Inc."
73134,Lycl Inc.
73141,A2A Integrated Pharmaceuticals
73145,ASC Marketing LTD
73150,"TG Therapeutics, Inc."
73152,Athem LLC
73153,"Juno Therapeutics, Inc."
73154,"Ardelyx, Inc."
73159,"Lacer Pharma, LLC"
73162,Health Masters LLC
73168,Rejuvica LLC
73169,DR. FRIEDMAN'S NO MORE NOSEBLEED KIT INC.
73179,"Reata Pharmaceuticals, Inc."
73180,MARYHELENE ENTERPRISES INC
73190,AvKARE
73206,Underscore USA
73207,"Deciphera Pharmaceuticals, LLC"
73208,"RB Health Mexico, S.A. de C.V."
73233,"Express Companies, Inc."
73234,"MING FAI ENTERPRISE (CAMBODIA) CO., LTD"
73238,CAUSE FOR CHANGE LLC
73240,Sunflora Inc.
73242,"DONG IL PHARMS CO.,LTD"
73243,"YouV, LLC"
73246,Diractions Capital LLC
73251,Hinature
73252,"Hunan Xiong Shi Pharmaceutical Co., Ltd"
73254,GISKIT PHARMA B.V.
73266,"One Home Medical Equipment, LLC"
73282,CalmCo LLC
73284,"Innovation Labs, Inc."
73287,Telebrands Corp
73288,"NINGBO TIANBO FIRST AID PRODUCT CO., LTD."
73289,"Aucta Pharmaceuticals, Inc."
73291,SKINBETTER SCIENCE LLC
73292,"NS Pharma, Inc."
73293,"Huons Co., Ltd."
73294,"Awesome Trading, LLC"
73296,Laboratoire Schmidt-Nagel Inc.
73302,"HRA PHARMA AMERICA, INC."
73305,"CH BIO CO., LTD."
73306,Baston Industria de Aerossóis Ltda
73308,"Ayurax, LLC"
73311,CureImmune
73313,"Sugar Brands, LLC"
73317,SLV Pharmaceuticals LLC
73318,SKIN PS Brands
73324,T. Spruill LLC.
73336,"Sumitomo Pharma America, Inc."
73341,M2B Pharma LLC
73350,TNT PRO SERIES
73352,"Trifluent Pharma, LLC"
73354,"Galaxy Bio, Inc."
73362,"Ascendis Pharma Endocrinology, Inc."
73368,"Kinetics Derma Beauty, L.L.C"
73371,"Clean Remedies, LLC"
73372,CLINUVEL INC.
73376,INVAHEALTH INC
73381,"Hero Cosmetics, Inc."
73382,Natures Design Products LLC
73386,"Sanvall Enterprises, Inc"
73391,"ENS KOREA Co., Ltd."
73399,"20Lighter, LLC."
73408,Thompson
73410,SOFIE Co. dba SOFIE
73414,Seaway Pharma Inc.
73418,Hello Bello
73419,"Jellycup, Inc."
73421,White Manufacturing Inc. DBA Micro West
73422,American Medical Inc
73432,"OSEA International, LLC"
73436,Cadence Health Inc
73441,Gamida Cell Inc.
73442,"I World Pharmaceutical Co., Ltd."
73453,Ambi Enterprises LLC
73462,"G1 Therapeutics, Inc."
73466,MISOCOS
73469,Scholls Wellness Company LLC
73473,Solaris Pharma Corporation
73474,"DEMAND SERVICE, CO., LTD."
73475,argenx US
73486,Farla Medical Healthcare LTD
73487,Korex Chicago LLC
73488,ENCORE WELDING AND INDUSTRIAL SUPPLY LLC
73492,ALAINA HEALTHCARE PRIVATE LIMITED
73496,Roc Skincare
73498,WB VENTURES LLC
73499,MC2 Therapeutics Ltd
73502,Sarfez Pharmaceuticals Inc
73503,PSODEX USA INC
73509,Garam Of Nature
73513,"Health Chemical Pharmaceutical Co., Ltd"
73515,Avvisto Therapeutics LLC
73517,"Amyris, Inc"
73519,"Laboratorios Quimica Son's, S.A. de C.V"
73521,"Oyster Point Pharma, Inc."
73526,Summer Herbal Inc.
73527,"CONE MEDICAL Co., Ltd."
73528,"Zero Flakes Given, Inc."
73536,PharmaEssentia USA
73539,CellTrans Inc.
73542,Maiva Pharma Private Limited
73543,"SAKRX, LLC dba Kohll's RX"
73544,"MasVida Health Care Solutions, LLC"
73554,"bluebird bio, Inc."
73555,"Syndax Pharmaceuticals, Inc."
73556,"ChemoCentryx, Inc."
73557,"Shanghai Chuangshi Medical Technology (Group) Co., Ltd."
73562,"Aimmune Therapeutics, Inc."
73564,"Newpharma, Inc."
73570,"Dr. O's Dermabalm, Llc"
73572,Proven Skincare
73581,YYBA CORP
73586,EM Cosmetics LLC
73590,"NOKSIBCHO cosmetic Co., Ltd."
73591,FARMASIERRA MANUFACTURING SL
73594,Pharmacosmos Therapeutics Inc.
73597,Mission Series Inc. dpa Prestige Beauty Care
73598,JHK Inc
73603,PMS4PMS LLC
73604,"Kiniksa Pharmaceuticals (UK), Ltd."
73606,"Apellis Pharmaceuticals, Inc."
73607,"Amivas, Inc"
73609,Seven Minerals NA LLC
73614,Brisk Pharmaceuticals
73620,"Tenacious Holdings, Inc."
73624,"Olympus America, Inc."
73625,"Myokardia, Inc."
73629,AMZ789 LLC
73632,"Olympus Trading Company, LLC"
73635,"Germa Products, LLC"
73645,DONGYANG SPECIAL WOOD CORPORATION
73647,Just Brands LLC
73648,Mesoblast
73650,"Provention Bio, Inc."
73653,DOC Brands
73656,WHITE GLO USA INC
73665,KARI GRAN
73666,"Doctor Choi`s Korea Co., LTD."
73669,"Unimed Pharmaceuticals, Inc."
73670,Alli LLC
73676,"Fourcompany Co., Ltd."
73683,"Nobelpharma America, LLC"
73684,"BluCrest Pharmaceuticals, LLC"
73687,"RVL Pharmaceuticals, Inc."
73690,Offspring Beauty Co.
73691,"Coral Reef Park Co., Inc."
73698,"ScleraCare, LLC"
73712,"Bonafide Health, LLC dba Uqora"
73715,Mohnark Pharmaceuticals Inc.
73716,"Good Clean Love, Inc."
73736,"Plexoris Health Care Products, Llc"
73737,pushclean technology plastik sanayi ve ticaret limited sirketi
73739,Olivia Care
73760,"Zhejiang Easyclean Daily Chemical Co., Ltd."
73769,"NATURE'S FUSIONS, LLC"
73776,Iovance Biotherapeutics Inc.
73780,Ohemo Life Sciences Inc.
73796,Prostock LLC
73814,Cyclomedica Australia Pty Limited
73833,Unified Solutions for Cleaning Inc
73877,"Meebak Beauty, Inc"
73881,Griffin Chemical Company LLC
73898,Noshinku
73905,"ZHEJIANG JINGHUI COSMETICS SHARE CO.,LTD"
73927,"BD TECHNOLOGY CO.,LTD"
73928,"KINGKEY MBC LIFE TECHNOLOGY GROUP CO.,LTD"
73943,"Rite-Kem, Inc."
73964,"Happy Farm Botanicals, Inc."
73978,"Marque of Brands Americas, LLC"
74149,"Yiwu Yangjie Daily Chemicals Co.,Ltd."
74154,WINDMILL HEALTH PRODUCTS LLC
74157,INA PHARMACEUTICS INC.
74177,K7 Design Group Inc.
74196,ACE PHARMACEUTICAL CO LTD
74213,"Max Chemical, Inc."
74301,"Medwiser, Inc."
74307,Clutch Inc
74340,Jungwon Company
74355,Avespan LLC
74375,Iron Lab SA de CV
74458,"Guangzhou Yilong Cosmetics Co., Ltd"
74472,"PERENNEBELL Co., Ltd."
74527,"MacroGenics, Inc"
74528,"Albireo Pharma, Inc."
74545,Palmero Healthcare
74550,Healthy Habits Management Company Inc.
74587,Feel Good Pets LLC
74602,"Nuvik Usa, Inc."
74640,Gordon Industries
74641,Sobe Promos LLC
74642,Virgin Scent Inc
74676,Verity Pharmaceuticals Inc.
74680,Unico International Trading Corp
74683,Horizon Tool Inc.
74690,Farmasi US LLC
74695,"Mycovia Pharmaceuticals, Inc."
74707,"Virus Protection Systems,LLC"
74709,Air Liquide Canada Inc
74712,In Designs Global LLC
74724,"K.Boeun Pharmaceutical Co.,Ltd."
74725,Telix Pharmaceuticals (US) Inc.
74740,KONAD CO LTD
74781,Tibolli LLC
74810,Replenish Bottling LLC
74851,Xtreme Personal Care Inc
74866,"SUAVECITO, INC."
74876,"Custom Quest, Inc."
74884,AS BEAUTY
74913,"SHANTOU S.E.Z BAOJIE INDUSTRY CO., LTD"
74934,"Zhejiang iColor Biotech Co., Ltd"
75044,"American Chemical Systems II, LLC"
75053,"Nucleic Products, LLC"
75065,"Made By Dentists, Inc."
75071,Eco Lips. Inc.
75087,"Oncoderm, LLC"
75112,"Zhejiang Shenying Technology Co., Ltd. Jiaojiang Branch"
75115,Soapbox Soaps LLC
75124,Pure O2
75181,"Jinhua Aidi Daily Chemical Co., Ltd."
75214,"HANUL CO.,LTD"
75248,ICARCOVER INC.
75262,ZheJiang Eshine Cosmetic Co Ltd
75266,"Purocol, LLC"
75269,"LINGHAI ZHANWANG BIOTECHNOLOGY CO.,LTD."
75356,"AJ Co., Ltd."
75376,Guangzhou Danting Bath&Body Care Industry Co. Ltd
75470,"Tecnoglobal, PH7 S.A. DE C.V."
75523,"PROJECT CHEMISTRY, INC."
75541,"NINGBO MEITELI COSMETICS CO., LTD"
75543,"Fujian Yifa Healthcare Products Co., Ltd."
75568,"Planet (Anhui) Pharmaceutical Co., Ltd."
75578,Sunmedi
75587,"IBR Packaging, LLC"
75622,"Henan Yeesain Health Technology Co., Ltd."
75626,"Aurinia Pharma U.S., Inc."
75632,"Consolidated Chemicals, LLC"
75638,"Dynamic Blending Specialists, Inc."
75644,KEWS CORPORATION
75712,Dollar General Corporation
75742,"Zhejiang Guoyao Jingyue Aerosol Co., Ltd."
75765,Samhyun pharma
75779,"GUANG DONG 3 INS TECHNOLOGY Co., Ltd"
75786,"Elemental Herbs, Inc."
75796,Make2Give LLC
75826,Winder Laboratories LLC
75828,"Pure-Ox, LLC"
75833,"Delcath Systems, Inc."
75834,"Nivagen Pharmaceuticals, INC."
75849,LABORATORIOS QUANTIUM LLC
75854,"Avion Pharmaceuticals, LLC"
75897,Unette Corporation
75907,Dr. Reddy's Labratories Inc.
75913,Washington University School of Medicine
75920,Rally Labs LLC
75929,"Pharma Packaging Solutions, LLC dba Tjoapack LLC"
75930,"SG Homecare, Inc."
75936,Supergoop LLC
75940,MarcusUSA
75981,"Perrigo Direct, Inc."
75983,First Aid Research Corp.
75987,"Horizon Therapeutics USA, Inc."
75990,"Certus Medical, Inc."
76018,"Key 2 Health, Inc."
76020,Home Health
76045,"Fresenius Kabi USA, LLC"
76069,HCD Sales
76075,"Onyx Pharmaceuticals, Inc."
76091,Oxygen Support Systems Inc
76092,"M.J. Winston International, Ltd."
76095,MIDWAY IMPORTING INC.
76102,"Baker's Best Health Products, LLC"
76117,"Okendpharma, Inc."
76123,School Health Corporation
76125,Kedrion Biopharma Inc
76128,"Pinnacle Biologics, Inc."
76138,Innovation Specialties Inc
76144,"Paula's Choice, Inc"
76147,StriVectin Operating Company Inc.
76151,Boscia LLC
76159,"3LAB, Inc"
76162,Topco associates LLC
76168,Velocity Pharma LLC
76176,"Ningbo Liyuan Daily Chemical Products Co., Ltd."
76179,Kedrion S.p.A.
76184,Fantasia Beauty LLC
76187,"Isagenix International, LLC"
76204,"Ritedose Pharmaceuticals, LLC"
76209,Market America
76229,Likewise Incorporated
76277,"Cearna, Inc."
76281,AptaPharma Inc.
76282,"Exelan Pharmaceuticals, Inc."
76286,"SKINN COSMETICS, LLC"
76293,Emeis Cosmetics Pty Ltd
76296,"Caudalie USA, Inc."
76297,LABORATORIOS GRIFOLS SA
76305,"China-Gel, LLC"
76309,"SnugZ/USA, LLC"
76310,Clinigen Limited
76314,"Lovely Skin, Inc."
76315,"DeVere Company, Inc."
76318,Massachusetts General Hospital
76326,The Regents of the University of Michigan
76328,"LOTUS BRANDS, INC."
76329,"International Medication Systems, Limited"
76333,"Orient Pharma Co., Ltd."
76336,HRA Pharma Rare Diseases
76346,Corcept Therapeutics Incorporated
76348,"Renu Laboratories, LLC"
76349,Gas and Supply
76354,"e.l.f. Cosmetics, Inc."
76357,Triumph Pharmaceuticals Inc.
76370,Tazza Brands East Inc.
76376,"Hamamatsu/Queen’s PET Imaging Center, LLC"
76378,"Enzyme Solutions, Inc."
76381,BIPSO GmbH
76385,BAYSHORE PHARMACEUTICALS LLC
76394,UCLA Biomedical Cyclotron
76398,TOM FORD BEAUTY DIST
76402,Hillyard GMP
76420,"Asclemed USA, Inc."
76431,Amryt Pharmaceuticals DAC
76436,Viny Health and Beauty Inc
76441,Sujanil Chemo Industries
76446,Anna Lotan Ltd
76450,MESOESTETIC PHARMA GROUP SL
76457,Simpex Pharma Pvt. Ltd
76458,"Circadia by Dr Pugliese, Inc."
76470,Valley Medical Products LLC
76472,SEVENE USA
76483,SQUARE PHARMACEUTICALS LIMITED
76485,Rimmel
76494,Prinston Pharmaceutical Inc.
76546,"Southern Telecom, Inc."
76557,KYNC Design LLC
76567,TSM BRANDS LLC
76635,"Hangzhou Glamcos Biotech CO.,LTD"
76670,"DOCSMEDI Co., Ltd."
76737,CREAGEN INC
76806,Logomark Inc
76864,Procaps S.A. de C.V.
76891,SCENT THEORY PRODUCTS LLC
76892,Design International Group
76906,"Zhejiang BeiTao Hygienic Products Co., Ltd."
76924,General Organics Inc.
76961,"Spectrum Pharmaceuticals, Inc."
76973,GG Healthworks Inc.
76978,"Satsuma Pharmaceuticals, Inc."
76986,"Guangdong Quadrant Ecological Technology Co., Ltd."
77008,"BIOHERB Co., Ltd."
77039,IDO PHARM
77052,Derm Ventures LLC
77129,Travel Retail Global Inc
77133,ALCOVE BRANDS
77267,"Ningbo Riway Industrial Co., Ltd."
77333,"Gendose Pharmaceuticals, LLC"
77338,ASTONEA LABS PRIVATE LIMITED
77358,"Magic Blue, LLC"
77365,Thrive Causemetics
77371,NICETY SOLUTIONS LLC
77394,"Lather, Inc."
77412,"Shandong Liaocheng Chaoyue Daily Necessities Co., Ltd."
77418,ATAK FARMA KOZMETIK VE KIMYA SANAYI TICARET ANONIM SIRKETI
77435,"HAINING LILY CLEANING PRODUCTS CO., LTD"
77446,We've Got Chemistry LLC
77462,SORA KOZMETIK SANAYI TICARET ANONIM SIRKETI
77530,Impel Pharmaceuticals LLC
77556,Astera International LLC
77573,"Jiangsu Aimeili Cosmetic Co.,Ltd."
77595,"J-Tech Digital, INC"
77617,Maintex
77629,"Pocket Nurse Enterprises, LLC"
77665,"Guangzhou Baihua Co., Ltd"
77677,Advanced Ultrasound Solutions Inc.
77678,"Hebei Zihan Textile Co., Ltd"
77693,BeSafe Industries LLC
77707,MAGNET FRAGRANCE&ACCESSORIES
77714,"Bullfrog Brands, LLC"
77720,Skaffles Group
77725,"L.e.d. Cosmetics, Inc."
77771,"RADHA PHARMACEUTICALS, INC."
77782,MKJ BRANDS LLC
77790,Red Wedding LLC
77794,"Prime Dental Manufacturing, Inc."
77908,"ABC Technical Solutions, Inc."
77931,Pick Enterprises Corp
77939,Savone SA
77955,Custom Chemical Solutions
77964,"HANSCOS Co.,Ltd."
77971,Eighteen American Enterprises
77975,"Guangzhou Tingcai Cosmetic Co., Ltd."
78003,"Aphex Biocleanse Systems, Inc"
78016,Klenlii Company
78041,Fusion Chemcial
78091,"Mighty Good Solutions, LLC"
78149,"Qingdao Hainuo Biological Engineering Co., Ltd."
78151,PIGEON CORPORATION
78156,Ashford Textiles LLC
78164,Gertex Hosiery
78181,"PARAGON SOLUTIONS US, INC."
78192,BOE Dominicana SRL
78206,Organon LLC
78229,Beauty Partners LLC
78245,"Decon7 Systems, LLC"
78271,78271
78280,Kericure Inc.
78283,BERIOSKA SL
78304,BLAKEMORE SALES CORPORATION
78308,"VRB Labs, LLC"
78317,TAN-ALIZE KOZMETIK VE TEMIZLIK URUNLERI SANAYI VE TICARET ANONIM SIRKETI
78405,WATERMARK LIMITED
78440,INTERNATIONAL GENERAL TRADING CORP
78482,"Mark Cuban Cost Plus Drug Company, PBC"
78495,Ultra Distributors Inc.
78518,MONAT GLOBAL CORP
78573,Jermee Inc
78589,"Sanvio, Inc."
78611,Small World Brands
78613,"Benuvia Operations, LLC"
78641,Global Equipment Company Inc.
78663,Releaf Technologies LLC
78670,"USWM, LLC"
78674,Biopure Services Llc
78691,QUEST USA CORP.
78709,PHYSICIAN LABORATORIES INC
78713,MiWorld Accesories LLC
78714,Barbara Ann Karmanos Cancer Hospital
78732,"Traditional Medicinals, Inc."
78768,CROP BEAUTY GROUP INC.
78863,Noon Aesthetics M.R. Ltd
78870,America Exchange
78882,"Hangzhou Bo Clean Hygiene Products Co., Ltd"
78927,"NUVOMED,INC."
78936,"Hangzhou Caring Cleaning Commodity Co., Ltd"
78940,Golden Mills LLC
78970,"DOCTOR PAINE'S MEDICAL, LLC"
78982,"KLEAN FREAK, LLC"
78983,"IDEAZ, LLC"
79016,"Archer Manufacturing, Inc."
79043,"Scite Pharma, LLC"
79052,The Biz Angels LLC
79056,Metalloid Corporation
79163,Eco-Chic LLC
79214,"TT Fitness, Inc"
79218,"MATRIX MIXOLOGY, INC"
79258,Brady Industries
79265,"Babo Botanicals, Inc."
79316,"PHOENYX DISTRIBUTING., LLC"
79356,Onekind.25
79364,United Industries Corporation
79378,Mirum Pharmaceuticals Inc.
79395,Chalkboard Health
79396,BOZZANO Group
79401,ORR Safety Corporation
79403,Global Life Sciences Solutions USA LLC
79432,"Industrias Maquín, S.A. de C.V."
79446,Major Surplus And Survival Inc.
79468,KEN-RICH CORPORATION SDN. BHD.
79481,Meijer
79524,Xact Xpressions
79530,Namco Manufacturing INC.
79539,"Shandong Yayun Sanitary Products Co., Ltd."
79596,TOO FACED COSMETICS LLC
79622,"Chimerix, Inc."
79625,Ascendant Beauty LLC
79631,Andaz Group LLC
79643,PHARMACURE LLC
79662,"Rain Eye Drops, LLC"
79671,"Flavor Reddy Foods, LLC"
79672,Nextgen Pharmaceuticals LLC
79739,"LGM PHARMA SOLUTIONS, LLC"
79747,ELEEO BRANDS LLC
79753,"COOLA, LLC"
79794,"Zhejiang Furuisen Spunlaced Nonwovens Co., Ltd."
79802,"Kadmon Pharmaceuticals, LLC"
79804,Eagle Labs Inc.
79805,"JUXIN (Jiangsu) New Material Packaging Co., Ltd."
79835,Lemyn LLC
79845,"Charlotte's Web, Inc."
79903,"Wal-Mart Stores, Inc."
79906,"IVY ENTERPRISES, INC."
79913,"SHANDONG HENGFA HYGIENIC PRODUCTS CO., LTD."
79929,Naari Pte Limited
79940,FORMIA LIMITED
79950,BONDI SANDS (USA) INC.
79952,"ADC Therapeutics America, Inc."
79959,APR BEAUTY GROUP INC
79967,AHC Ltd
79974,"Miramar Cosmetics, Inc DBA Miramar Lab"
79985,KARI-OUT LLC
79988,Medik8 Limited
80004,VITAMEDICA INC
80005,Carnegie Pharmaceuticals LLC
80016,INTERNATIONAL CONSUMER PRODUCTS (PVT.) LTD
80042,"NEW WAVE CLEANING SOLUTIONS,LLC"
80045,"DOCTOR'S CHOICE MEDICAL, LLC"
80046,Sunset 20 LLC
80056,Intra-Sana Laboratories
80064,Palatin Technologies
80070,Foundation Consumer Brands
80136,Northeast Pharma
80139,"Foshan Yiying Hygiene Products Co., Ltd."
80190,CARSON’S NUT-BOLT AND TOOL COMPANY INCORPORATED
80203,Bioverativ Therapeutics Inc.
80216,"Sano Ti Amo, LLC"
80228,"Universal Synergetics, Inc"
80267,Live Betr LLC
80272,"Ellywell, LLC"
80324,"Les Technologies Ptero, Inc"
80325,"Naturally Uncommon, LLC"
80327,JOONEM LLC
80328,Paume Inc
80335,EverywhereAire LLC
80353,HCBIOPHARM LLC
80396,"MAD RABBIT TATTOO, INC."
80425,"Advanced Rx Pharmacy of Tennessee, LLC"
80434,Worklifebrands LLC
80436,"RMT Global Partners, LLC"
80446,Immunocore Commercial LLC
80447,Fact Products
80465,EROS GLOBAL
80476,"Le Prunier Farms, Inc."
80486,Make USA LLC
80487,By Humankind Inc
80489,"OL PHARMA TECH,LLC"
80491,Idorsia Pharmaceuticals Ltd
80499,USA Broom LLC
80513,Advanced Rx LLC
80524,"Tempo Industries, Inc."
80534,"Polarean, Inc."
80539,Allwell Health Inc
80551,Acutens
80569,"Triple Point Group, LLC"
80573,"PLIUS, Inc"
80579,"Walla Walla Environmental, Inc."
80581,QuadSil Inc
80584,Winx Health Inc.
80586,Cleanslate Group LLC
80587,Prime Labs LLC dba Quality CDMO
80588,Alkaline Corporation
80603,Marius Pharmaceuticals
80610,"Arcutis Biotherapeutics, Inc."
80614,SCALPI COSMETICA S.A
80618,YES SALES INC.
80631,"Novavax, Inc."
80641,Vacation Inc.
80644,"Zealand Pharma US, Inc"
80650,Pur O2 LLC
80651,Diaperderm Inc
80659,Purifi LLC
80661,Aeroflex Industria de Aerosol Ltda
80670,BAY BELLE LABS
80671,"QUANZHOU AIWINA HYGIENE PRODUCTS CO.,LTD"
80673,"Ridgeback Biotherapeutics, LP"
80684,"FOURSTAR GROUP USA, INC."
80689,Hygieia
80705,"TRIPOINT THERAPEUTICS, LLC"
80725,Waylis Therapeutics LLC
80735,Cipla Therapeutics Inc.
80739,"Mirati Therapeutics, Inc"
80763,"Beachwood Medical Supply, Inc."
80770,NATURAL 17
80771,"Wild Horse 777, Inc."
80777,"Moderna US, Inc."
80789,"Upsher-Smith Laboratories, LLC"
80803,Aadi Bioscience
80814,H2 Nutrition
80817,The Lip Bar
80823,Kandel & Son
80830,Amneal Pharmaceuticals Private Limited
80841,"Bella Cosmeceuticals, Inc."
80855,"Virtue Labs, LLC"
80860,"London Exchange Window, Inc."
80861,"AcneFree, LLC"
80883,"Miracle Balance, LLC"
80949,Anthony Skin LLC
80953,Aquatonale FZC
80971,"Norwex Usa, Inc."
80976,Bubble Marketing Llc
80986,Youngevity International Inc.
81005,Aarkish Pharmaceuticals NJ Inc.
81016,"AML Bio Co., Ltd."
81033,Kesin Pharma Corporation
81034,"SMOOTH SIDE, INC"
81046,"Eyenovia, Inc."
81050,"No Reason, LLC"
81052,"On Target Laboratories, Inc."
81063,CANOPUS WET WIPES PRIVATE LIMITED
81072,"Devon Products, LLC"
81079,"SHAOXING ELITE BIO-TECH CO.,LTD."
81085,"Sarnova, Inc."
81092,"BioXcel Therapeutics, Inc."
81100,ISNTREE Inc.
81104,NAKED SUNDAYS PTY LTD
81110,"Ilia, Inc."
81123,The Creme Shop
81136,Brand Evangelists for Beauty Ltd.
81137,"SQ Innovation, Inc."
81140,Protega Pharmaceuticals Inc
81153,ITERUM THERAPEUTICS US LIMITED
81155,Elemental Bliss LLC
81159,The Seaweed Bath Co.
81165,"Hugel, Inc."
81179,YET HEALTH GROUP LLC
81186,Perbelle Cosmetics Global Ltd.
81201,Youth Corridor
81208,YB CHEMIA LLC
81275,ROROBELL
81277,Sodalis USA LLC
81279,Pangea Pharmaceuticals LLC
81280,"Mazza Healthcare, LLC"
81284,Provepharm Inc.
81286,UNITRADE FZE
81287,Service Drug dba Petersen Drug
81298,"Long Grove Pharmaceuticals, LLC"
81309,LYW BIOTECH CO LIMITED GUANGZHOU
81313,AMERICAN MEDICAL GAS RESOURCES LLC
81319,Lemonbella LLC
81331,"Sportsmith, L.L.C."
81335,"RxDino, LLC"
81339,NeatGoods LLC
81341,"PURA VIDA BODY & MIND SPA, INC."
81351,LL Pharma
81352,SANTO REMEDIO LLC
81361,"Hangzhou Chunchi Touring Commodity Co., Ltd."
81362,LLS HEALTH LLC
81377,"Emme Diane, Inc"
81381,Shunly Skin Care LLC
81385,"CleanGenic, LLC"
81389,Sinew Pharma Inc.
81393,Premier Plastic Surgery
81403,Murphree Chiropractic
81404,BeeCleanSpot
81409,"Maul Vera, Inc."
81417,"Sled Distribution, LLC"
81425,"Applied Bioenergetics, LLC"
81428,SINGULAR ENTERPRISES LLC
81434,Tifco Industries
81438,Detco Industries
81442,Competitive Choice
81457,ALEVAI PRODUCTS LLC
81461,Mara Beauty LLC
81469,"First Nation Group, LLC"
81471,SafeSpace Co.
81481,"Altor BioScience, LLC, an indirect wholly-owned subsidiary of ImmunityBio, Inc."
81488,"Kadesh Incoporation Co,Ltd"
81493,Priia Cosmetics Inc
81502,"Dead Down Wind, LLC"
81504,Pro-Line Industrial Products
81507,Advanced Derm Solutions LLC
81515,"Peach & Lily, Inc."
81520,Phathom Pharmaceuticals Inc.
81521,Beautcella Inc.
81522,FSA Store Inc.
81524,SOOTSOAP SUPPLY CO LTD
81526,Titus Medical LLC
81533,Noble OTC LLC
81535,Flawless Skin Care LLC
81537,Danne Montague King
81540,CJ Olive Young Corporation
81542,"Bantry Pharma, LLC"
81551,"Clark Core Services, LLC"
81565,Phlow Corporation
81568,Dr. Brandt
81574,Skinlycious Pte Ltd
81583,Immedica Pharma US Inc
81584,Dr Radows
81591,"ASEPTIC CONTROL PRODUCTS, INC."
81603,"Htl-Strefa, Inc."
81607,Orbicular Pharmaceutical Technologies Private Limited
81609,"Forest On Co., Ltd"
81628,Shop Bee's Wax LLC
81630,"Shan Dong Lircon Medical Technology Co., Ltd"
81632,"INTELLIGENT ELEPHANT, LLC"
81633,"Treadmilldoctor.com, Inc."
81637,Project Reef LLC
81638,TEKT TONE LABS LLC
81643,"JND Therapeutics, Inc."
81651,"Kone Bio Logics Co., Ltd."
81653,"Guangzhou Jianyuan Biological Technology Co., Ltd."
81660,"Grimann, S.A. de C.V."
81662,Z&Z Skin Essentials
81665,Omnivium Pharmaceuticals LLC
81670,"F21 OpCo, LLC"
81672,Organon LLC
81678,Summer Fridays LLC
81679,"Hutton, Kathleen MD"
81681,"WEST PENN LACO, INC."
81683,"Implus Footcare, LLC"
81700,Ozark Physical Medicine Center for Operations Ozark Plaza and Medical Services DBA Ozark Home Medical Equipment
81734,CRYOGENIC SOLUTIONS LLC
81738,Sunny Q Sunscreen LLC
81740,Auraglow LLC
81746,"ZITSTICKA, Inc"
81749,Calliditas Therapeutics AB
81750,"Kinfield, Inc."
81751,"Anita Saluja, Md, LLC"
81755,Shimmy Products LLC
81759,BAMF Health Inc.
81761,"Qur, Inc"
81773,"Zhejiang Qimei Cosmetics Co., Ltd."
81775,"Health Technology Professional Products, Inc"
81777,PREMIUM NATURAL COSMETICS INC
81780,"Yoderm, Inc."
81790,"MAC Innovations, LLC"
81792,Von Drehle Corporation
81793,"Armis Biopharma, Inc"
81802,Orphalan SA
81803,Valley Inc.
81806,Doppel Farmaceutici S.r.l.
81811,"Resilia Pharmaceuticals, Inc."
81825,Zorex International
81826,CODAN US CORPORATION
81831,"Chuanzongbao (Hangzhou) intangible cultural heritage protection Co., Ltd"
81839,CSL Plasma Inc.
81849,"Shandong Lianfa Medical Plastic Products CO.,LTD"
81860,"Ixxa, Inc."
81864,GlaxoSmithKline LLC
81873,"IFACKOREA CO., LTD"
81877,FORREAL PHARMACEUTICALS LLC
81890,Vanibiss Inc
81893,The Green Scissor Inc
81894,"Luoxin Aurovitas Pharma (Chengdu) Co., Ltd."
81899,Tower 28
81900,"Silicon Valley Innovations, Inc."
81902,Whitestone Products LLC
81907,TRUTEK CORP.
81923,SKINS SEXUAL HEALTH LIMITED
81927,Shorla Oncology Inc.
81929,Taisho Pharmaceutical California Inc.
81931,New Beginnings Tattoo Removal
81942,"Tarsus Pharmaceuticals, Inc."
81943,"Aqua Medica, S.A. de C.V."
81948,"Azorian Pharma, LLC"
81952,Hepalink USA Inc.
81953,Dermala Inc
81960,"Invivyd, Inc"
81962,BROOKS STERISCIENCE LIMITED
81963,"NovaBay Pharmaceuticals, Inc."
81964,"USAntibiotics, LLC"
81968,"Axsome Therapeutics, Inc."
81980,Health Body World Supply Inc.
81985,M3 Naturals LLC
81995,First Honey LLC
82001,"Jiangxi Zhenmei Biological Technology Co.,Ltd"
82009,Quallent
82012,"Senores Pharmaceuticals, Inc."
82018,SHYNE BRANDS
82026,"CV Sciences, Inc."
82038,Derma Research Group Inc.
82041,"Misco Industrial, LLC"
82043,At Home Health Equipment
82046,L’Oreal USA Products Inc
82052,Annmarie Gianni Skin Care LLC
82061,"Shandong Aishule Hygiene Products Co., Ltd"
82069,"Buttah Enterprises, LLC."
82076,"National Paper Company, Inc."
82077,"Royal Papers, Inc."
82078,"Morrisette Paper Company, Inc."
82083,LAON COMMERCE co ltd
82086,Formula 7venz L.L.C.
82088,Odacite
82089,Technomed Inc.
82091,Kaylaan LLC
82094,"Tianjin Kingyork Pharmaceuticals Co., Ltd"
82098,Raya Pharmaceuticals LLC
82107,Regena Spa PLC
82109,"Rare Beauty, LLC"
82111,Edenbridge Pharmaceuticals LLC.
82123,SBS BILIMSEL BIO COZUMLER SANAYI VE TICARET ANONIM SIRKETI PINAR SUBESI
82126,"Apcco Labs, Inc"
82131,"Acadian Crossing Consumer Products, LLC."
82137,"Lepu Pharmaceutical Technology Co., Ltd."
82140,eHealth Nexus LLC
82141,Chipican LLC
82143,"Bio-Thera Solutions, Ltd."
82145,"Aloe Vera Korea Co.,Ltd."
82153,"Live Tinted, Inc."
82154,pharmaand GmbH
82157,Wella Operations US LLC
82160,Pella Pharmaceuticals Co. Ltd
82167,"Shandong T&F Medical Technology Co., Ltd"
82168,"Guangzhou City Caiye Cosmetics CO., Ltd"
82177,Biomin LLC
82179,Mollec Inc
82182,"Pacific Pharma, Inc."
82184,A-Frame SunCo Inc
82186,Zax Healthcare Inc.
82188,Thirty7 LLC
82191,Medical Symbiosis Pty Ltd
82194,"Krystal Biotech, Inc."
82198,Big 5 Nutrition LLC
82214,Moon Oral Care LLC
82215,"Marlowe Holdings, LLC"
82228,"BridgeBio Pharma, Inc."
82240,DERMAKA SKIN PRODUCTS
82247,BRICKELL BRANDS LLC
82249,"CivicaScript, LLC"
82260,Bausch & Lomb Americas Inc.
82262,GASPARI ANTI-AGING LLC
82264,"UNCHARTED SUPPLY COMPANY, INC."
82266,BALBOA COMPANIES LLC
82269,"Seiseidou America, Inc."
82275,"Shenzhen Intra Industry Co., Ltd"
82280,Theraplex Solutions
82281,"STRYX MEN, INC."
82287,"IHerb, LLC"
82292,"Lumicell, Inc."
82293,Novugen Pharma (USA) LLC
82305,"Regenerative Processing Plant, LLC"
82308,"Boxout, LLC"
82311,Biom Innovations Inc
82317,"AO Biologix, LLC"
82319,ZENSEZONE LLC
82323,Boise Image Enhancement Centre PA
82325,GLO PHARMA
82328,REJUVA MINERALS INC
82329,SKINMETICS INC
82345,"The Hygenic Company, LLC"
82347,YARAL Pharma Inc.
82350,"MD Medical Designs, Inc."
82355,ALO New York LLC
82365,"Saguaro Dermatology Associates, L.L.C"
82372,Good Manager Holdings Inc
82373,TRENDY JOHN LLC
82376,SPAZI INC.
82381,"TheracosBio, LLC"
82385,"BESTVALUE Co., Ltd"
82392,Oystershell Consumer Health Inc
82401,"Cornerstone Medical Services - Midwest, LLC"
82402,Carts and Parts INC.
82404,JANE STREET LLC
82406,"MedCara Pharmaceuticals, LLC"
82409,"MSMINERAL CO.,Ltd."
82415,Suzanne's Skin2soul LLC
82417,"Resette, Inc"
82418,Love Medical Spa LLC
82429,Gabar Health Sciences Corp.
82431,Ginger Health Company
82432,"Chengdu Shuode Pharmaceutical Co., Ltd"
82433,POPPY COLLECTIVE LLC
82440,APR US INC
82442,Target Corporation
82448,"SpringWorks Therapeutics, Inc."
82449,Steriscience Specialties Private Limited
82454,CENEXI HSC
82457,Toll Company
82459,SALES BRAIN HOLDINGS LLC
82460,ALPHA PLANTS INC
82461,Medcore LLC
82465,ANTEDOTUM INC.
82488,"Solutex, Inc."
82494,COMPTOIR NOUVEAU DE LA PARFUMERIE
82497,"Otter Pharmaceuticals, LLC"
82498,"SIGMAR, LLC"
82499,LAWRENCE E SAMUELS MD INC
82501,"Gobrands, Inc"
82503,"APSM PERFORMANCE, LLC"
82509,B'OKCARES LTD
82510,Wander Beauty
82511,Teyro Labs Private Limited
82516,"True Botanicals, Inc."
82517,HUNTERS BEACH LIFE
82518,DEARBRIGHTLY INC
82519,Randel S Bunch MD
82520,"Caribbean Sol International, LLC"
82526,YAYA ORGANICS L.L.C.
82539,Global Life Technologies Corp.
82543,DOBEST INC
82548,Bloomeffects
82552,JOYSPRING HOLDINGS LLC
82554,"Kosas Cosmetics, LLC"
82560,COASTAL FORMULAS LLC
82564,S & J INTERNATIONAL ENTERPRISES PUBLIC COMPANY LIMITED
82568,AARNA USA INC.
82575,Curology Inc.
82576,"Madrigal Pharmaceuticals, Inc."
82580,"ARS Pharmaceuticals Operations, Inc."
82584,Thea Pharma Inc.
82586,"MIRANDA CASTRO'S SHOP, LLC"
82590,Satya Organic Inc.
82594,"Beccair, LLC"
82598,Amerise Pharmaceuticals LLC
82600,8E6 YOUR PAIN
82604,Rayner Surgical Inc.
82605,AIRGAS THERAPEUTICS LLC
82617,SCALP TECH INC
82618,Gin Amber Beauty LLC
82619,Creekwood Pharmaceuticals LLC
82620,KKA & Associates LLC
82621,SNUGELL LLC
82625,"Valinor Pharma, LLC"
82626,KELSEN PRODUCTS INC
82632,Riley Consumer Care LLC
82633,"Vitality Spa, LLC"
82635,Melan RX
82637,The Honey Pot Company LLC
82638,Harman Finochem Limited
82644,Pharmaka Generics Inc.
82645,"Pharma Nobis, LLC"
82647,Reyoung Corporation
82649,LifeMD
82653,"Smoky Mountain Naturals, LLC - DBA SMNutrition"
82654,The Quick Flick PTY LTD
82657,"Cay Skin, Inc."
82659,Limitless Male Medical Clinic
82660,Creative Foam Corporation
82662,"Headquarter Co., Ltd"
82666,ABSOLUTE AIR LLC
82667,"Harrow Eye, LLC"
82670,Emerald Aesthetics LLC
82673,"KinderFarms, LLC"
82675,"TANCEUTICALS, LLC"
82679,EX Healthcare Inc.
82682,MidAmerica Pharmaceuticals
82685,"Oliva Therapeutics, LLC"
82686,Sebela Women's Health Inc.
82688,"Productos Farmaceuticos, S.A. de C.V."
82691,RV Skincare LLC
82696,Mental Skin
82699,Thriving Brands LLC
82703,"Dr Andrews Plastic Surgery, LLC"
82704,"sknvcare, llc"
82705,"Genmab US, Inc."
82706,VIVUNT PHARMA LLC
82711,TOOTHFILM INC.
82714,Clavel Corporation
82715,ERKUL KOZMETIK SANAYI VE TICARET ANONIM SIRKETI
82716,"NORTHERN SAFETY CO., INC."
82718,SofTap Inc
82721,Back to Earth Inc.
82723,"Aopline Health Industry Technology (Guangzhou) Co., Ltd."
82724,COVALENT MEDICAL
82725,Cabinet Health P.B.C.
82730,Good Molecules
82733,SIMPLI SKIN MD LLC
82734,"Remedies Cure, LLC"
82737,BioLineRx USA Inc
82746,Clove Hill LLC
82749,Epic Medical Supply Corp.
82752,Taetu LLC
82753,GLAMGLOW LLC
82756,Paranmare LLC
82757,"Dune Suncare, Inc."
82761,Laura Mercier US Buyer LLC
82763,Veribella
82765,NFUSE LLC
82767,Teamtrade Inc.
82778,Emjay Laboratories Inc.
82791,Julie Products Inc.
82794,Dr Devs Medspa
82796,"RESTORATION HOLDINGS, LLC"
82797,Dr. Masood Homeopathic Pharmaceuticals Private Limited
82798,NORDIC HEALTHY LIVING INC.
82800,"The Center Brands, LLC"
82801,Z Aesthetic Dermatology
82804,Proficient Rx LP
82808,"AVIZOR, S.A."
82812,MIAMI BEACH BUM
82813,"Key Wellness, PLLC"
82825,Erie Cotton Products Inc.
82829,"Astellas Pharma US, Inc."
82864,Revitalize Energy Inc.
82866,PRIDEFUL LLC
82867,"AGEPHA Pharma USA, LLC"
82868,"Northwind Pharmaceuticals, LLC"
82869,Comanche County Hospital Authority DBA Memorial Medi-Equip
82870,"Dime Beauty Co, LLC"
82875,CorneaCare Inc.
82876,Carolina Cannabis Creations LLC
82893,"Randa Jaafar, M.D., P.C"
82895,Westlake HB Pharma LLC
82896,SEASONS BEAUTY AESTHETICS LLC
82897,"GL Health, Inc."
82898,EnaSkin LLC
82899,Spectrum Aesthetics Laser Training LLC
08290,Becton Dickinson and Company
82901,Prestige Care Pharmacy Inc
82904,Memebox Corporation
82906,"Terumo BCT Vietnam CO., Ltd."
82908,"VIREO SYSTEMS, INC."
82910,"BonePharm, LLC"
82912,"Protekt Products, Inc."
82913,"Lander Enterprises, LLC"
82915,Hanalei Beauty Company LLC
82917,Antonio Aguilar Physician Assistant Professional Corp.
82918,Calmour
82919,Fidelity BioPharma Co.
82921,WELLNESS FOR LIFE PLLP
82928,KalVista Pharmaceuticals Ltd
82929,"Sainite Trading Shenzhen Co., Ltd."
82931,Supernova USA Inc.
82937,ZM Group of companies
82939,"ORCA Products, LLC"
82942,J&A Digital Inc.
82944,"Ion Pharma, LLC"
82947,BELLE MEDICAL LLC
82948,"Central Minnesota Dermatology, P.A."
82950,"Day One Biopharmaceuticals, Inc."
82953,"Cosmuses Cosmetics (Ningbo) Co., Ltd"
82954,"Harm Reduction Therapeutics, Inc."
82958,"Neurotech Pharmaceuticals, Inc."
82959,Geron Corporation
82964,Bioyouth Inc.
82965,"Spectrum Dermatology of Seattle, Pllc"
82966,"BLIP PRODUCTS, INC."
82968,FOURRTS (INDIA) LABORATORIES PRIVATE LIMITED
82969,Bestmade Natural Products
82972,"Nanjing Delova Biotech Co., Ltd."
82976,"The Kind Lab, Inc."
82979,"Balk Aesthetics, Llc"
82982,"Pharmasource Meds, LLC"
82983,Ajenat Pharmaceuticals LLC
82985,"AXM Premium Cleaning Services, L.P."
82986,BIOBEST SERVICES LLC
82992,ProHealth Home Medical Supplies
82994,sunkyung trading
82996,"Hubei Changjian Medical Products Co., Ltd."
83000,InflaRx GmbH
83002,"R.L. ALBERT & SON, INC"
83004,Rida LLC
83005,SQWEEN LLC
83008,Quality Care Products LLC
83009,"Chorda Pharma, Inc"
83010,"Maelys Cosmetics, LTD"
83013,Hismile Pty Ltd
83014,Carolinas Weight Loss Institute
83016,"R & Y Group, LLC"
83017,"embecta Medical II, LLC"
83018,Micro Balance Health Products LLC
83019,Draco Hygienic Products Inc.
83021,ANUBIS COSMETICS SL
83022,GLOW CONCEPT INC
83027,"Nutritional Specialties, Inc."
83029,AMERICAN RAVEN
83031,"OAK TREE DERMATOLOGY, INC"
83032,Indies Pharma Jamaica Limited
83033,Quimicas Handal de Centroamerica SA de CV
83034,"Verona Pharma, Inc."
83035,"Singular Dreamer, Ltd dba True Marker"
83037,"Caball Sales, Inc."
83038,Fehr Bros. Industries Inc
83039,AGELESS HEALTH MEDICINE BEND LLC
83042,PowerClean Technologies
83044,Stonebridge Consultants LLC
83046,Oars And Alps LLC
83047,Autolus Inc.
83048,Revolutionary Relief dba Medical XLabs
83049,"O Positiv, Inc."
83054,Inde Wild
83057,"HBC Pharma, LLC"
83058,"United Beauty Brands, LLC"
83059,Shield Pharmaceuticals Corp
83060,VULCAN MICROBIAL CORPORATION
83061,McF Holdings LLC
83062,IIMED MEDICAL MEXICANA S DE RL DE CV
83067,"PURIVITAE, LLC"
83071,"NATURECELL CO., LTD."
83072,"PURE PERSONAL CARE, LLC"
83073,"IHA Distribution, LLC"
83076,"Xcovery Holdings, Inc."
83077,"Merus US, Inc."
83078,Corza Medical GmbH
83081,"Sand Cloud Holdings, LLC"
83083,Reve Skincare LLC
83084,Fullstack Fulfillment
83085,SKG Pharma Inc.
83088,USA Hemp Store LLC
83090,Sintetica US LLC
83095,"Don Mehrabi, M.D. A Professional Medical Corporation"
83098,Everest Life Sciences. LLC
83099,"PANEFFORT, LLC"
83100,"B.A.I BIOSCIENCES, INC"
83102,ProSolutions Inc.
83103,LÚE COSMETICS INC
83105,Trilogy Natural Products Limited
83106,UFORIC HEALTH LLC
83107,"Legacy Pharma USA, Inc."
83108,Rationale Group Pty Ltd
83109,Institute of Quantum Bioscience
83112,"Health Department, Oklahoma State"
83118,"Guangzhou Four E's Scientific Co., Ltd."
83119,Sage Pharmaceuticals Inc
83120,"LALANI Rx Consulting, Inc."
83125,"Kolive Cell Co., Ltd."
83126,Avatara Personal Care LLC
83127,"New Frontier Bio, Inc"
83139,LODAAT LLC
83140,BRAND BOLT LLC
83148,The J. Molner Company LLC
83149,"BAMKO, LLC"
83154,MONOGLOT HOLDINGS Inc.
83158,"BRONSON NUTRITIONALS, LLC"
83163,"CONSTRUSOLUTION, LLC"
83165,"Hubei Fanjian Medical Product Co.,Ltd"
83170,Hua Jing Medical Supplies INC.
83173,Medical Group Care LLC
83174,Easyfast Supplements LLC
83175,Barbara Sturm Molecular Cosmetics GmbH
83178,The Goodsprout Company LLC
83181,DERM ASSO. MID OHIO
83184,Painpatchperfecto LLC
83188,"Pro chem, Inc."
83191,Kandenwood LLC
83196,Codex Labs Corporation
83198,"Hopewell Pharma Ventures, Inc."
83201,"Physician Recommended Neutraceuticals, L.P."
83202,HumanEnos LLC
83204,FISICO INC.
83205,Adaptimmune LLC
83209,Boswell Pharmacy Services LLC d/b/a BPS Wholesale
83220,Best Dental Kit LLC
83222,Orchard Therapeutics (Europe) Ltd
83224,NHR SCIENCE CORP
83230,DMD Clinical Naturopathy
83241,Balmere
83243,"Outbreaks, Inc."
83244,"Childs Farm, Inc."
83245,Scienture LLC
83247,Iris and Romeo
83249,Rms organics LLC
83252,Veganic SKN Limited
83253,"HC Jones, Inc."
83257,Biocon Biologics Inc.
83259,"American Industries, Inc."
83262,"Ubu/Elements, Inc."
83270,ONESOURCE SPECIALTY PHARMA LIMITED
83276,O'Skin Studio NY
83279,"Synergy Wound Technology, Inc"
83280,"SERRAO, E JOHN MD FACOG"
83282,Beauty Pie
83286,"Drmtlgy, LLC"
83291,RIVIERA PHARMA INC
83294,CLEURE
83295,Strand Health Group
83296,"X4 Pharmaceuticals, Inc."
83301,Mullan Pharmaceutical Inc.
83302,Simply Active Cosmetics
83305,"Cosmocos Co., Ltd"
83306,"Clutch, Inc. DBA Carpe"
83311,SIMPLE PROMISE PTE LTD
83313,ZENMED Raging Creations Ltd.
83315,Wellbeing Medical Supply
83316,"Skin Pharm, LLC"
83318,NEWDROP NORTH AMERICA LLC
83324,Chain Drug Marketing Association
83325,Volans Epic LLC
83326,Personal Best Products Inc. dba Zealios
83336,YAY Novelty
83338,Covey Skin
83342,PRODUCTOS CAPILARES L'OREAL SA
83347,Jeshurun Pharmaceutical LLC
83363,"Healthy Gourmet Plus, Inc"
83364,"YITONGBADA (SHENZHEN) INTERNATIONAL TRADE CO., LTD"
83368,"Oyster Point Pharma, Inc."
83369,Smalls Brand LLC DBA Roe Wellness
83372,Biotest AG
83376,PONTIKA AEROTECH LIMITED
83382,Aspen Islanders LLC
83383,PACINOS SIGNATURE INC
83385,MOMOTARO APOTHECA LLC
83387,NEWCO LLC
83389,Pro Numb Tattoo Numbing Spray LLC
83390,"Cosette Pharmaceuticals NC Laboratories, LLC"
83391,"SHENZHEN YUWEN E-COMMERCE CO., LTD."
83393,"Laboratorios Sanfer, S.A. de C.V."
83395,Vaihea Skincare LLC
83400,"Volley Pharmaceuticals, LLC"
83402,Pharmheal
83422,Biovantek
83432,"DOCTOR'S DIAPER RASH CREAM, INC"
83435,Dermio Dermatology LLC
83445,FOODPORT
83446,"JINHUA JINGDI MEDICAL SUPPLIES CO., LTD"
83447,"Guangzhou Fantesy Biotechnology Co.,Ltd"
83448,"Natural Lifestyle Brands, LLC dba GoPure beauty"
83453,"CALMANGO, INC"
83454,"HAIR RESTORATION LABS, LLC"
83455,"United Natural Foods, Inc. dba UNFI"
83456,"Ursa Major Natural Care, LLC"
83457,Cordavis Limited
83463,CUSTICS
83465,I2Pure Corp.
83474,Puro Pharma Inc.
83493,"Krave Beauty, LLC"
83499,HAMMER TECH LLC
83501,"Newbury Extracts, LLC"
83502,"Tourel (Changsha)Hotel Supplies Co.,Ltd"
83504,"Fabre Kramer Pharmaceuticals, Inc."
83506,"Concordance Healthcare Solutions, LLC."
83509,BUBBLE BEAUTY
83510,Ware Cosmetics
83512,"Aspen Glow Cosmetics, LLC"
83513,"Zhuhai Beihai Biotech Co., Ltd."
83514,"AB Brands, LLC"
83520,Private Label Beauty and Wellness
83524,TREASUREWISE LLC
83531,ACTIVE LIFE INC
83534,BEAUTY SENSE MEDSPA INC
83538,Biological M.D. Solutions LLC
83542,JESS BEAUTY PRODUCTS LLC
83548,"NEW SEASON DERMATOLOGY, PLLC"
83549,Element 26 LLC
83552,"Americanna Wellness, Inc."
83553,Metro Media Ent
83557,"LETS BURBLE, INC."
83558,Intrivo Diagnostics Inc.
83559,"Henan Enokon Medical Instrument Co., Ltd."
83564,"Humacyte Global, Inc."
83566,"Guangzhou Yilong Cosmetics Co., Ltd"
83569,"RAPID AID VIET NAM CO., LTD"
83570,"OWELL NATURALS BRAND, LLC"
83573,"Kolmask Co., Ld."
83574,K19 LLC
83578,"Skinsalvation Skincare, Inc."
83580,"Hommerejuvenate, Inc."
83584,PurCel Labs LLC
83586,HHH Pharmaceuticals
83589,"Nanjing Cuccess Pharmaceutical Co., Ltd."
83591,ACA MANAGEMENT LLC
83592,"True Marker Pharmaceuticals, Inc."
83599,Huey
83600,Medzah Industries
83601,Borami
83602,"Guangzhou Liuquanmiao Import & Export Trade Co., Ltd."
83605,Lion Pose Inc.
83608,"Novelties by Nasswalk, Inc."
83609,Pagari Life Science Corp.
83610,"Protegera, Inc"
83612,Organys Beauty
83613,FUSION PAIN SOLUTIONS LLC
83615,Bryant Ranch Prepack
83623,"Lifeline Naturals of America, Inc."
83627,Blue Scorpion Inc.
83628,"Skin Apeel, Inc."
83629,A & A Nexxgen LLC
83632,"Zhengzhou Zhuoqing Trading Co., Ltd."
83633,Agent Natuer
83634,Avenacy Inc.
83636,"Sturgeonbio Co.,Ltd."
83637,"Noble Panacea Labs, Inc."
83638,"Harper’s Pharmacy, Inc."
83640,Babikian Healthcare Products CJSC
83641,Anatra LLC
83645,"Asia Dynamics Inc., d/b/a ADI Medical"
83646,"HENNIKA HEALTH, LLC"
83649,TILDE Sciences LLC
83650,Savvy Care and Cosmetics
83654,"Akeso Biopharma, Co., Ltd"
83655,"Laboflex, Inc."
83656,Blume
83657,"Skin Script, LLC"
83661,"Orasis Pharmaceuticals, Inc."
83665,"EATactics, LLC"
83669,Boxbar Beauty LLC
83670,Everlaan Organics Inc
83672,"LIFE STEALER Co., Ltd."
83676,"SERENU, INC."
83677,Eclectic Solutions LLC
83678,Green Envee
83690,"TOP DOG DIRECT, LLC"
83691,"SANSAR, LLC"
83694,"Skinresource.md, L.L.C."
83695,"Audrey Morris Cosmetics International, LLC"
83696,Respect Manufacturing Corporation
83698,"Xiamen Kang Zhongyuan Biotechnology Co., Ltd."
83703,Bamboo US BidCo LLC
83705,ETHEREAL AESTHETICS LLC
83707,"AAVRANI, INC."
83708,"MEDRx USA, Inc."
83716,Sproose Products Inc.
83717,"Wenchang Panzhijie Trading Co., Ltd."
83719,THE SELF AND BODY LOVE COMPANY LLC
83720,Oncor Pharmaceuticals
83722,Dermastart Inc.
83723,Botanix SB Inc.
83724,"Good for the Goose Products, LLC"
83727,"Skin Laundry Holdings, Inc."
83729,"SuperMouth, LLC."
83731,Dude Products
83733,Procurall Solutions
83735,LIFE WITH CORPORATION Inc.
83737,Archie's Remedies
83739,XIAN CHIANG COMPANY LIMITED
83740,"Cloudgoose Biology Science & Technology Co., Ltd."
83741,GDM ENTERPRISES LLC
83744,Bemis Manufacturing Company Inc
83745,APOZEAL PHARMACEUTICALS INC
83746,"Gas and Supply Carolinas, LLC"
83766,"Shenzhen Joyuflsh Technology Co.,Ltd."
83767,"Guangzhou Ruijiu Electronic Technology Co., Ltd."
83774,Pilnova Pharma Inc
83778,"Jiangxi Dentalbright Technology Co., Ltd"
83781,"Zhengzhou Miaoqi Pharmaceutical Technology Co., Ltd"
83787,"LNHC, Inc."
83789,EK Clothing LLC dba Belasol
83800,FUZZYLULU LLC
83804,"Shenzhen Shandian Jingling Technology Co., Ltd."
83807,EVERLIT GLOBAL INC.
83809,"Shenzhen Yikai Electronic Technology Co., Ltd."
83810,Florida Squeezed
83813,NEWVUE LLC
83814,"Zoviro, LLC"
83817,4 Trees LLC
83818,"Shenzhen Xinxin Yunhai Technology Co., Ltd."
83819,Celcius Corp.
83820,"Life DME, LLC"
83823,NOxy Health Products
83827,Donis Men LLC
83831,"Avyxa Pharma, LLC"
83833,OTC PHARM LLC
83834,"Esthetic Underground, Inc."
83837,Imperial Feet B.V.
83838,Three Nations Corp
83850,Forward 7
83851,Vistamerica USA
83852,ALLIES GROUP PTE. LTD.
83853,IntraBio Inc
83854,Anthea Pharma Private Limited
83857,"New Bio Pharmaceutical Co., Ltd."
83859,Laughing Buddha LLC
83860,"Soleno Therapeutics, Inc."
83861,Henan Dailygreen Biotechnology Co. LTD
83862,Southeast Holdings Corp.
83865,Skinkure
83866,"The Lotus Global Group, Inc, dba GlobalMed Technologies"
83872,"Shenzhen Xiaomai Manufacturing Co., Ltd."
83873,"Mvnifest, Inc."
83876,IMJACOMPANY.CO
83877,PARTINGTON PLASTIC SURGERY
83878,"Quality Medical Products USA, Inc."
83879,"Shenzhen Kerui lnt’l Trading Co., Ltd"
83880,CHE'VOURI LLC
83881,Clinic Pharma
83885,"Guangzhou Guocui Biotechnology Co., Ltd"
83887,"Changsha Beiliang E-commerce Co., Ltd"
83888,"Firstmarket Co., ltd."
83911,TS KOREA
83913,IMPACTFUL BRANDS LLC
83919,"Envoy Solutions, LLC"
83930,Timk Inc.
83933,Agricultural Corporation YUBIMUHUAN CO Ltd
83936,Sarah Creal LLC
83939,"VERITYRX, LLC"
83980,Ipca Laboratories Limited
83981,"Classic Home Care Services, Inc."
83982,"Sol de Janeiro USA, Inc"
83984,"ALPHA NUTRITION, LLC"
83986,"UpLift Brands, LLC"
83988,"Jinan Guyun Technology Co., Ltd"
83989,"EDINA PLASTIC SURGERY,LTD."
84000,"MEGABABE, LLC"
84003,Dolce & Gabbana Beauty S.R.L
84004,Premark Health Science
84007,Medhome Pharma Inc
84008,Bullet point LLC
84009,Plant Devas Inc. dba evanhealy
84010,"Jiangxi Hemei Pharmaceutical Co., Ltd"
84012,"Interparfums USA, LLC."
84015,"Crinetics Pharmaceuticals, Inc."
84018,Haigo Bsp Sdn Bhd
84019,"Shengnan (Guangzhou) Cosmetics Co., LTD"
84020,"Silexn Technology Co.,Ltd."
84023,"Shenzhen Yangan Technology Co., Ltd."
84025,"Guangzhou Yanxi Biotechnology Co., Ltd"
84028,Sargass Group Limited Liability Company
84032,"ZHEJIANG CHEMCLEAN TECHNOLOGY CO., LTD."
84035,Rabbit Indústria e Comércio de Produtos de Higiene Pessoal Ltda
84037,"Guangzhou Zhicunxiu Cosmetics Co., Ltd"
84042,Raven Innovations LLC
84045,ZOHAR KOSHER LIMITED
84046,SEYITLER KIMYA SANAYI ANONIM SIRKETI
84047,Refy
84053,Martek Pharmacal Co.
84054,"Alpha Cognition, Inc."
84060,"LIFE O, INC."
84066,"Guangzhou Tata Biotechnology Co., Ltd."
84068,"Meaningful Beauty, LLC"
84073,Fewer Better Things
84075,"MSS Beauty, LLC"
84076,Regenerex Pharma INC
84078,"WELDERS SUPPLY COMPANY OF LOUISVILLE, INC."
84090,Brand 2022b LLC
84093,PALM ORTHOPEDICS & INTERVENTIONAL PAIN LLC
84097,Proper Buys LLC
84099,RXnSupplies Corporation
84100,"Figure 1 Beauty, Inc."
84103,Abeona Therapeutics Inc.
84107,HEALTHTEX LIMITED
84117,"Shenzhen Hengkaifeng Commerce and Trade Co., Ltd"
84120,WSM SUPPLIER LLC.
84122,"Makeup S.he, Inc."
84123,Skin Theory Studios
84124,"Lucin Organics, LLC"
84126,The Procter & Gamble Manufacturing Company
84127,DR LAURANNE SRL
84128,"Xinxiang Xinda Technology Co.,Ltd"
84130,Kopari Beauty
84132,Scope medical devices private limited
84133,Depology Holdings LLC
84138,"Thrive Natural Care, Inc"
84141,"Arrowhead Pharmaceuticals, Inc."
84148,"Guangzhou Ariel Biotech Co., Ltd."
84163,Levels 2 Skin
84164,"6174 INDUSTRIES, LLC"
84165,"Guangzhou Zhupuyou E-commerce Co., Ltd"
84167,"Guangzhou Meixi Biotechnology Co., Ltd."
84168,"Gaozhou Chapin Technology Co., Ltd"
84169,Bondi Boost U.s LLC
84174,In The Pynk LLC
84176,FROMANGEL
84178,EVI LABS
84179,Jentry Kelley
84180,NUEPHASE LLC
84181,"Dr Jen Natural, LLC"
84183,"Shenzhen Huiyuan Trading Co., Ltd."
84184,MINU
84185,Willo 32 Inc
84192,HEY HONEY INC.
84194,Ferguson Enterprises
84197,SOLVADERM LLC
84199,Meadow and Bark
84203,"Baxter of California, LLC"
84204,"Black Girl Sunscreen, LLC"
84208,Mid-Cities Home Medical Delivery Service L L C
84209,"Achelon, Inc"
84214,"Shenzhen Sam Technology Co., Ltd."
84215,Freshening Paper Products(Hui Zhou)Co.Ltd
84217,Mypura.com Limited
84218,"Carefree Skincare Ventures, LLC"
84219,"M-star (Hubei) Health&Care Products Co., Ltd."
84222,"Foshan Miwei Cosmetics Co., Ltd."
84226,"LENZ Therapeutics, Inc."
84227,OTE North America
84228,"Specialty Medical Products, Inc."
84229,"Skin Ai, LLC"
84232,"YIWU YIZHOU TRADING CO.,LTD"
84233,Rocky Mountain Medical Equipment LLC
84234,Personal Day Inc.
84238,RAHUL ENTERPRISES
84239,Vasu Healthcare Pvt. Ltd.
84246,"Shandong Huawei Pharmaceutical Co., Ltd."
84247,Oceanline LLC
84248,CLINICAL SKIN LLC
84251,"Shanghai DiGuo Technology Co., Ltd"
84253,BeYou Together Ltd
84255,Brownkind Dermascience Inc.
84258,Vitality US Co.
84259,SKINPLAN.US LLC
84260,"Guangzhou Lvying Biotechnology Co., Ltd"
84261,Ogee Inc
84262,GLYTONE LLC
84267,Talent Brands Company LLC
84269,Wildman Business Group
84270,cosnova GmbH
84271,"Omnilife USA, Inc."
84273,"Hunan En Pu Pharmaceutical Co., Ltd."
84277,"Jiangsu Chenpai Bond Pharmaceutical Co.,Ltd."
84280,The Janz Corporation
84281,SUMMER GELEE LLC
84285,"Fortitude Health, LLC"
84288,"Dongkou County Hecheng Network Technology Co., Ltd."
84289,PHARMAMED USA INC
84290,Windskin LLC
84293,OCEAN OLIVE LLC
84294,MELAN INC.
84300,KAPLAN MD INC
84301,"Foshan Xinhai Jiayu Import and Export Trade Co., Ltd"
84302,"Shenzhen Hanchuan e-commerce Co., Ltd"
84307,"SABIYA, LLC"
84308,FloCal Distributors LLC
84309,Renuskin LLC
84313,TINA DAVIES PROFESSIONAL LLC
84314,Libi Pharm Ltd.
84318,"Hangzhou Fanhuo Network Technology Co., Ltd."
84320,Hearing Lab Technology LLC
84321,Minori Inc.
84322,"Shenzhen Gaoye E-commerce Co., Ltd"
84323,"Zhejiang StarryApex Biotechnology Co., Ltd."
84324,NUVICARE LLC
84326,"RBGROUP Co., Ltd"
84329,"APIRA SCIENCE, INC."
84334,GOLDEN TIGER DISTRIBUTION L.L.C.
84336,"Shenzhen Shenyuanye Trading Co., LTD"
84337,CuraPep
84338,PAIN WIZARD LIMITED LIABILITY COMPANY
84340,Sun Wrangler
84345,"Hunan Yinhuatang Pharmaceutical Technology Co., Ltd."
84346,Anzalp Pharmasolutions USA LLC
84350,"Shenzhen Sihai Juntong Technology Co., Ltd"
84352,"Sisel International, LLC"
84353,USA MINGER Inc.
84354,safety wercs
84355,"Guangzhou Binsi Clothing Co.,Ltd."
84356,"Guangzhou Yapeng Refinement Chemical Co., Ltd."
84361,Instock Distributing
84374,"ALLIED GASES AND WELDING SUPPLIES, INC."
84375,"Atlantic Medical Products , LLC"
84376,CFS Brands
84377,Blair + Jack
84378,Epicuren Discovery
84379,Rnv LLC
84381,AOP Orphan Pharmaceuticals GmbH
84383,"LABORATÓRIOS ATRAL, S.A."
84386,Aurobindo Pharma Limited
84387,ALLIED TRADE LINK LLC
84388,Corstasis USA LLC
84410,PERFORM LEO LLC
84413,WHY ENTERPRISES LLC
84415,Everpharm LLC
84416,Woro Beauty
84417,"Fitish Holdings, LLC"
84420,PReye LLC
84422,"Shenzhen Graceful Cosmetics Co., Ltd"
84423,"Guangzhou Kadiya Biotechnology Co., Ltd."
84425,Standard Procedure Inc
84426,PARTICLE AESTHETIC SCIENCE LTD
84427,Kingrex (Shenzhen) Company Limited
84428,"Hainan Zehuitang Biotechnology Co., LTD"
84429,"K2LT LAB, LLC"
84435,"G2G Ventures, PBC"
84436,THE OUTSET GROUP LLC
84438,"Bitchistix, LLC"
84440,Biodermis LLC
84441,IMO-GEN LABS LLC
84442,Poongkyung CNC Corp.
84443,MEDKO LLC
84444,GUIDANCE TO GLOW SKIN CARE
84446,SABAL SUN LLC
84447,Belleview Biosciences
84448,THG Beauty USA LLC
84449,"SHENZHEN BENLIJU BIO-TECH CO.,LTD"
84451,"ONESKIN, INC"
84454,TIKNOW LLC
84456,POLLEY MED LLC
84458,Dongguan LeTaoHui CrossBorder Ecommerce Co.
84460,Florrax Pharmaceutical Corp.
84463,"GUNILLA OF SWEDEN, INC."
84467,"Asia Master Trade Co.,Ltd"
84468,ETUDE CORPORATION
84469,ESPOIR Corporation
84483,Sod-e Biotech Ltd
84484,"Guangzhou Pallas Cosmetics Co.,Ltd."
84485,Karo Healthcare Inc.
84488,Zehn Wipes
84489,"Naples Soap Company, Inc."
84503,PETE AND PEDRO LLC
84504,"SW-SANGHVI BEAUTY USA, INC."
84507,"Guangdong Miaolian Cosmetics Co., Ltd."
84508,PINNACLE LIFE SCIENCE PRIVATE LIMITED
84509,"Guangzhou Senmai Biotechnology Co., Ltd."
84516,Acuseplanet Inc
84518,"Fujian Youxi Sanmiao Trading Co., Ltd."
84520,"Lume Deodorant, LLC."
84521,BH GLOBAL HOLDINGS LLC
84523,"Magnif Co., Ltd"
84528,Kindra
84529,"Indelpa, Inc"
84530,The Beach People United LLC
84532,"CLIO COSMETICS Co., Ltd."
84533,"WU XI ZHONG ZHI WEI NA TECHNOLOGY CO., Ltd."
84535,Cetel Scientific LLC
84537,"Guangzhou Bomei Cross border Supply Chain Management Co., Ltd"
84539,JOHNSON BIOPHARMACEUTICAL INC.
84540,"NPG Bio Pharmaceuticals Co.,Ltd."
84542,COMART TECH LLC
84544,Guangdong Bawei Biotechnology Corporation
84546,"ELIXIR HEALTHCARE USA, LLC."
84549,ProPharma Distribution
84552,Telix Innovations SA
84553,Beijing Ranjin Technology Development Co Ltd
84554,R&G Divergency LLC
84556,"Hainan Shengtaizhuo International Information Development Co., LTD"
84558,"GUANGZHOU YUSONG FINE CHEMICLS Co., Ltd"
84561,"VAPOR PRO SHOPPE, LLC"
84562,"TANNING CLUB, LLC"
84568,Dimples Bath Co. LLC
84569,LCA COSMETICS LLC
84571,ZMI Pharma Inc.
84572,Dr Pawpaw Limited
84573,Real Time Products Inc.
84578,New U Life Corporation
84589,"LEDA INNOVATIONS USA, INC."
84601,"RIVER SUNZ co.,Ltd"
84603,"Retail Concepts of Minnesota, Inc."
84605,"EMAI TECHNOLOGY JAPAN CO.,LTD."
84607,Verb Products Inc.
84610,The Founders Inc.
84611,Sanaura Group LIMITED
84612,Optum Health Solutions (Ireland) Limited
84614,"Shenzhen Ctrip Technology Co., Ltd."
84615,POMG LLC
84616,"SEORIN COMPANY Co., Ltd."
84632,Delta Ecommerce LLC
84635,Cipher Pharmaceuticals Inc.
84638,Pain Relieving Spray Inc.
84639,Arna Pharma Pty Ltd
84641,"NANTONG QINJI HEALTH TECHNOLOGY CO., LTD."
84645,RAE Cosmetics
84646,Senna Cosmetics
84651,Nuvation Bio Inc.
84654,KHARKIVSKA FARMATSEVTYCHNA FABRYKA TOV
84656,Spigen Beauty Inc.
84659,"Yunnan Yuyao Bio-pharmaceutical Co.,Ltd."
84660,"Guangdong Ximonth Technology Co., Ltd."
84661,SUNPLUS SKIN CARE LLC
84662,ADMTMAX LLC
84663,"Industria Farmacéutica Andromaco, S.A. de C.V."
84664,"ShiJiaZhuang MyKang Trading Co., LTD."
84669,NEYCHER INC
84670,Evita Solutions LLC
84677,"Golden State Medical Supply, Inc."
84679,Arthur Group LLC
84680,"BIOSAVIA USA, LLC"
84686,Valda USA Labeler
84697,"NEWPORT APOTHECARY, INC"
84710,"Guangzhou Meixi Biotechnology Co., Ltd."
84711,"IPC Republic, Inc."
84712,"Guangdong Youbaijia Cosmetic Industry Co., Ltd"
84713,CREST MEDICAL LIMITED
84714,Gold Bond Co LLC
84718,"Shenzhen Chuangwei Electronic Technology Co., Ltd."
84720,QUITINE LLC
84722,VIVE HEALTH LLC
84723,Pipette LLC
84724,Archifox GmbH & Co. KG
84728,Papalo Group LLC
84733,Kool 'N Fit Inc.
84735,"Hengyang Chuangjiujia Trading Co., Ltd."
84739,Zettl Health Inc.
84744,"Guangdong Ouhoe Biotechnology Co., Ltd."
84745,"Vince (Guangzhou) Cosmetics Co., Ltd."
84746,"Shandong Yuyaotang Pharmaceutical Co., Ltd"
84747,GUD LIFE CO. LLC
84749,Lino Cosmetics LLC
84751,Guangzhou Qiaoyangzi Cosmetics Technology Co Ltd
84752,"Shenzhenshishengyakeji Co., Ltd."
84753,"Guangdong Bisutang Biotechnology Co., Ltd."
84754,GPNY CORP
84755,KRX RESOURCES SDN. BHD.
84759,W Labs Inc
84761,Tejeda Enterprises Incorporated
84763,"Yunqi Cosmetics (Shenzhen) Co., Ltd"
84764,AIKM Product Corp
84767,Make Labs LLC
84768,"Precigen, Inc."
84769,Novagenix Labs LLC
84773,Leegeehaam Cosmetics
84776,"Henan Qiyirenkang Biotechnology Co., Ltd."
84778,"Guangzhou Yixin Cross-border E-commerce Co., Ltd."
84779,Amarte USA LLC
84785,Gazebo Wellness SKIN LLC
84788,Ryma-Pharm GmbH
84792,"Blue Zebra Brands, Inc."
84793,"Guangzhou Qiya Biotechnology Co., Ltd"
84797,PharmaNutra Usa Corp.
84798,Revive Beauty LLC
84800,9 Rx LLC
84803,Grace and Fire USA Inc.
84804,MG Science Technologies LLC
84806,"Morrisons Outdoors, LLC"
84808,Neutripure Corporation
84809,LJ Pharma
84821,BYOMA LIMITED
84822,"Yangzhou Yulou Paper Products Co., LTD"
84826,"Ocuvex Therapeutics, Inc."
84828,"Invest Strong, LLC"
84830,NewAlley Innovations Inc
84831,Sigma
84832,"Guangdong Eelhoe Biotechnology Co., Ltd."
84834,"VITA SCIENCES, LLC"
84838,Mula Maldives PVT LTD
84841,Noorish Foot Co. LLC
84842,"Henan Duoduohui Supply Chain Management Co., Ltd."
84843,Jbrands Pharma L.L.C.
84844,"Guoyu Trading Co., Ltd."
84846,Morning Person Beauty
84847,DE.BACHERE USA LLC
84852,"Jinhua Haimi Bird Trading Co., Ltd"
84853,"PBIGROUP, LLC"
84854,"Guangzhou Kanglixin Medical Biotechnology Co., Ltd."
84856,"ESALON.COM, LLC"
84857,"KRULIG INTERNATIONAL, INC"
84858,METAZONKEY LLC
84864,"Yiwu Jingmo trade Co., LTD"
84866,AMCO INTERNATIONAL CORP
84867,Deep Repair DARK SPOT
84869,Neptune Ave. Inc.
84870,"M&T Pharmaceutical Technology Co.,LTD"
84871,VivaLaCara Spa Products Inc.
84875,YOOWOOMEDIX
84876,"Changsha Maocheng Trading Co., Ltd"
84878,Sunsolve MD
84879,POLIFARMA ILAC SANAYI VE TICARET ANONIM SIRKETI CORLU SUBESI
84890,"Fit Life Health, LLC"
84891,Solarium Brands LLC
84893,"Menodi Pharmaceuticals Co., Limited"
84895,"Advaccine Biopharmaceuticals Suzhou Co., Ltd"
84896,"Guangzhou Mizi Biotechnology Co., LTD."
84899,"Enlightening Pallet Industry Co., Limited"
84930,TIV PRIME SRL
84938,"Foshan Sugar Max Cosmetics CO.,Ltd"
84939,"Qingdao TOPN Import & Export Co.,Ltd"
84952,"Fuzhou Xinbaike Network Technology Service Co., Ltd"
84953,POOLBAR
84954,Hyosungwon
84955,Jon-Don LLC
84956,"Dongguan Shenglian Tins Products Co., Ltd."
84958,"Guangzhou Bo win Trade Co., Ltd."
84971,"Luohe Dongcha Ecommerce Co., LTD"
84972,"Nanyang Aihe Shanai Products Co., Ltd."
84973,Germs Be Gone LLC
84974,Tng workdwide
84975,"Breathe-In, Inc."
84977,"Intelligent Elixirs, LLC"
84980,Rise Skincare LLC
84981,"EMMA LEWISHAM US, INC."
84983,"Shantou South Moon Biotechnology Co., Ltd."
84984,"Guangzhou Houkea Biotechnology Co., Ltd."
84985,"LIVE TULA, LLC"
84987,"Zhejiang Jifu Daily Chemical Co., Ltd."
84988,HK INNO.N CORPORATION
84989,"Shantou Ximonth Biotechnology Co., Ltd."
84990,"AQBC CO., LTD"
84991,Olakino Therapeutics LLC
84992,ADP Health Limited
84994,"Over Here, LLC"
84998,PNP Pharmaceuticals Inc
84999,Martin & Pleasance Pty Ltd
85000,INTERSTELLAR PHARMACEUTICALS INC.
85003,BELLEKA INC
85004,"Qingyuan Moksha Biotechnology Co., Ltd."
85006,"Valorum Biologics, LLC"
85009,"Changsha Yunhan Hechuang E-Commerce Co., Ltd."
85030,"Guangdong Dayi Biotechnology Co., Ltd."
85034,Earth's Daughter
85035,Pineapple Brands LLC
85036,Vin Trading LLC
85037,Olive International Inc.
85038,"Lianjiang Shanlilai E-commerce Co., Ltd."
85040,"KLEIN TOOLS, INC."
85043,"URONOVA PHARMACEUTICALS, INC."
85045,COSTA SEA INC
85046,Saltyface Natural Inc
85050,DrAnaMaria.com LLC
85053,"Shantou Woodsleep Biotechnology Co., Ltd."
85055,MD Tattoo Company
85056,"Henan Shouerkang Health Industry Co., Ltd"
85057,Simply Great Brands LLC
85059,Vanish Skincare LLC
85060,"Shantou Jaysuing Cleaning and Environmental Protection Technology Co., Ltd."
85061,St Tropez Inc.
85062,"Dongguan Chumei Rubber & Plastic Products Co., Ltd"
85063,"Mediapower, Inc. DBA Dr Newton's And Naturals"
85064,"Shantou Eelhoe Daily Chemical Technology Co., Ltd."
85065,CDE BRANDS LLC
85068,EVER FAME PTE. LTD.
85090,Good Weather Inc.
85092,"Shenzhen JuMeng Technology Co., Ltd"
85094,Nite Storm LLC
85095,"SLIMCELL, LLC"
85096,MARCELLA HEALTH
85097,Cozesmo
85110,NACOR BUSINESS GROUP LLC
85111,RMT HEALTH LLC
85113,"Zhengzhou Guoxiaoyi Health Technology Co., Ltd"
85114,UMENDRA LIFE SCIENCES PRIVATE LIMITED
85117,Roushun Kojic Skin lightening natural skin care treatment serum
85118,Thomas Brunner Hygiene GmbH
85119,LACUES PTY LTD
85130,B & L Healthcare Products INC
85131,Advanced Biomedical Incorporated
85132,"IKONIK CARE, LLC"
85135,SUNNY SAILOR LLC
85136,"Henan Toudaorong Biotechnology Co., Ltd."
85137,"Sipa Holdings USA, Inc."
85138,"SHANTOU QIWEI INDUSTRY CO.,LTD"
85150,"Guangzhou Zanming Trading Co., Ltd."
85152,"Henan Hengchuntang Pharmaceutical Co., Ltd"
85153,Doctorly Skin Inc.
85154,Roame LLC
85156,"Galaxy Medical Products, LLC"
85157,"Shanghai Yijing Medical Technology Co., Ltd."
85158,"Shenzhen Shangmei Tiantianbaodan E-commerce Co., Ltd"
85161,"Longway Technology(Guangzhou)Co., Ltd."
85162,"Yangzhou ONE & ONLY Personal Care Products Co., LTD"
85163,"Shantou Ouhoe Technology Co., Ltd."
85164,"HANCHOYEANBIOTEC Co.,Ltd."
85173,"Shenzhen Xuemin E-commerce Co., Ltd."
85174,"Nanhong (Zhuhai) Biotechnology Co., Ltd."
85176,"Beijing Keyan Biotechnology Co., Ltd."
85178,Hothouse Beauty Inc
85179,"I World Pharmaceutical Co., Ltd."
85182,NINGBO RAFFINI IMPORTS & EXPORTS CO LTD
85184,HAVER FARMA ILAC ANONIM SIRKETI
85185,Solis Pharmaceuticals Inc.
85189,"Heyuan Sanlong Trading Co., Ltd"
85202,NAVEH PHARMA (1996) LTD
85204,"Greater Pacific Industries, Inc."
85206,"TT Beauty Trading Co., Ltd."
85210,XF Agencija Limited
85211,Droptics LLC
85212,"Beijing JUNGE Technology Co., Ltd."
85213,"Puning Huiyu E-Commerce Co., Ltd."
85214,SOUTH BEACH HAIR CARE PROFESIONAL INC
85215,WORLD DENTISTS ASSOCIATION AMERICA LIMITED
85217,SAN DIEGO NATURAL SOAP COMPANY
85230,Laurel Rose LLC
85231,"ViolaCare, Inc."
85233,"EthoSun, Inc"
85236,Gleeco Labs LLC
85237,Select Consumer Group
85242,"House of Colour, Inc."
85243,SUNSET INTIMATES GROUP INC
85244,"Henan Bingqing Yujie wipes Co., LTD"
85246,PILLOWTALKDERM LLC
85248,"Jiangxi Yudexi Pharmaceutical Co., LTD"
85260,Sonni
85261,"Haikou Pucao Trading Co.,Ltd"
85262,"Skytronics LED, Inc."
85263,TRGResearch LLC
85271,Yep Strength
85273,ALLIANCE FORMULATIONS
85275,Hell on Earth
85276,Cecilia Tech Inc.
85277,"Guangdong Meizhiyuan Biotechnology Co., Ltd."
85278,Wellmetech Pharmaceutical Industries SDN BHD
85279,"Guangdong bangze medicine co., ltd"
85280,SB Innovations LLC
85282,Power Beauty Co.
85283,BENM Inc
85284,BLOOMWELL GARDENS LLC
85286,"Nexgel,Inc."
85287,"PICTON CO., Ltd."
85289,Vegalab LLC
85291,ACNE SOLUTIONS NYC INC
85292,Acne Specialists LLC
85293,"Umasuto, LLC"
85296,Skin Restoration Aesthetics
85298,Cali Skin Care LLC
85299,Clear Day Acne Clinic
85300,"Dermablue, P.C."
85301,Tucson Acne Clinic
85302,"Face 5, LLC"
85304,"Guangzhou Borderless Technology Co., Ltd."
85305,"Henan Lijitang Medical Technology Co., Ltd."
85306,"INTEGRATIVE AESTHETICS BOSTON, LLC"
85307,Pogi Beauty LLC
85308,Gaoye Marketing Inc
85310,COMMERCE OPERATIONS LLC
85311,"Guangzhou Charm Beauty Trading Co., Ltd."
85312,"Panatural Life Science, Inc."
85313,"Restore Skin Therapy, LLC"
85314,"Melinda Menezes, M.D., Inc."
85315,"ONEAND CO., LTD."
85316,"Spoke Sciences, Inc."
85317,TRU SKIN RITUALS
85318,"Maloney Plastic Surgery Skin Care, PLLC"
85319,Potency No. 710 LLC
85320,Eddingpharm (U. S. ) Inc.
85321,Karyng LLC
85323,"Xuzhou Lanting Pharmaceutical Co., Ltd"
85324,72 Seasons LLC
85325,"ADVANCED AESTHETICS SKIN CARE STUDIO, INC"
85326,Shelley Bennett Skincare
85327,Rhonda J Pomerantz MD PLLC
85328,DANIEL BEHROOZAN MD A MEDICAL CORPORATION
85329,"Lily Lee, MD"
85330,Skin Philosophy by Kelly
85331,Scottsdale Skin Boutique Aesthetics Pllc
85333,"Zhejiang FTA Shengzuozhi Biotechnology Co., LTD"
85334,"Brent Loftis, D.O., Inc., A California Medical Corporation"
85335,VISOR SKINCARE LLC
85337,Tichy Anesthesia PA
85338,"Zen Dermatology, Inc."
85339,"Teton Dermatology Holdings, Inc."
85340,"Oculofacial Surgery and Cosmetic Laser Institute, LLC."
85342,"Guangzhou Sanshisan Cosmetics Co., Ltd."
85343,BB MEDICAL & DERMATOLOGY INC
85344,DERMATOLOGY ARTS
85346,"Henan Dailygreen Cosmetics Supplies Co.,Ltd."
85349,"Guangzhou Jiaan Cosmetics Co.,Ltd."
85350,United Health & Beauty Corp
85351,ADVANCED DERMATOLOGY
85354,"Shenzhen Jingsheng Technology Co., Ltd"
85356,"Oracle Esthetics, LLC"
85357,Skin Therapy Studio LLC 
85358,Skin & Proper LLC
85359,"R. Sonia Batra, MD, Inc."
85360,Spalina LLC.
85361,"SHAOXING KEQIAO HUNIAN HEALTH PRODUCTS CO.,LTD"
85362,"Goldberg, Howard S MD Inc"
85363,"Kalon Skin Studio, LLC"
85364,"Minder Day Spa, Inc."
85365,"NAIRA BABAIAN, M.D., P.A."
85366,Gentlehomme LLC
85367,"PURE VITALITY SKIN AND BODY, INC"
85369,Jordan Macall Acne & Anti-Aging Skincare LLC
85370,Lisa Nadler Skin Care and Waxing
85372,"Glow Advanced Skin and Body Care, LLC"
85373,"Bodi & Wax, LLC"
85374,BABYFACE LLC
85375,KLOE SALON LLC
85376,"HSC MIAMI, INC"
85377,MANTRA WELLNESS SPA
85379,Venture Healthcare Ltd
85380,IMAGINE AMAZON LLC
85381,VIDA HEALTH & WELLNESS LLC
85382,DAISY'S SKIN TRANSFORMATION LLC
85384,TAGRID LLC
85385,Spooge
85386,Allure Esthetics
85387,Fern Burg
85392,"2301 PLASTIC SURGERY, PLLC"
85393,That Face PLLC
85394,"The Maui Medical Group, Inc"
85395,SPECKTRA6 LLC
85396,ACNEFIX INC.
85398,Beautivity LLC
85399,BORREGO SPRINGS SKINCARE LLC
85400,Simply Bare Waxing & Skin Care LLC
85401,Fytofontana LLC
85402,Medrock Pharmacy LLC
85403,BIOHEALTH PLUS LLC
85404,NY BEAUTY PALACE LLC
85405,"Shenzhen Tie Gou Li Trading Co., Ltd."
85407,"Dongguan yiyu trading co., ltd"
85412,ESTHETICS BY RIKI LLC
85413,HALEM DERMATOLOGY PLLC
85414,"Hirschman, Kristina"
85415,The Acne Lab LLC
85416,"FOREFRONT DERMATOLOGY, S.C."
85417,SMOOTHE LLC
85418,Beauty Journey Studio LLC
85420,"Liufangjing Biotechnology (Yangzhou) Co., Ltd"
85421,"Guangzhou shangwei Beauty TechnologyCo.,Ltd."
85422,"SYNERCHI MED SPA, INC."
85424,RoyceDerm LLC
85425,Skin & Bare It LLC
85426,"Huanggang Vicom Medical Supplies Co., Ltd."
85428,"Fleur de Lune, LLC"
85429,Anything SPF LLC
85431,Cutis Wellness Dermatology And Dermatopathology PLLC
85432,Amara Ventures
85433,"Face Collection, L.L.C."
85434,"Guangdong Quaker Daily Chemical Co., LTD"
85435,"Guangdong Renhe Guozhuang Biotechnology Co., Ltd."
85436,Virexion Health Inc.
85437,"Coral Way Pharma, LLC"
85438,The Beez Kneez Skin Care & Acne Clinic LLC
85439,"Banuskin, Inc."
85441,"Atlanta Acne Specialists, LLC"
85442,Saving Face Skinspa Inc.
85443,"PETER L. KOPELSON, M.D.,"
85444,ELITE ESTHETICS BY NICOLE CAROLINE LLC
85446,FEELFREE LLC
85447,Hiya Health Products LLC
85449,"MCRAE MD MEDICAL LASER CENTER, A TEXAS PROFESSIONAL LIMITED LIABILITY COMPANY"
85450,"LEVERRIER, KAMILA"
85451,MY FAVORITE PLACE SPA LLC
85452,Charisma Skin
85453,Dr. Max’s LLC
85454,Syka Pharma Inc.
85455,BURND LLC
85456,Porphose
85457,GODDESSLYNNEBODYANDSKIN
85458,GINAMARIE Products
85459,PANDA PAMPERING LLC
85460,Micro Fibro Blast
85462,SKINBAR MD LLC
85463,Noble Center for Healthy Aging LLC
85464,CAVTECH HOLDING LLC
85465,"Shiny Hiny Products, LLC"
85466,"DERMOPERFECTION SKINCARE SERVICES, LLC"
85467,"Tory Sullivan, M.D., P.A."
85469,"JMSE Management, LLC"
85470,"PUREFECTION LA, INC."
85471,pNeo LLC
85472,"ZHEJIANG GAORONG COSMETIC CO.,LTD."
85473,"Guangzhou Yueyou Biological Technology Co., Ltd."
85475,ANAGEN INNOVATION MEDICINE LTD
85477,"Oncora Pharma, LLC"
85479,SKINPLUSBYOROYO LLC
85490,"ABOUT FACE AESTHETICS, INC."
85491,ULTRAVIOLET SKINCARE LLC
85492,The Essential Brazilian Spa LLC
85493,CLEARLY BEAUTIFUL SKIN AND ACNE CLINIC LLC
85494,HONESTLY LLC
85495,CCLEAR SOLUTIONS ACNE & SKIN CARE CLINIC
85496,MALORIE MILES
85497,AEON AESTHETICS LLC
85498,SpineStatus LLC
85499,ATLANTA DERMOTOLOGY VEIN & RESEARCH CENTER
85503,SKIN BOSS L.L.C.
85504,COLETTE TOMASI LLC
85505,Stock Your Home
85506,"Home Health Brands, LLC"
85507,IT INTELLIGENT TREATMENT LLC
85508,RSL89 LLC
85509,PHOENIX RX LLC
85510,RoseWell Pharmaceuticals LLC
85511,"Shanghai Tongjie Commodity Co.,Ltd."
85513,"THE AESTHETICS ACADEMY, LLC"
85514,"Reedfresh Co., LTD"
85516,Kristina Lerner
85519,SKIN BY NESRIN
85520,True Beauty Brows & Skin Care
85521,dandRX LLC
85522,BIOCARE PLUS INTERNATIONAL LIMITED
85524,FlexiGo Inc
85525,Brand Reach Collective LLC
85527,SPHERE 8 INC
85528,Impact Melanoma Inc
85529,"BalmRx, LLC"
85531,JOHANNA'S SKIN CARE
85532,"Plexus Worldwide, LLC"
85533,Mint Skin Incorporated
85534,"HAWAII REPACK, INC."
85535,Serrina Lin Skincare Inc
85536,"Back 9ine Skincare, LLC"
85537,PT. SUPER HOME PRODUCT INDONESIA
85550,BENOW BEAUTY INC
85552,SKIN MAVEN
85554,ESTILO SALON & SPA LLC
85555,ELIZA ARAKELIAN
85556,"TYRLIN ENTERPRISES, INC."
85557,Shannon Cornelsen-Lewandowski
85558,LOTUS SKINCARE AND MAKE-UP STUDIO
85559,CHAMPAGNE APOTHECARY LLC
85560,MEGAN YORK INC.
85562,SKINOATH LLC
85563,"CLEAR SKIN SOLUTIONS, LLC"
85564,SKINFINITY
85565,"ProPedix, Inc."
85566,CHARLIS LLC
85567,STRUCTURE OF SKIN LLC
85569,100 KARMA INC
85575,NEXTEX CORPORATION
85577,EcoRhine LLC
85578,"Zhengzhou Hangrui Network Technology Co., Ltd."
85579,HYDRASPHERE PLUS LLC
85581,Helen's Haven
85582,SKINERGIX LLC
85583,IRIA SKIN OASIS LLC
85584,ANASTASIA FOX-TOMYLOVYCH
85585,"JEFFREY J. ROTH, M.D., A PROFESSIONAL CORPORATION"
85586,"LAP USA, INC."
85587,"Shenzhen Zealous Ecommerce Technology Co., Ltd"
85588,"MELON BIO-TECH (THAILAND) CO., LTD."
85589,Natur LLC
85590,"Shenzhen Nanjun Technology Co., Ltd"
85591,JOSEPHINA RAMIREZ
85592,Cumberland Assured Products Inc.
85593,"Guangzhou ChuanMa International Trading Co.,Ltd."
85594,"Dongguan Haiyi Cosmetics Co., Ltd."
85595,"Guangzhou Fengda Technology Co., Ltd."
85596,"LAURA CATHERINE, LLC"
85597,ESTHETIC ACADEMY LLC
85598,"BASS & KLASS, INC"
85599,CLEAN BEAUTY BY ANAK LLC
85600,Peachy Corp
85601,"ATOSAFE CO., Ltd"
85602,EMPIRE GROUPS LLC
85603,SMOOTH ESTHETICS LLC
85604,ESTHETICS BY RIKI LLC
85605,"Guangzhou Nawei Beauty Biotechnology Co., Ltd"
85607,SPOTLESS SKIN STUDIO
85608,LA HAIR DESIGN
85609,HELLO BEAUTIFUL SKIN & ACNE
85611,SKINPLICITY STUDIO LLC
85612,Rubicon Holdings Inc.
85616,QUEENIES BEAUTY LLC
85618,SAUCD GENERAL TRADING COMPANY
85620,JADEIA LIMITED INC
85621,AGELESS SKINCARE INC
85622,"Blue Heron Pharmaceuticals, LLC"
85623,"Give Back Beauty, LLC"
85625,LUNDQUIST INSTITUTE FOR BIOMEDICAL INNOVATION AT HARBOR-UCLA MEDICAL CENTER
85626,"Micro Current Technology, Inc."
85627,CAPE COD SKIN CARE CO. INC.
85628,REVIVE IN SOLANO
85629,"CLARITY SKIN CARE STUDIO, INC."
85630,FRESH FACED SKIN CARE LLC
85631,Bispit Canada Ltd.
85632,Joyce Kelly Enterprises
85633,Estiva Generics Corporation
85634,DR. CARIN GRIBETZ BOARD CERTIFIED DERMATOLOGIST
85635,FLEUR DE VIE LLC
85636,"Shenzhen Earth Surface Trading Co., Ltd."
85637,ELEVEN STREET
85638,"GNL BRANDS INTERNATIONAL, LLC"
85640,CECILIA EDWARDS
85641,KRISTI REDD ESTHETICS
85642,"EDIT EUROSPA, LLC"
85644,Skin Science Institute Inc
85645,LEILANI VIDAL
85646,GLOWVERA
85647,Mermaid Glow LLC
85649,"PATRICIA SOLIS MAKEUP ARTIST, LLC"
85672,JKH Aesthetics LLC
85674,Central Drug Dorado Corp.
85678,FUTURE 8 LLC
85679,HELTON SKIN & LASER INSTITUTE
85690,"Invernis Pharmaceuticals, Inc."
85691,"LEDUC, XUANTO MD"
85695,"THE SKIN CARE SOURCE, INC."
85696,"SCIENCE CEUTICALS, LLC"
85697,"MASCARENAS ENTERPRISES, INC."
85698,LIV BODY AND BEAUTY
85706,"SIMPLICITY SKIN, SPA & BOUTIQUE, LLC"
85707,BEE NATURALS
85709,"Beijing Sea Heart International Science And Technology Co.,Ltd."
85711,Kemmi Lee Skin Science
85712,BLISS BEAUTY LLC
85714,KATHY JONES AESTHETHICS LLC
85715,"MARK SCHWARTZ CLINICAL SKINCARE, INC."
85718,"Kimberly Clark De Mexico, S.A.B. de C.V."
85721,"Nemah, Inc."
85722,KJD Pharma Private Limited
85723,ACNE CLINIC LAS VEGAS BY JUSTINA
85724,Dreamwise International Corp
85725,SHAYLA BOGER SKIN THERAPY LLC
85726,Healthy Skin & Body LLC
85727,"KS Esthetics, LLC"
85728,Dermacare
85730,BELLAGENA SKINCARE STUDIO & SPA
85733,Xiangtan Ruiqi Import and Export Co Ltd
85734,"HUZHOU JUNDA INDUSTRY CO., LTD."
85735,LULUS SPA BOUTIQUE
85736,A.Wall Beauty LLC
85738,Skintique
85739,FOUNDATION COMMERCE INC
85740,"Power Health, Products, Inc."
85741,"Shenzhen Deshijian Medical Equipment Co., Ltd"
85742,Kanchan Healthcare Inc
85746,EUROPEAN SKIN AND MASSAGE STUDIO
85747,WECARE FRISCO PLLC
85748,SKIN MEDICINALS LLC
85750,LIKE PRO OPTIMAL SKINCARE LLC
85751,"Chongqing Alefa Technology Co., Ltd."
85752,"CLEAN SLATE SKIN & BODY, INC."
85753,Cove Suncare LLC
85755,Fomin LLC
85758,BELLA MEDICAL SKIN CARE
85760,Hydrafacial LLC
85761,"Hangzhou Rongna Health Technology Co., Ltd."
85763,SCUBASCREEN LLC
85764,Washburn Ventures LLC
85765,"Shenzhen Ze'ai Electronic Co., Ltd."
85766,"Sportpharm, Inc. dba Sportpharm"
85767,"Helande, LLC"
85768,L MOORE AESTHETICS
85769,"Guangdong Xinjie Cosmetics Co.,Ltd."
85771,VYV LLC
85772,"Guangzhou Oupeng Cosmetics Co., Ltd."
85773,YOALI STUDIO LLC
85774,LA JOLLA WELLNESS & AESTHETICS
85775,COTR Inc
85779,"Guangdong Joyan Biological Technology Co.,Ltd"
85782,"handetizer, LLC."
85783,"GUANGZHOU MAGNOLIA BIO TECHNOLOGY CO.,LIMITED"
85784,ENVIRON SKIN CARE (PTY) LTD
85792,Brilliance Trade LLC
85795,"Shenzhen TeLaFaErJiaLuo Technology Co., Ltd."
85796,Craver Corporation
85797,Guangzhou Jinsheng Biotechnology Corporation
85798,SAN JOSE MEDICAL SPA
85805,OLGA KLIMOV INC
85806,"Xinsno Technology (Shenzhen) Co., Ltd"
85807,SKIN CARE BY SCOTTIE LLC
85808,PT ELITE PRODUCTS LLC
85811,"TEXAS FREEDOM CBD, LLC"
85812,"Gulf Coast Gas & Equipment, LLC"
85813,Direct Outlet Supplier LLC
85816,BM Private Limited
85817,"Guangzhou Qiexiran Cosmetics Co., Ltd."
85818,Dr.Johnes LLC
85819,"Shantou Oushiya Biotechnology Co., Ltd"
85820,"ZECO, LLC"
85821,"Shenzhen Weikeduo E-commerce Co., Ltd."
85824,NICEDAE GROUP LLC
85825,"Shenzhen Haizhida E-commerce Co., Ltd"
85826,SYSTEM4BOOK LLC
85828,"Grocery Outlet, Inc."
85831,PCHEERY LLC
85832,ER3 BRANDS INC.
85833,EveryMarket Inc
85834,"Shenzhen Bullfighting Trading Co., Ltd."
85835,"Shenzhen Paxi Trading Co., Ltd."
85837,SilkTears
85838,Nutrition Unlimited INC
85839,"Shenzhen Finona Information Technology Co., Ltd"
85840,DUGOUT ESSENTIALS LLC
85844,"Zhejiang Bright Care Co., Ltd."
85846,FOLICULE LLC
85849,SOLALIA LLC
85860,Surprise Enterprise LLC
85861,ADR SUNCARE
85862,ASHLEY SAMAI
85863,Eco Esthetics LLC
85865,"Toddler Born Wild, Inc."
85867,"Shanghai JiuJiuRong E-commerce Trading Co., Ltd"
85868,JINGXIN GROUP (M) SDN BHD
85869,"Shenzhen Yagao Technology Co., Ltd."
85881,"Yongchun Lihui Trading Co., Ltd."
85883,"CR KEEFE ENTERPRISES, INC."
85884,STEEL CITY HEALTH PRIVATE LIMITED
85885,Latin Beauty LLC
85886,"FRANCISCO FLORES, M.D., P.A."
85887,SKIN THERAPY PLLC
85888,MILESTHETICS LLC
85889,MYRENE DULAY-MARTINEZ
85890,DENISE BELL SKIN CARE
85891,SPARROW LIFE CARE PRIVATE LIMITED
85892,Qntamax LLC
85895,POLISH BEAUTY
85896,SIGNATURE MED SPA MT LLC
85897,"Guanghzou AiXin Biotech Co., Ltd"
85920,"Foshan Nanhai District Didi Didi E Commerce Co., Ltd."
85921,KARINA SALDIVAR
85922,Guangzhou Jingze Jiexin Electronics Co Ltd
85924,"BLACKCOBRASUPPLY, LLC"
85925,"Comercializadora y Distribuidora de Equipos y Fármacos, S.A. de C.V."
85926,ATHENA PLASTIC SURGERY
85927,ATHLETIC COSMETIC COMPANY LLC
85928,KLARINA INC
85929,GAINXTRA LLC
85932,8 PINE DESIGN LLC
85934,b_loop Distributing Ltd.
85936,MONIKA G KIRIPOLSKY MD INC.
85938,ICD Moisture Layer Sunscreen
85939,ORAIOS BEAUTY LLC
85940,"MERCYCO Co., Ltd."
85942,"Perfso (HK) Co., Limited"
85943,Slam Lotion
85944,"BRIGHT SKINCARE, LLC"
85945,Through Medical INC.
85947,"SJOLIE, INC."
85948,"DONGDONGGURIMOO CO.,LTD."
85949,Optiq Eyecare LLC
85950,PANERGYTEK USA INC
85951,SilverCeuticals
85953,DR. KHALILI LLC
85954,CAI Industries Corp.
85956,"BOWLER ESTHETICS, INC"
85959,"Guangzhou Bixiaoyu Trading Co., Ltd."
85960,"Dongguan Fenghejiang E Commerce Co., Ltd."
85962,Pelotan LLC
85964,"Shenzhen water element e-commerce Co., LTD"
85966,"GUANGZHOU SAWEILAN IMPORT & EXPORT TRADING CO., LTD"
85968,SARA ELIZABETH SKINCARE
85969,AMOIE ALAYVILLA
85970,"MILL VALLEY DERMATOLOGY, INC."
85971,ENSO SKINCARE & WELLNESS LLC
85972,Stellon Biotech. Inc.
85975,Moam LLC
85977,"Guangzhou Yanhou Cosmetics Co., Ltd."
85978,5KIND TRADING LTD
85979,JORDAN FAT KIDS LLC
85980,Tychea Co.
85981,Else Co.
85987,ESTHETICS BY MINDY LLC
85989,"Hangzhou Yida Technology Co., Ltd."
85992,"Shenzhen Boyimei Technology Co., Ltd."
85996,Totally Normal Company
85998,Guangzhou Tinsun Biotechnology Company Limited
85999,Nanning Xingshuang Network Technology Studio (A Sole Proprietorship)
86173,Click Industries LLC
86211,Jvet Pharmaceuticals LLC
87001,"HAIAN KANGRUI TEXTILE CO., LTD."
87003,"YUMA ACNE CLINIC, L.L.C."
87008,"Shenzhen Yeheal Biotechnology Co., Ltd"
87011,Lavinso Trading LLC
87013,GENUINE INNOVATION LTD
87014,REGENEREN PLUS LTD
87016,LANTERN HEALTH & BEAUTY SDN. BHD.
87017,"MANTONG Co., Ltd."
87018,"ALL THE RAJE, LLC"
87019,Blue Scorpion Inc.
87022,LABORATORIO MK SRL
87028,FUNGLARA LLC
87031,Emes Commerce Group Inc.
87033,Elysium Consumer Healthcare LLC
87034,"K-LA-KO Co.,LTD"
87035,Damastíque
87036,"Guangzhou Meijiao Medical Biotechnology Co., Ltd."
87037,GOLDEN CARE BOTANICALS LLC
87038,Melixir Inc.
87039,Gritt Commercial Inc.
87041,Trovina Co. Ltd
87042,"Lalicious, LLC"
87043,MOOGOO SKIN CARE PTY LTD
87044,"Guangzhou Seye Biomedical Technology Co., Ltd."
87045,Omniche Consumer Products Co.
87049,THE BEAUTY ROOM OC INC
87051,PolleyMed LLC
87053,Prime Tooth Care LLC
87055,"Guangzhou Bangting International Trade Co., Ltd"
87058,NAKED TURTLE SUNSCREEN LLC
87060,SEAJewels LLC
87063,"Asclemed USA, Inc."
87065,"Hangzhou Eternal Love Personal Care Co., Ltd"
87066,"Hubei Redrui Building Materials Co., Ltd."
87068,Phe Inc
87069,GVS TM INC
87073,"AOP Health US, LLC"
87075,"Hunan Novis Biotechnology Co., Ltd."
87076,"Shenzhen Yadifei Trading Co., Ltd."
87078,MEDWISE LIFESCIENCES INC.
87080,"Hangzhou Jingshen Trading Co., Ltd."
87081,MITEM PHARMA
87083,"Guchutang Biotechnology (Longyan) Co., Ltd"
87084,"Guangzhou Yixiang Trading Co., Ltd."
87086,"Shenzhen Yifusi Technology Co., Ltd."
87087,"Price Team Ventures, LLC"
87091,"Mingyu (guangdong) Cosmetics Technology Co., Ltd"
87092,"Guangzhou Shengyanghui Industrial Trading Co., Ltd"
87093,COCO COSMETICS INC
87094,By the Beach Suncare LLC
87096,"Zhenping Renren Industry Co., Ltd."
87099,BELLA BLU STUDIOS INC
87104,"Jinzhitang (Foshan) Biotechnology Co.,LTD"
87106,"YD BIO USA, INC."
87109,Grow Defender LLC
87110,METHODIQ INC.
87111,"Zhejiang Hudson Import& Export Co., Ltd"
87114,"Zhongbaokang Biotechnology Co., Ltd"
87116,"HYGIENELAB, INC"
87117,"Happy Head, Inc"
87118,"Xiling (Zhenjiang) Medical Technology Co., Ltd."
87119,MDS GLOBAL FZE
87121,ISIS GONZALEZ
87122,"MADRE TIERRA, INC."
87123,Guangzhou Guoyoumi Biotechnology Co Ltd
87125,"Nanjing Anxing Medical Technology Co., Ltd."
87127,"Happy Robin, LLC"
87129,Aocai Biotechnology Huizhou Co Ltd
87130,Japan Medical Biotechnology Limited
87133,Sentry Welding Supply LLC
87135,"Henan Jiugao Cross-border Ecommerce Co., Ltd."
87136,Opalshi(Guangzhou)E-commerce Co. Ltd.
87138,The Natural SKN Company
87145,HAMAOUI TRADING CORP.
87147,DANOUS LAND FLOOW LLC
87148,Nimex Group Inc
87149,SOLUTIONS SKIN CARE LLC
87152,"Putian Licheng District Zhijiancheng Trading Co., Ltd."
87154,MY CUTENESS LLC
87156,Matrix Beauty LLC
87159,DGE Essentials Inc
87161,Karaka LLC
87165,"Nanjing Ludejin Corporation Management Co., Ltd"
87167,DEWYCREAM INC
87169,Rafael Management Inc
87170,Hampton Sun
87175,"Guangzhou Woxinghui Technology Co., Ltd."
87177,Koala Eco Company USA Ltd
87179,"Copper Joint, LLC"
87182,MFB Fertility
87184,Absolut Skin Incorporated
87187,CJH Innovations LLC
87189,"Sunkissed By Heaven, LLC"
87191,"Shenzhen Yaozhihong Technology Co., Ltd."
87197,ADVANCED AESTHETIC DERMATOLOGY
87203,MSVenturesGroup OÜ
87204,"Guangzhou Huixue Biotechnology Co., Ltd."
87205,BellamiLuxx LLC
87207,"Catherine Hinds Company, Inc."
87210,HALORIA INC.
87212,Excelsior Commercial Inc
87215,"Sichuan Pengtai Qifan Technology Co., Ltd"
87228,PHARMACY CHOICE INC
87231,"Guangzhou Ouruisi Biotechnology Co., Ltd"
87232,A PLUS MERCHANDISE LLC
87236,AlderMed Inc.
87237,Gimmie Botanicals LLC
87240,"Jiangxi Zhongteng Pharmaceutical Co., Ltd"
87241,Venture Performance Inc
87243,"MAIDORA CO.,LTD"
87248,"Shenzhen Jufeng Qisheng Technology Co., Ltd."
87251,4 Visions LLC
87255,"Shenzhen Mengyue Technology Co., Ltd."
87257,"Nanjing Jitaxing Technology Co., LTD"
89156,Global Diabetic Distributors
90086,"Clean Beauty For All, Inc"
90089,"TKC Holdings, Inc"
90096,Zameer Pharmaceuticals LLC
90100,Herstat (USA) Inc.
90107,Adventure Ready Brands
98132,Orveon Global US LLC
99207,"Bausch Health US, LLC"
99528,Wonder Laboratories
