firm,ndc_firm_id
Merck Sharp & Dohme LLC,00006
"Agios Pharmaceuticals, Inc.",71334
Blueprint Medicines Corporation,72064
Incyte Corporation,50881
"SHIONOGI & CO., LTD.",59630
"Alexion Pharmaceuticals, Inc.",25682
"Viela Bio, Inc.",72677
"Janssen Biotech, Inc.",57894
NOVARTIS AG,00078
"GENENTECH, INC.",00004
"REGENERON PHARMACEUTICALS, INC.",61755
"IMMUNOGEN, INC.",72903
Celgene Corporation,59572
"GOJO Industries, Inc.",21749
Pharmacyclics LLC,57962
Eli Lilly and Company,00002
"Supernus Pharmaceuticals, Inc.",17772
"Array BioPharma, Inc.",70255
"RIGEL PHARMACEUTICALS, INC.",71332
"Almirall, S.A.",16110
"Gilead Sciences, Inc.",55135
"Kythera Biopharmaceuticals, Inc.",61168
"Arrowhead Pharmaceuticals, Inc.",84141
"Sarepta Therapeutics, Inc.",60923
"Innovative BioDefense, Inc.",57362
Insmed Incorporated,71558
"Eagle Pharmaceuticals, Inc.",42367
"INTRA-CELLULAR THERAPIES, INC.",72060
DOMPÉ FARMACEUTICI S.P.A.,71981
BIOVERATIV THERAPEUTICS INC.,71104
"MEDIMMUNE, LLC",66019
"Intersect ENT, Inc.",10599
Smith & Nephew PLC,50484
DR. REDDY'S LABORATORIES LIMITED,55111
"SUN PHARMACEUTICAL INDUSTRIES, INC.",10631
AMGEN INC.,55513
ABBVIE INC.,00032
"Hospira, Inc.",00409
Cumberland Pharmaceuticals Inc.,66220
Apotex Inc.,60505
United Therapeutics Corporation,66302
REV PHARMA Corp.,69981
GLAXOSMITHKLINE BIOLOGICALS SA,58160
Genzyme Corporation,58468
"Palatin Technologies, Inc.",80064
"Allergan, Inc.",00023
UCB PHARMA S.A.,00131
AMOREPACIFIC CORPORATION,43419
Rhodes Pharmaceuticals L.P.,42858
"ESTEVE PHARMACEUTICALS, S.A.",68118
"BioCryst Pharmaceuticals, Inc.",72769
Shiseido Americas Corporation,58411
"Ethicon, Inc.",63713
"Novavax, Inc.",80631
GLAXOSMITHKLINE LLC,00173
"HISAMITSU PHARMACEUTICAL CO., INC.",46581
IDORSIA PHARMACEUTICALS LTD,80491
"Vertex Pharmaceuticals, Incorporated",51167
"JIANGSU HENGRUI CO., LTD.",57884
"Chia Tai Tianqing Pharmaceutical Group Co., Ltd.",71731
"Alkermes, Inc.",65757
"Kadmon Corporation, LLC",79802
APRECIA PHARMACEUTICALS LLC,43485
"Pacira Pharmaceuticals, Inc.",65250
"PTC Therapeutics, Inc.",52856
ACADIA Pharmaceuticals Inc.,63090
"MESOBLAST, INC.",73648
The Johns Hopkins University,40089
BIOMARIN PHARMACEUTICAL INC.,68135
"Alnylam Pharmaceuticals, Inc.",71336
"Aquestive Therapeutics, Inc.",10094
Shaklee Corporation,59899
"CHEMOCENTRYX, INC.",73556
"Exelixis, Inc.",42388
"Teva Pharmaceuticals USA, Inc.",00093
Geron Corporation,82959
"Apellis Pharmaceuticals, Inc.",73606
Novartis Pharma AG,00078
"Ionis Pharmaceuticals, Inc.",71860
"OTSUKA AMERICA PHARMACEUTICAL, INC.",59148
"Epizyme, Inc.",72607
Cephalon LLC,63459
"HUONS CO., LTD.",73293
"Staples, Inc.",49514
"CETYLITE INDUSTRIES, INC.",10223
UroGen Pharma Ltd.,72493
NATCO PHARMA LIMITED,63850
MARY KAY INC.,51531
"ADARE PHARMACEUTICALS, INC.",59917
"Siga Technologies, Inc.",50072
MannKind Corporation,47918
"Esperion Therapeutics, Inc.",72426
Corcept Therapeutics Incorporated,76346
Credentis AG,72247
Gamida Cell Ltd.,73441
SANDOZ AG,00185
"QILU Pharmaceutical, Co., Ltd.",67184
"Abraxis BioScience, LLC",68817
Eisai Inc.,62856
"Vivus, Inc.",62541
LUPIN INC.,27437
"AXSOME THERAPEUTICS, INC.",81968
"MIRATI THERAPEUTICS, INC.",80739
Biotest AG,83372
"MacroGenics, Inc.",74527
BEIERSDORF AG,10356
GUERBET,67684
"Curology, Inc.",82575
"Neurocrine Biosciences, Inc.",70370
Ultragenyx Pharmaceutical Inc.,69794
"Santarus, Inc.",68012
Colgate-Palmolive Company,35000
Vanda Pharmaceuticals Inc.,43068
"Tetraphase Pharmaceuticals, Inc.",71773
Shilpa Medicare Limited,63759
"Eyenovia, Inc.",81046
"OCuSOFT, Inc.",54799
DEXCEL PHARMA TECHNOLOGIES LTD.,64239
"G1 Therapeutics, Inc.",73462
"Mycovia Pharmaceuticals, Inc.",74695
THE REGENTS OF THE UNIVERSITY OF MICHIGAN,76326
"REVANCE THERAPEUTICS, INC.",72960
VERO Biotech Inc.,72385
"Alastin Skincare, Inc.",70604
Bavarian Nordic A/S,50632
"TAIHO PHARMACEUTICAL CO., LTD.",64842
"Salix Pharmaceuticals, Inc.",65649
"REATA PHARMACEUTICALS, INC.",73179
BANNER LIFE SCIENCES LLC,69387
"SHANDONG LUYE PHARMACEUTICAL CO., LTD.",72526
IPCA LABORATORIES LIMITED,83980
RedHill Biopharma Ltd.,57841
"BLUEBIRD BIO, INC.",73554
"MELINTA THERAPEUTICS, INC.",70842
"LEXICON PHARMACEUTICALS, INC.",70183
"E.R. SQUIBB & SONS, L.L.C.",00003
"Paratek Pharmaceuticals, Inc.",71715
DYNAVAX TECHNOLOGIES CORPORATION,43528
"CHIMERIX, INC.",79622
Biogen Inc.,59627
EMERGENT BIOSOLUTIONS CANADA INC.,60492
"Madrigal Pharmaceuticals, Inc.",82576
"ISDIN, S.A.",69494
"Lantheus Medical Imaging, Inc.",11994
UCB Pharma GmbH,00131
"Clovis Oncology, Inc.",69660
"Iovance Biotherapeutics, Inc.",73776
"Loxo Oncology, Inc.",71777
Sanofi Pasteur SA,49281
CSL BEHRING AG,00053
"SUNWAY BIOTECH CO., LTD.",27281
"Akebia Therapeutics, Inc.",59922
"Krystal Biotech, Inc.",82194
EMERGENT PRODUCT DEVELOPMENT GAITHERSBURG INC.,71665
"Smith & Nephew, Inc.",50484
"VELOXIS PHARMACEUTICALS, INC.",68992
"RHYTHM PHARMACEUTICALS, INC.",72829
Karyopharm Therapeutics Inc.,72237
"Wuxi Fortune Pharmaceutical Co., Ltd",65050
ViiV Healthcare Company,49702
PHI PHARMA SA,27789
STEALTH BIOTHERAPEUTICS INC.,72507
Seattle Children's Hospital,72740
"GOOD CLEAN LOVE, INC.",73716
CIMA LABS INC.,55253
"Galderma Laboratories, L.P.",00299
"Exeltis USA, Inc.",00642
CHANEL PARFUMS BEAUTE,68745
"Deseret Biologicals, Inc.",43742
"Heron Therapeutics, Inc.",47426
HETERO LABS LIMITED,68554
LAURUS LABS LIMITED,42385
"Syndax Pharmaceuticals, Inc.",73555
KAMEDIS LTD,50718
Torrent Pharmaceuticals Limited,13668
InflaRx GmbH,83000
Nalpropion Pharmaceuticals LLC,51267
"Aekyung Industrial Co., Ltd.",67225
"Antares Pharma, Inc.",18657
"AcelRx Pharmaceuticals, Inc.",61621
"Vireo Systems, Inc.",82908
"Laclede, Inc.",54897
Baxter Healthcare SA,00338
"TREVENA, INC.",71308
Sintetica S.A.,68055
CSL BEHRING LENGNAU AG,69911
"Amphastar Pharmaceuticals, Inc.",00548
"Novast Laboratories, Ltd",34908
"Emmaus Medical, Inc.",42457
"MEDCARA PHARMACEUTICALS, LLC",82406
"kaleo, Inc.",60842
"ADMA BIOLOGICS, INC.",69800
"SAMBRIA PHARMACEUTICALS, LLC",54723
"Sonoma Pharmaceuticals, Inc.",69668
scPharmaceuticals Inc.,71767
"ARDELYX, INC.",73154
"Fenwal, Inc.",00942
"Corium, LLC",65038
"Medline Industries, LP",53329
MASSACHUSETTS GENERAL HOSPITAL,76318
"Sprout Pharmaceuticals, Inc.",58604
TerSera Therapeutics LLC,70720
"Stemline Therapeutics, Inc.",72187
"BECTON, DICKINSON AND COMPANY",17271
"Kite Pharma, Inc.",71287
"HERBALIFE INTERNATIONAL OF AMERICA, INC.",51785
"Church & Dwight Co., Inc.",10237
CYCLE PHARMACEUTICALS LTD,70709
60 DEGREES PHARMACEUTICALS LLC,71475
Mylan Inc.,00378
"CRINETICS PHARMACEUTICALS, INC.",84015
"Upsher-Smith Laboratories, LLC",00245
"Juno Therapeutics, Inc.",73153
Vifor (International) AG,59353
"Progenics Pharmaceuticals, Inc.",71258
Biotics Research Corporation,55146
LEADIANT BIOSCIENCES LTD.,54482
LG HOUSEHOLD & HEALTH CARE LTD.,53208
"SHANDONG XINHUA PHARMACEUTICAL CO., LTD.",58624
"VERASTEM, INC.",71779
GENUS LIFESCIENCES INC.,64950
Fertin Pharma A/S,63443
"BAUSCH HEALTH US, LLC",00187
"YAOPHARMA CO., LTD.",50771
UBI PHARMA INC,72843
Premier Dental Products Company,48783
Hikma Pharmaceuticals USA Inc.,00054
"Aimmune Therapeutics, Inc.",71881
SINEW PHARMA INC.,81389
"Oyster Point Pharma, Inc.",73521
"INNOVUS PHARMACEUTICALS, INC.",57483
"On Target Laboratories, Inc.",81052
AVERITAS PHARMA INC.,72512
"STI Pharma, LLC",54879
Verona Pharma PLC,83034
BTG INTERNATIONAL INC.,50633
"ECI PHARMACEUTICALS, LLC",51293
"EXELA PHARMA SCIENCES, LLC",51754
"KYOWA KIRIN CO., LTD.",42747
"Quest Products, LLC",17433
"Emerald Therapeutics, Inc.",72919
GLAUKOS CORPORATION,25357
SpecGX LLC,00406
APTAPHARMA INC.,76281
"Xeris Pharmaceuticals, Inc.",72065
Currax Pharmaceuticals LLC,42847
"AVEO Pharmaceuticals, Inc.",45629
"Zhuhai Beihai Biotech Co., Ltd.",83513
"AltaThera Pharmaceuticals, LLC",69724
"Clutch, Inc.",74307
CorMedix Inc.,72990
"Collegium Pharmaceutical, Inc.",24510
BIOCODEX,68418
"Navinta, LLC",68475
"OPKO Pharmaceuticals, LLC",70301
"X4 Pharmaceuticals, Inc.",83296
"AMAG PHARMACEUTICALS, INC.",59338
"Evofem, Inc.",69751
MAYNE PHARMA LLC,50261
"Radius Health, Inc.",70539
"Marius Pharmaceuticals, Inc.",80603
Leadiant Biosciences SA,54482
"Melaleuca, Inc.",54473
"CROWN LABORATORIES, INC.",00316
"Eiger BioPharmaceuticals, Inc.",73079
"Encore Dermatology, Inc.",69482
QOL Medical LLC,67871
ITALFARMACO SPA,11797
"Eosera, Inc.",72429
BAUSCH & LOMB INCORPORATED,24208
STALLERGENES,59617
"ACHAOGEN, INC.",71045
Orasis Pharmaceuticals Ltd.,83661
"ULTRADENT PRODUCTS, INC.",51206
"Neostrata Company, Inc.",58414
"CV Sciences, Inc.",82026
Merz Pharmaceuticals GmbH,00259
AOP Orphan Pharmaceuticals AG,84381
LIFE MOLECULAR IMAGING SA,54828
RNA INC.,60717
KAMADA LTD.,49591
"Ohemo Life Sciences, Inc.",73780
SLAYBACK PHARMA LLC,71225
"TG Therapeutics, Inc.",73150
"AVANIR PHARMACEUTICALS, INC.",64597
"Hygieia, Inc.",80689
Verrica Pharmaceuticals Inc.,71349
"EPI HEALTH, LLC",71403
"Jazz Pharmaceuticals, Inc.",68727
"SATSUMA PHARMACEUTICALS, INC.",76978
"ROHTO PHARMACEUTICAL CO., LTD.",66613
"Forward Science Technologies, LLC",70275
ImClone LLC,66733
"ELEVATE ORAL CARE, LLC",57511
Hugel Inc.,81165
"Vyera Pharmaceuticals, LLC",69413
"BioXcel Therapeutics, Inc.",81092
"Fennec Pharmaceuticals, Inc.",73077
NUVATION BIO INC.,84651
"RVL Pharmaceuticals, Inc.",73687
"Profounda, Inc.",69051
"ABON PHARMACEUTICALS, LLC",42239
HK inno.N Corporation,84988
"Tarsus Pharmaceuticals, Inc.",81942
Mylan Pharmaceuticals Inc.,00378
"Akeso Biopharma, Inc.",83654
"KADMON PHARMACEUTICALS, LLC",79802
Global Life Sciences Solutions USA LLC,79403
Seagen Inc.,51144
"SATO PHARMACEUTICAL CO., LTD.",49873
"Liquidia Technologies, Inc.",72964
"XCOVERY HOLDINGS, INC.",83076
INTRABIO LTD.,83853
"PIRAMAL CRITICAL CARE, INC.",66794
Novartis Pharmaceuticals Corporation,00078
"Claridei Laboratories, Inc.",61387
"AZURITY PHARMACEUTICALS, INC.",24338
"Deciphera Pharmaceuticals, LLC",73207
"Adamas Pharmaceuticals, Inc.",70482
Orphalan S.A.,81802
MISSION PHARMACAL COMPANY,00178
"HARM REDUCTION THERAPEUTICS, INC.",82954
"AVION PHARMACEUTICALS, LLC",75854
"MyoKardia, Inc.",73625
"MC2 Therapeutics, Ltd.",73499
"Adamas Pharma, LLC",70482
"Nexus Pharmaceuticals, Inc.",14789
"ATHENA BIOSCIENCE, LLC",71511
IMMUNEX CORPORATION,58406
"MAIA PHARMACEUTICALS, INC.",70511
"COSMECCA KOREA CO., LTD.",53727
"ALMIRALL, LLC",16110
"Nielsen BioSciences, Inc.",59584
"PRECIGEN, INC.",84768
"CIPLA USA, INC.",69097
PANACEA BIOTEC LIMITED,43817
"ARCUTIS Biotherapeutics, Inc.",80610
"GLO Pharma, Inc.",82325
"Acer Therapeutics, Inc.",72542
"Dermala, Inc.",81953
"Neos Therapeutics, LP",62542
"Spark Therapeutics, Inc.",71394
"Lenz Therapeutics, Inc.",84226
"Primus Pharmaceuticals, Inc.",68040
"Bio-Thera Solutions, Ltd.",82143
"Travere Therapeutics, Inc.",68974
"AMYRIS, INC.",73517
"ADVANCE PHARMACEUTICAL, INC.",17714
"MIRUM PHARMACEUTICALS, INC.",79378
"DXM Pharmaceutical, Inc.",71598
"RODAN & FIELDS, LLC",14222
"Neurelis, Inc.",72252
"ARMIS BIOPHARMA, INC.",81793
Delta Pharmaceuticals Ltd.,66353
SQ Innovation AG,81137
"Eton Pharmaceuticals, Inc.",71863
"Ocular Therapeutix, Inc.",70382
"Cosette Pharmaceuticals, Inc.",00713
Journey Medical Corporation,69489
"Somerset Therapeutics, LLC",70069
Servier Pharmaceuticals LLC,72694
NOXELL CORPORATION,22700
Nephron Pharmaceuticals Corporation,00487
"American Regent, Inc.",00517
"Horizon Therapeutics USA, Inc.",75987
"Boehringer Ingelheim Pharmaceuticals, Inc.",00597
"Hainan Poly Pharm Co., Ltd.",14335
"NAPO PHARMACEUTICALS, INC.",70564
"Alimera Sciences, Inc.",68611
AHAVA-DEAD SEA LABORATORIES LTD.,60289
"Nivagen Pharmaceuticals, Inc.",75834
"Provention Bio, Inc.",73650
"Acrotech Biopharma, LLC",72893
"ADVANTICE HEALTH, LLC",16864
EXoCoBio Inc.,72951
R-Pharm US Operating LLC,70020
Pedicis Research LLC,51151
"Evoke Pharma, Inc.",72089
Impel Pharmaceuticals Inc.,77530
"Amneal Pharmaceuticals, LLC",60846
"Charlotte's Web, Inc.",79845
"VIRTUE LABS, LLC",80855
"AYTU BIOPHARMA, INC.",69654
"Mobius Therapeutics, LLC",49771
"Botanix SB, Inc.",83723
RB HEALTH (US) LLC,59316
"Lumicell, Inc.",82292
I2PURE CORP.,83465
"FORMULATED SOLUTIONS, LLC",23667
"SPRINGWORKS THERAPEUTICS, INC.",82448
Genexa Inc.,69676
"FERA PHARMACEUTICALS, LLC",48102
"ROMAN HEALTH VENTURES, INC.",72484
Elite Pharmaceutical Solution Inc.,70807
"STELLALIFE, INC.",69685
"Tolmar, Inc.",62935
"Breckenridge Pharmaceutical, Inc.",51991
ALPHA COGNITION INC.,84054
Novo Nordisk Inc.,00169
"ANJON BIOLOGICS, INC.",69148
"QINGDAO HAINUO BIOLOGICAL ENGINEERING CO., LTD.",78149
Joonem LLC,80327
Vericel Corporation,69866
"ORCA PRODUCTS, LLC",82939
AstraZeneca,00186
ZYDUS LIFESCIENCES LIMITED,49315
"SPECTRUM PHARMACEUTICALS, INC.",76961
HydraFacial LLC,85760
"WELLA OPERATIONS US, LLC",82157
"Scienture, Inc.",83245
CALLIDITAS THERAPEUTICS AB,81749
EMERGENT BIODEFENSE OPERATIONS LANSING LLC,64678
NOON AESTHETICS M.R LTD.,78863
HALEON US HOLDINGS LLC,00031
Sanofi-Aventis U.S. LLC,00024
"Sumitomo Pharma America, Inc.",63402
"Derma Research Group, Inc.",82038
"Zevra Therapeutics, Inc.",70040
"Shandong New Time Pharmaceutical Co., Ltd.",42677
FIDELITY BIOPHARMA CO.,82919
Triumph Pharmaceuticals Inc.,76357
"NANJING DELOVA BIOTECH CO., LTD.",82972
"Agile Therapeutics, Inc.",71671
"Onyx Pharmaceuticals, Inc.",76075
"Tonix Medicines, Inc.",70792
"Pinnacle Biologics, Inc.",76128
"XIAMEN LP PHARMACEUTICAL CO., LTD.",71034
"Noxy Health Products, Inc.",83823
CODEX LABS CORPORATION,83196
PAGARI LIFE SCIENCE CORP,83609
Skinfix Inc.,61328
"Jiangsu Hengrui Pharmaceuticals Co., Ltd.",57884
"Merz North America, Inc.",46783
Amryt Pharmaceuticals Designated Activity Company,69880
"Orient Pharma Co., Ltd.",76333
"Braintree Laboratories, Inc.",52268
Kenvue Brands LLC,16837
"Spoke Sciences, Inc.",85316
Curium US LLC,69945
Boehringer Ingelheim GmbH,00597
Leo Corporation,50222
"Alcon Laboratories, Inc.",00065
"UCB, Inc.",00131
Unimed Corporation,73669
Pierre Fabre S.A.,64370
"Allergan Pharmaceuticals, Inc.",00023
Merz + Co. GmbH & Co.,00259
"UCB Pharmaceuticals, Inc.",00131
"S. C. JOHNSON & SON, INC.",59397
"Lacer, S.A.",73159
Biotest Pharma GmbH,83372
Leo Pharmaceuticals,50222
Sandoz Pharmaceuticals Corporation,00185
Progenics Corporation,71258
"AIR PRODUCTS AND CHEMICALS, INC.",10018
UCB S.A.,00131
"E-Z-EM, INC.",10361
ESTEE LAUDER INC.,11559
"Incyte Pharmaceuticals, Inc.",50881
ECOLAB INC.,47593
Digestive Care Inc.,59767
"Agouron Pharmaceuticals, Inc.",63010
Jefferson Labs,51072
UNIVERSITY OF ALABAMA AT BIRMINGHAM,69714
Pharmacia & Upjohn S.p.A.,00009
Pharmacia & Upjohn Company LLC,00009
Baxter Healthcare Inc.,00338
Parfums Christian Dior,61957
L. PERRIGO COMPANY,00113
Kimberly-Clark Inc.,55118
THERATECHNOLOGIES INC.,62064
Amway Corp.,50390
STERIS Corporation,00519
Dendreon Corporation,30237
"THERAKOS, INC.",64067
"Pharmascience, Inc.",51817
"Ion Pharmaceuticals, Inc.",82944
Rexall Sundown,59118
Neurotech S.A.,82958
COMBE INCORPORATED,11509
"Exelixis Pharmaceuticals, Inc.",42388
"CARLSBAD TECHNOLOGY, INC.",61442
"LEAD CHEMICAL CO., LTD.",62168
Nidaria Technology Ltd.,65435
MEDICURE INTERNATIONAL INC.,25208
BLISTEX INC.,10157
"AKORN, INC.",50383
ID Biomedical Corporation of Quebec,19515
UNIMED PHARMACEUTICALS INC.,73669
"FABRE-KRAMER PHARMACEUTICALS, INC.",83504
"BioDelivery Sciences International, Inc.",59385
FRESENIUS KABI AUSTRIA GMBH,18124
"Orapharma, Inc.",65976
"SAGE PHARMACEUTICALS, INC.",83119
Biofrontera Pharmaceuticals GmbH,70621
"Elite Laboratories, Inc.",64850
"Sage Products, LLC",53462
GLAXOSMITHKLINE SA,00173
"SkinMedica, Inc.",67402
"Hill Dermaceuticals, Inc.",28105
THE MENTHOLATUM COMPANY,10742
"Solstice Neurosciences, LLC",10454
GENTEX CORPORATION,15014
Dabur India Limited,68747
"Arbonne International, LLC",42508
"NovaBay Pharmaceuticals, Inc.",81963
"Elusys Therapeutics, Inc.",69604
Murad Inc.,70381
Lacer,73159
INO Therapeutics LLC,64693
"NOVEN THERAPEUTICS, LLC",68968
"Neurotech Pharmaceuticals Co., Ltd.",82958
"Blairex Laboratories, Inc",50486
Astellas US LLC,00469
"Kowa Pharmaceuticals America, Inc.",66869
"TEVA WOMEN'S HEALTH, INC.",51285
"NSE PRODUCTS, INC.",62839
"Helsinn Therapeutics (U.S.), Inc.",69639
"Synthon Pharmaceuticals, Inc.",63672
"C. B. Fleet Company, Inc.",00132
"SHIONOGI PHARMA CO., LTD.",59630
"Vertical Pharmaceuticals, LLC",68025
CENTRIX INC.,60640
TOWER LABORATORIES LTD,50201
GLOBAL LIFE TECHNOLOGIES CORP.,82539
"Meridian Medical Technologies, Inc.",11704
"RxDino, LLC",81335
Linde GmbH,59578
TRUTEK CORP.,81907
Amarin Corporation Plc.,52937
"Tom's of Maine, Inc.",51009
"SOLAZYME, INC.",53407
"Chattem, Inc.",41167
"HUMCO HOLDING GROUP, INC.",00395
AstraZeneca Pharmaceuticals LP,00186
Laboratoires Clarins,58668
"Janssen Products, LP",59676
MSN LABORATORIES PRIVATE LIMITED,69539
Bode Chemie GmbH,65616
"Absorption Pharmaceuticals, LLC",55636
"Actavis, Inc.",00228
"LYNE LABORATORIES, INC.",00374
STALLERGENES S.A.,59617
"Amarin Pharma, Inc.",52937
HARMAN FINOCHEM LIMITED,82638
Savior Lifetec Corporation,44647
B. Braun Medical Inc.,00264
"Laboratorios Liomont, S.A. DE C.V.",59208
"Xlear, Inc.",27017
"Bioved Pharmaceuticals, Inc",68354
"Ranir, LLC",66923
"PARAGON BIOTECK, INC.",42702
INVENTIA HEALTHCARE LIMITED,49252
Kantian Skincare LLC,57524
"Catalyst Pharmaceuticals, Inc.",69616
"Kate Somerville Skincare, LLC",43479
"Restorsea, LLC",57670
"Wisconsin Pharmacal Company, LLC",68093
GUERLAIN,49817
"GM Pharmaceuticals, Inc.",58809
"ESSENCE, INC",72363
KEDRION S.P.A.,76179
PLX PHARMA INC.,73089
ENVIRON SKIN CARE (PTY) LTD,85784
"ZO SKIN HEALTH, INC.",42851
"UNITED LABORATORIES, INC.",63998
"Biopelle, Inc.",42485
"DENTAL ALLIANCE HOLDINGS, LLC",61578
Revlon Consumer Products Corporation,10967
NORDIC PHARMA,69918
"Albireo Pharma, Inc.",74528
"Sigmapharm Laboratories, LLC",42794
LUNDBECK PHARMACEUTICALS LLC,67386
The Methodist Hospital Research Institute,69864
"Mayinglong Pharmaceutical Group Co., Ltd.",68511
LERNAPHARM (LORIS) INC.,68356
NAVEH PHARMA (1996) LTD,85202
CIPHER PHARMACEUTICALS INC.,84635
MERCK PATENT GMBH,00006
"OTSUKA PHARMACEUTICAL CO., LTD.",59148
SRI International,50633
"UBE INDUSTRIES, LTD.",85954
Takeda Pharmaceutical Company Limited,00944
JANSSEN PHARMACEUTICA NV,50458
Indivior UK Limited,12496
GLAXOSMITHKLINE INTELLECTUAL PROPERTY DEVELOPMENT LIMITED,00173
"OPKO Health, Inc.",70301
UCB BIOPHARMA SRL,61476
Janssen Sciences Ireland UC,50458
Purdue Research Foundation,59011
"JIANGSU VCARE PHARMATECH CO., LTD.",77573
Albireo AB,74528
"MILLENNIUM PHARMACEUTICALS, INC.",62598
UNIVERSITY OF SOUTH FLORIDA,60215
LABORATORIES LETI S.L.,70188
"The Florida State University Research Foundation, Inc.",73060
"CHENGDU HUACHUANG BIOTECHNOLOGY CO., LTD",82432
Novo Nordisk A/S,00169
"Health Research, Inc.",84992
"SEATTLE GENETICS, INC.",72740
"The United States of America as Represented by the Secretary, Dept. of Health and Human Services",58733
GENMAB A/S,82705
BIOCON LIMITED,70377
Research Institute at Nationwide Children's Hospital,52654
"Beijing Stomatology Hospital, Capital Medical University",71073
Beijing SH Bio-Tech Corporation,71073
Cambridge Enterprise Limited,52422
University of Washington,60215
"PRECISION GENOME ENGINEERING, INC.",68094
University of Pittsburgh—Of the Commonwealth System of Higher Education,60215
University of Vienna,60215
The Regents of the University of California,76326
THE ROYAL COLLEGE OF SURGEONS IN IRELAND,68791
"The United States of America, As Represented by the Secretary, Department of Health & Human Services",58733
The General Hospital Corporation,21220
UNIVERSITY OF MIYAZAKI,60215
Sanford Health,57993
THE UNIVERSITY OF OTTAWA,60215
Johnson & Johnson Consumer Inc.,84539
"Alcon Research, Ltd.",00065
"Noven Pharmaceuticals, Inc.",68968
University of Kansas,60215
University of Rochester,60215
Infirst Healthcare Limited,62372
"Io Therapeutics, Inc.",79952
"SICHUAN JIUZHANG BIOLOGICAL SCIENCE AND TECHNOLOGY CO., LTD",87215
"National Institute of Biological Sciences, Beijing",82076
"NIPPON ZOKI PHARMACEUTICAL CO., LTD.",24509
MITSUBISHI TANABE PHARMA CORPORATION,70510
CIPLA LIMITED,80735
University of Saskatchewan,60215
"Global Blood Therapeutics, Inc.",59448
Chiesi Farmaceutici S.p.A.,10122
H. Lundbeck A/S,67386
Astellas Pharma Inc.,00469
Celgene CAR LLC,59572
Boehringer Ingelheim International GmbH,00597
The University of North Carolina at Chapel Hill,60215
Sanofi-Aventis Deutschland GMBH,00024
"Human Matrix Services, LLC",71356
VTV THERAPEUTICS LLC,79952
Zealand Pharma A/S,80644
Mallinckrodt Pharma IP Trading D.A.C.,63004
Trustees of Boston University,40098
The United States of America as Represented by The Secretary of the Department of Health and Human Services National Institutes of Health Office of Technology Transfer,58733
The Trustees of the University of Pennsylvania,40098
DUKE UNIVERSITY,71782
"Neurotech, USA, Inc.",82958
Alkermes Pharma Ireland Limited,65757
"University of Georgia Research Foundation, Inc",60215
GE HEALTHCARE AS,71093
The Research Foundation for The State University of New York,52654
SUVEN LIFE SCIENCES LIMITED,68022
THE TRUSTEES OF COLUMBIA UNIVERSITY IN THE CITY OF NEW YORK,40098
California Institute of Technology,68403
"THERA VANCE BIOPHARMA R&D IP, LLC",82143
Arizona Board of Regents on behalf of Arizona State University,61973
"Jiangsu Atom Bioscience and Pharmaceutical Co., Ltd.",77573
"Sumitomo Dainippon Pharma Co., Ltd.",63402
"JIANGSU TASLY DIYI PHARMACEUTICALS CO., LTD.",77573
Purdue Pharma L.P.,59011
3M Innovative Properties Company,57362
"Shanghai Hengrui Pharmaceutical Co., Ltd.",73557
"Jiangsu Hengrui Medicine Co., Ltd.",77573
Helsinn Healthcare SA,69639
UNIVERSITY COLLEGE CARDIFF CONSULTANTS LIMITED,60215
"INSTITUTE FOR MOLECULAR MEDICINE, INC.",55330
Janssen Vaccines & Prevention B.V.,50458
Sanofi,00024
The University of Melbourne,60215
NATIONAL UNIVERSITY CORPORATION CHIBA UNIVERSITY,82076
Indiana University Research and Technology Corporation,10578
"S.K. PHARMACEUTICALS, INC.",31720
ELC MANAGEMENT LLC,83591
THE PENN STATE RESEARCH FOUNDATION,69125
AMARIN PHARMACEUTICALS IRELAND LIMITED,52937
"JC (WUXI) COMPANY, INC.",65050
SUVEN SCIENCES LIMITED,68022
UNIVERSITY OF UTAH RESEARCH FOUNDATION,60215
"UNIVERSITY OF FLORIDA RESEARCH FOUNDATION, INC.",60215
Mayo Foundation for Medical Education and Research,52670
TERUMO KABUSHIKI KAISHA,53877
WEST VIRGINIA UNIVERSITY,65008
"Takeda Vaccines, Inc.",00944
BOEHRINGER INGELHEIM VETMEDICA GMBH,00597
NEW YORK UNIVERSITY,82355
FIRST WATER LIMITED,53117
"Pioneer Surgical Technology, Inc.",72090
University of Macau,60215
AstraZeneca AB,00186
"SHENZHEN CHIPSCREEN BIOSCIENCES CO., LTD.",84449
THE UNIVERSITY OF BRITISH COLUMBIA,60215
"CELGENE QUANTICEL RESEARCH, INC.",59572
Cadila Healthcare Ltd.,71209
MMV MEDICINES FOR MALARIA VENTURE,71705
NORTH CAROLINA STATE UNIVERSITY,42887
ABBVIE BIOTHERAPEUTICS INC.,00032
"Eureka Therapeutics, Inc.",66754
"GUANGZHOU INSTITUTES OF BIOMEDICINE AND HEALTH, CHINESE ACADEMY OF SCIENCES",84148
"The Medical College of Wisconsin, Inc.",62137
University of Southern California,60215
Pfizer Inc.,00013
University of Massachusetts Lowell,60215
"Able Cerebral, LLC",13733
"Corium International, Inc.",65038
Research Cancer Institute of America,52654
FOUNDATION FOR BIOMEDICAL RESEARCH AND INNOVATION AT KOBE,85739
University of Massachusetts,60215
"ONO PHARMACEUTICAL CO., LTD.",62211
Allergan Pharmaceuticals International Limited,00023
Korea Food Research Institute,73391
Murray Goulburn Co-Operative Co. Ltd.,55873
THE TEXAS A&M UNIVERSITY SYSTEM,85811
Professional Compounding Centers of America,10819
Cook Medical Technologies LLC,62046
"410 Medical, Inc.",62137
"New Medical Technology, Inc.",62137
DS Biopharma Limited,61476
The Florida International University Board of Trustees,73060
The Trustees of Columbia University,40098
"BOSTON BIOMEDICAL, INC.",72628
Shanghai JiaoTong University,73557
The University of Tokyo,60215
"DAIICHI SANKYO COMPANY, LIMITED",65597
BIOGEN MA INC.,59627
"The Brigham and Women's Hospital, Inc.",24450
"THE UNITED STATES OF AMERICA, AS REPRESENTED BY THE SECRETARY, DEPARTMENT OF HEALTH AND HUMAN SERVICES, OFFICE OF TECHNOLOGY TRANSFER, NATIONAL INSTITUTES OF HEALTH",58733
3ST RESEARCH LLC,52654
MASSACHUSETTS INSTITUTE OF TECHNOLOGY,76318
National University Corporation Tokyo Medical and Dental University,82076
BIOPHARMA WORKS,61476
The UAB Research Foundation,52654
AQUA BIO TECHNOLOGY ASA,81943
ABBVIE STEMCENTRX LLC,00032
Wisconsin Alumni Research Foundation,68093
"Hangzhou Adamerck Pharmlabs, Inc.",72823
BioMedical Research Group Inc.,24562
"Pain Therapeutics, Inc.",60564
Genesis Technologies Limited,52481
"Shiseido Company, Limited",58411
"Mitsubishi Shindoh Co., Ltd.",70510
"NIPPON SODA CO., LTD.",24509
"True Concepts Medical Technologies, LLC",85520
"Onyx Therapeutics, Inc.",76075
"THE STATE OF ISRAEL, MINISTRY OF AGRICULTURE & RURAL DEVELOPMENT, AGRICULTURAL RESEARCH ORGANIZATION (ARO) (VOLCANI CENTER)",62481
The Procter & Gamble Company,58933
University of Tennessee Research Foundation,60215
"Fujian Mindong Rejuvenation Pharmaceutical Co., Ltd",75543
Thomas Jefferson University,85118
"Shanghai Fochon Pharmaceutical Co., Ltd.",73557
UNIVERSITY OF IOWA RESEARCH FOUNDATION,60215
"TAISHO PHARMACEUTICAL CO., LTD.",81929
National University Corporation Hokkaido University,82076
University Health Network,60215
"MEDI BIO LAB. CO., LTD.",66345
"KBS RESEARCH, LLC",52654
HEALTH-EVER BIOTECH CO. LTD,84992
UNIVERSITY OF LIMERICK,60215
"UNIVERSITY COLLEGE DUBLIN, NATIONAL UNIVERSITY OF IRELAND",60215
"AMERICAN LIFE SCIENCE PHARMACEUTICALS, INC.",58701
Massachusetts Eye and Ear Infirmary,76318
DBV Technologies,80324
Boston Pharmaceuticals Inc.,72628
WARNER-LAMBERT COMPANY LLC,69428
"BSN MEDICAL, INC.",62137
Ferring B.V.,55566
BAYER PHARMA AKTIENGESELLSCHAFT,00026
"INSTITUTE OF PHARMACOLOGY AND TOXICOLOGY, ACADEMY OF MILITARY MEDICAL SCIENCES",55330
Southern Research Institute,61567
Roche Palo Alto LLC,00140
C&C RESEARCH LABORATORIES,52654
BEIJING PEARL BIOTECHNOLOGY LIMITED LIABILITY COMPANY,71073
"Sage Therapeutics, Inc.",83119
"KOREA PRIME PHARM CO., LTD.",73391
Memorial Sloan Kettering Cancer Center,42007
"KYOWA HAKKO KIRIN CO., LTD.",42747
"PRECISION BIOLOGICS, INC.",68094
"INTEGRATED BIOTHERAPEUTICS, INC.",73141
LIFE TECHNOLOGIES CORPORATION,84890
American Gene Technologies International Inc.,58701
"CSPC ZHONGQI PHARMACEUTICAL TECHNOLOGY (SHIJIAZHUANG) CO., LTD.",24075
"Zhejiang Medicine Co., Ltd. Xinchang Pharmaceutical Factory",70412
"THE NIPPON SYNTHETIC CHEMICAL INDUSTRY CO., LTD.",24509
"SPECIALTY NUTRITION CONSULTING, INC.",84228
Temple University—Of The Commonwealth System of Higher Education,71018
"XPD Holdings, LLC",58048
DUCHESNAY INC.,55494
"Signature Therapeutics, Inc.",85896
PIERRE FABRE MÉDICAMENT,64370
ASTRAZENECA UK LIMITED,00186
"ICON BIOSCIENCE, INC.",69233
Regents of the University of Minnesota,76326
University of Leeds,60215
Ascendis Pharma A/S,73362
"Kimberly-Clark Worldwide, Inc.",55118
"SHANDONG DANHONG PHARMACEUTICAL CO., LTD.",82061
University of Bath,60215
"Eisai R&D Management Co., Ltd.",62856
Arizona Board of Regents on behalf of the University of Arizona,61973
OPKO BIOLOGICS LTD.,70301
Shenzhen University,84449
"SHENZHEN KANGJUZHENG PHARMACEUTICAL TECHNOLOGY CO., LTD.",84449
IPSEN BIOINNOVATION LIMITED,15054
IPSEN BIOPHARM LIMITED,15054
BRYSON PATENTS INC.,71853
"Avon Products, Inc.",71110
"SYNERGY PHARMACEUTICALS, INC.",83279
"lo Therapeutics, Inc.",79952
"INNOVATIVE MED CONCEPTS, LLC.",57362
SHANGHAI UNIVERSITY OF TRADITIONAL CHINESE MEDICINE,73557
GlaxoSmithKline Intellectual Property (No.2) Limited,00173
Unichem Laboratories Ltd,53747
"KOWA COMPANY, LTD.",66869
Celgene International II Sàrl,59572
"M.G. THERAPEUTICS, LTD.",79952
National University Corporation Nagoya University,82076
"CLIO, INC.",84532
NATIONAL UNIVERSITY CORPORATION KUMAMOTO UNIVERSITY,82076
Henry Ford Health System,00404
REGENERATIVE RESEARCH FOUNDATION,82305
THE UNITED STATES OF AMERICA AS REPRESENTED BY THE SECRETARY OF THE DEPARTMENT OF VETERANS AFFAIRS,58733
The University of Chicago,60215
"Exeltis USA Dermatology, Inc.",00642
ViiV Healthcare UK (No.4) Limited,49702
"Amicus Therapeutics, Inc.",71904
"INSTITUTE OF MICROBIOLOGY AND EPIDEMIOLOGY, ACADEMY OF MILITARY MEDICAL SCIENCES, PR CHINA",55330
Bayer CropScience LP,00026
Saint Louis University,72784
Texas Heart Institute,85811
"Wyeth, LLC",00008
China Medical University,76305
"ZHEJIANG HISUN PHARMACEUTICAL CO., LTD.",70412
SHANGHAI INSTITUTE OF PHARMACEUTICAL INDUSTRY,73557
SHANDONG UNIVERSITY,82061
Bayer Intellectual Property GmbH,00026
"J. Craig Venture Institute, Inc.",13859
The University Court of the University of Edinburgh,60215
KOREA RESEARCH INSTITUTE OF BIOSCIENCE AND BIOTECHNOLOGY,73391
JAPAN SCIENCE AND TECHNOLOGY AGENCY,87130
Bayer Aktiengesellschaft,00026
UNIVERSITY OF VIRGINIA PATENT FOUNDATION,60215
NATIONAL UNIVERSITY OF SINGAPORE,82076
Fred Hutchinson Cancer Research Center,55315
KING SAUD UNIVERSITY,57955
CHINA MEDICAL UNIVERSITY HOSPITAL,76305
OXFORD UNIVERSITY INNOVATION LIMITED,69584
Triple Hair Inc.,71875
CHONGQING UNIVERSITY,85751
MALLINCKRODT LLC,63004
LIFE STAR INTERNATIONAL LIMITED,84890
GW Research Limited,52654
TIANJIN CHASE SUN PHARMACEUTICAL CO. LTD,33217
"The First Affiliated Hospital, Third Military Medical University, PLA",53117
UNITED ARAB EMIRATES UNIVERSITY,58733
The United States of America as Represented by the Secretary of the Department of Health and Human Services,58733
University of South Alabama,60215
GALDERMA HOLDING SA,00299
Gilead Pharmasset LLC,55135
CANADIAN BLOOD SERVICES,54291
L'OREAL,49967
International Stem Cell Corporation,50633
University of Houston System,60215
Xellia Pharmaceuticals ApS,70594
THE CALIFORNIA INSTITUTE FOR BIOMEDICAL RESEARCH,68403
London School of Hygiene and Tropical Medicine,80860
Virginia Commonwealth University,60563
"The United States of America, as Represented by the Secretary of Agriculture",58733
Hawaii Biotech Inc.,11401
Sanford-Burnham Medical Research Institute,57993
NATIONAL CANCER CENTER,82076
Korea Institute of Science and Technology,73391
"National Institutes of Health, U.S. Dept. of Health and Human Services, NIH Division of Extramural Inventions and Technology Resources",82076
"Henry M. Jackson Foundation for the Advancement of Military Medicine, Inc.",00404
The United States of America as represented by the Secretary of the Army,58733
“NEXTGEN” COMPANY LIMITED,79672
"Silver Creek Pharmaceuticals, Inc.",68703
Roche Glycart AG,00140
Institute for Research in Biomedicine,55330
AbbVie Deutschland Gmbh & Co. KG,00032
"Precision BioSciences, Inc.",68094
"Medical Diagnostic Laboratories, LLC",62137
Albert-Ludwigs-Universitaet Freiburg,83002
"Critical Care Diagnostics, Inc.",44567
UNIVERSITY OF SOUTH CAROLINA,60215
"MEDRX CO., LTD.",83708
"MIDWAY PHARMACEUTICALS, INC",76095
Forest Herbs Research Limited,81609
"INSTITUTE OF BIOMEDICAL ENGINEERING, CHINESE ACADEMY OF MEDICAL SCIENCES",55330
"SOM INNOVATION BIOTECH, S.A.",72104
KAO CORPORATION,10596
"Horizon Therapeutics, LLC",75987
"Johnson & Johnson Vision Care, Inc.",84539
University of Miami,60215
"SHANGHAI KE PHARMACEUTICAL CO., LTD",73557
4D Pharma Research Limited,52654
"The United States of America, as represented by National Institutes of Health (NIH), U.S. Dept of Health and Human Services (DHHS), NIH Division of Extramural Inventions and Technology Resource (DEITR)",58733
BIOM'UP,82311
"The Regents of the University of Colorado, a body corporate",76326
"University of Maryland, Baltimore",60215
"Beijing Sanroad Biological Products Co., Ltd.",71073
"AVADIM TECHNOLOGIES, INC.",61594
CJ Healthcare Corporation,71093
AbbVie S.á.r.l.,00032
Gilead Calistoga LLC,55135
National Health Research Institutes,82076
"BEIJING FORELAND PHARMA CO., LTD.",71073
"IRONWOOD PHARMACEUTICALS, INC.",52311
Amgen Research (Munich) GmbH,55513
CSL LIMITED,69662
"Tolmar Therapeutics, Inc.",62935
Novo Nordisk Health Care AG,00169
"NATIONWIDE CHILDREN'S HOSPITAL, INC.",69375
BIOGEN CHESAPEAKE LLC,59627
PIERRE FABRE DERMO-COSMETIQUE,64370
"KYOWA HAKKO BIO CO., LTD.",42747
ORX PHARMACEUTICAL CORPORATION,62211
IMPERIAL INNOVATIONS LIMITED,83837
Xiamen University,83698
ENDO PHARMACEUTICALS INC.,00254
"SYK TECHNOLOGIES, LLC",80324
"School Corporation, Azabu Veterinary Medicine Educational Institution",76123
IP SCIENCE LIMITED,84804
Meridian Research and Development Inc.,50402
KOREA ATOMIC ENERGY RESEARCH INSTITUTE,73391
University of Vermont and State Agricultural College,60215
University of Southampton,60215
Icon Genetics GmbH,69233
ALTERNATIVE INNOVATIVE TECHNOLOGIES LLC,53163
The United States of America as Represented by the Secretary of Health (NIH),58733
Compass Therapeutics LLC,71233
UNIVERSITY OF MEMPHIS RESEARCH FOUNDATION,60215
NATIONAL UNIVERSITY CORPORATION KOBE UNIVERSITY,82076
"3-V Biosciences, Inc.",83100
AB SCIENCE,84804
KOREA ADVANCED INSTITUTE OF SCIENCE AND TECHNOLOGY,73391
"MITSUBISHI GAS CHEMICAL COMPANY, INC.",70510
"GILEAD CONNECTICUT, INC.",55135
Washington University,68428
"The United States of America as Represented by the Secretary of Health and Human Services, National Institutes of Health",58733
"Shenzhen Cell Inspire Biotechnology Co., Ltd.",84449
UNIVERSITY OF EXETER,60215
"Dental Research, Inc.",61578
"LABORATORIOS FARMACEUTICOS ROVI, S.A.",72483
"Chengdu Baiyu Pharmaceutical Co., Ltd.",82432
Galderma Laboratories Inc.,00299
"SHANGHAI INSTITUTE OF MATERIA MEDICA, CHINESE ACADEMY OF SCIENCES",73557
"BEIJING GUIQIANJIN MEDICAL SCIENCE AND TECHNOLOGY CO., LTD.",71073
"TLC BIOPHARMACEUTICALS, INC.",82950
Alpha Tau Medical Ltd,69335
"KOREA UNIVERSITY RESEARCH AND BUSINESS FOUNDATION, SEJONG CAMPUS",73391
AGRICULTURAL TECHNOLOGY RESEARCH INSTITUTE,83933
LA JOLLA INSTITUTE FOR ALLERGY AND IMMUNOLOGY,68547
NATIONAL TSING HUA UNIVERSITY,82076
Laboratoire Francais du Fractionnement et des Biotechnologies,63388
SANOFI BIOTECHNOLOGY,00024
"GENUS ONCOLOGY, LLC",64950
Honeywell International Inc.,00498
Atlantic Pharmaceuticals (Holdings) LTD,17856
Dow Global Technologies LLC,59448
LABORATOIRE IN'OYA,63388
PURDUE PHARMACEUTICALS L.P.,59011
"The P.F. Laboratories, Inc.",70188
NATIONAL TAIWAN NORMAL UNIVERSITY,82076
UNIVERSITY-INDUSTRY COOPERATION GROUP OF KYUNG HEE UNIVERSITY,60215
"GUANGZHOU KANGRUI BIOLOGICAL PHARMACEUTICAL TECHNOLOGY CO, LTD.",84148
THOMAS HELLEDAYS STIFTELSE FOR MEDICINSK FORSKNING,85118
INTERNATIONAL NUTRITION RESEARCH COMPANY,50633
DEC International NZ Limited,50633
Beta-O2 Technologies Ltd.,67224
RECKITT BENCKISER HEALTHCARE INTERNATIONAL LIMITED,52031
HANGZHOU HUADONG MEDICINE GROUP BIOPHARMACEUTICAL CO. LTD,72823
JAPAN TOBACCO INC.,87130
"SICHUAN HAISCO PHARMACEUTICAL CO., LTD.",87215
The University of Dundee,60215
"HANGZHOU GUANYU BIO-MEDICAL CO., LTD.",72823
"Shanghai Junshi Biosciences Co., Ltd.",73557
Allegheny Singer Research Institute,57799
GALDERMA RESEARCH & DEVELOPMENT,00299
"SUMITOMO CHEMICAL COMPANY, LIMITED",63402
Korea University Research and Business Foundation,73391
NATIONAL CEREBRAL AND CARDIOVASCULAR CENTER,82076
"SANTEN PHARMACEUTICAL CO., LTD.",65086
Shanghai Institutes for Biological Sciences Chinese Academy of Sciences,73557
Momotaro-Gene Inc.,83385
NATIONAL UNIVERSITY CORPORATION OKAYAMA UNIVERSITY,82076
University of Cincinnati,60215
"INNOVENT BIOLOGIS, INC.",70335
"NGM Biopharmaceuticals, Inc.",82950
NC MEDICAL RESEARCH INC.,62137
Cook Biotech Incorporated,62046
Powder Pharmaceuticals Incorporated,61388
University of Kentucky Research Foundation,60215
University of Utah,60215
"Shanghai Allist Pharmaceuticals Co., Ltd.",73557
Merck Canada Inc.,00006
"GUANGZHOU BERYL THERAPEUTICS, INC",84148
EAST CHINA NORMAL UNIVERSITY,72808
The University of Nottingham,60215
The United States of America as Represented by the Secretary Department of Health and Human Services (NIH),58733
ZHEJIANG UNIVERSITY,70412
Astellas Institute for Regenerative Medicine,00469
FRESENIUS MEDICAL CARE DEUTSCHLAND GMBH,18124
SIGMA-TAU INDUSTRIE FARMACEUTICHE RIUNITE S.P.A.,84831
CLINUVEL PHARMACEUTICALS LIMITED,73372
Albert Einstein College of Medicine,83002
Wayne State University,72714
Life Sciences Research Partners VZW,84890
"NANJING SANHOME PHARMACEUTICAL CO., LTD.",87125
"JIANGSU AOSAIKANG PHARMACEUTICAL CO., LTD.",77573
NATIONAL UNIVERSITY CORPORATION KOCHI UNIVERSITY,82076
Roche Innovation Center Copenhagen A/S,00140
"National University of Ireland, Galway",82076
"Try This First, Inc.",71278
"Boston Scientific Scimed, Inc.",72628
"Bio-Pharm Solutions Co., Ltd.",77039
PHOENIX MOLECULAR DESIGNS,60913
"The Henry M. Jackson Foundation for the Advancement of Military Medicines, Inc.",00404
"Advanced BioScience Laboratories, Inc.",69488
The University of Mississippi Medical Center,60215
National Research Council of Canada,82076
FFE Therapeutics LLC,79952
Oxford BioTherapeutics Ltd,69584
Research Development Foundation,52654
Strides Shasun Limited,42543
"Institute of Nuclear Energy Research, Atomic Energy Council, Executive Yuan, R.O.C.",55330
"Physician's Seal, LLC",78709
KING ABDULLAH UNIVERSITY OF SCIENCE AND TECHNOLOGY,57955
PGI Drug Discovery LLC,70985
Acacia Pharma Limited,71390
Navinta III Inc,68475
"SHANGHAI HAIYAN PHARMACEUTICAL TECHNOLOGY CO., LTD.",73557
CHANG GUNG BIOTECHNOLOGY CORP.,43337
INNOVATIVE HERBAL PRODUCTS (AUST) PTY LTD,57362
The University of Hong Kong,60215
University of Cape Town,60215
University of Copenhagen,60215
Providence Health System—Oregon,60379
OWEN-BARRY PHARMACEUTICALS INC.,59958
INTEGRATIVE RESEARCH LABORATORIES,85306
SANFORD BURNHAM PREBYS MEDICAL DISCOVERY INSTITUTE,57993
"University of Louisville Research Foundation, Inc.",60215
Mylan Laboratories Limited,00378
"CHONGQING FOCHON PHARMACEUTICAL CO., LTD.",85751
RESEARCH TRIANGLE INSTITUTE,52654
"CHONGQING PHARMACEUTICAL RESEARCH INSTITUTE CO., LTD",85751
BGI SHENZHEN,84449
"International AIDS Vaccine Initiative, Inc.",50633
"OTSUKA PHARMACEUTICAL FACTORY, INC.",59148
Nanyang Technologies University,84972
Laboratoires Expanscience,62169
Mississippi State University,51996
"The Brigham and Womens's Hospital, Inc.",24450
NATIONAL UNIVERSITY CORPORATION NAGOYA INSTITUTE OF TECHNOLOGY,82076
Synthon Biopharmaceuticals B.V.,63672
"UWM Research Foundation, Inc.",52654
Tetra Discovery Partners,49406
"BEIJING PEKING UNIVERSITY WBL BIOTECH CO., LTD.",71073
SHENZHEN IN VIVO BIOMEDICINE TECHNOLOGY LIMITED COMPANY,84449
University of Zurich,60215
Fusion Pharmaceuticals Inc.,78041
"International Institute of Cancer Immunology, Inc.",50633
PIRAMAL ENTERPRISES LIMITED,66794
"Nanjing Luye Pharmaceutical Co., Ltd.",87125
"GUANGDONG ZHONGSHENG PHARMACEUTICAL CO., LTD",85279
ZHEJIANG DTRM BIOPHARMA CO. LTD.,70412
WATER-JEL EUROPE LLP,59898
KOREA INSTITUTE OF ORIENTAL MEDICINE,73391
AUTOLUS LIMITED,83047
ASCENDIS PHARMA ENDOCRINOLOGY DIVISION A/S,73362
"VLP Therapeutics, Inc.",79952
"Rafael Pharmaceuticals, Inc.",87169
OCTAPHARMA AG,68982
NATIONAL DEFENSE MEDICAL CENTER,82076
Biocompatibles UK Limited,60635
M.A. Med Alliance SA,72238
"Innovative Surface Technologies, Inc.",57362
"Cole Research & Design, LLC",53952
SNU R&DB FOUNDATION,85739
DRUG DISCOVERY RESEARCH CENTRE,70985
"Shanghai Yingli Pharmaceutical Co., Ltd.",73557
United Kingdom Research and Innovation,58733
"CHANGZHOU YINSHENG PHARMACEUTICAL CO., LTD.",59050
Sichuan University,87215
Patheon API Services Inc.,63552
Shenzhen Salubris Pharmaceuticals Co. Ltd.,84449
"SK BIOPHARMACEUTICALS CO., LTD.",82950
University of Tasmania,60215
DAIICHI SANKYO EUROPE GMBH,65597
THE TRUSTEES OF DARTMOUTH COLLEGE,40098
National Jewish Health,82076
Institute of Strength Physics and Materials Science of Siberian Branch Russian Academy of Sciences (ISPMS SB RAS),55330
National Research Tomsk Polytechnic University (TPU),82076
MURRAY AND POOLE ENTERPRISES LTD,55873
"NIPPON SUISAN KAISHA, LTD",24509
Jazz Pharmaceuticals International III Limited,68727
"University of Central Florida Research Foundation, Inc.",60215
"Arcutis, Inc.",80610
ZHEJIANG BOSSAN PHARMACEUTICAL CO. LTD.,70412
Temple Therapeutics BV,71018
National Taiwan University,82076
Merz Pharma GmbH & Co. KGaA,00259
The United States of America as represented by the Secretary of the Navy,58733
The United States of America as represented by the Sec. of the Army,58733
"Dow Pharmaceutical Sciences, Inc.",62211
"Athenex, Inc.",70860
BEIJING SCITECH-MQ PHARMACEUTICALS LIMITED,71073
"AKESO BIOMEDICAL, INC.",83654
ALS Therapy Development Institute,71061
The University of Birmingham,60215
"Integrated DNA Technologies, Inc.",73141
ROYAL HOLLOWAY AND BEDFORD NEW COLLEGE,68791
"Johnson & Johnson Surgical Vision, Inc.",84539
TECHNOLOGIES KHLOROS INC.,80324
NATIONAL INSTITUTE OF HEALTH AND MEDICAL RESEARCH,82076
Brigham Young University,24450
TEXAS BIOMEDICAL RESEARCH INSTITUTE,85811
BELLUS HEALTH COUGH INC.,71888
ACERUS BIOPHARMA INC.,42667
"NIPPON CHEMICAL INDUSTRIAL CO., LTD.",24509
UNIVERSITY OF SANTIAGO DE COMPOSTELA,60215
"Delta-Fly Pharma, Inc.",66353
OptiNose AS,71143
VIIV HEALTHCARE UK LIMITED,49702
Glenmark Pharmaceuticals S.A.,68462
"Shanghai Institutes for Biological Sciences, CAS",73557
"INSTITUTE OF ZOOLOGY, CHINESE ACADEMY OF SCIENCES",55330
Seqirus UK Limited,70461
"ICB INTERNATIONAL, INC.",50633
NANJING SINOGEN BIOTECH & PHARMACEUTICAL INC.,87125
LES LABORATOIRES SERVIER,62169
The University of Pécs (Pécsi Tudományegyetem),60215
Actelion Pharmaceuticals Ltd,66215
L-NUTRA INC.,47219
"Augusta University Research Institute, Inc.",55858
"Arizona Board of Regents on Behalf of the University of Arizona, a body corporate",61973
"HAINAN MEIHETAI BIOTECHNOLOGY CO., LTD.",14335
NATIONAL PINGTUNG UNIVERSITY OF SCIENCE & TECHNOLOGY,82076
TONIX PHARMA LIMITED,70792
Mylan Pharmaceuticals ULC,00378
"NOBELPHARMA CO., LTD.",73683
LEAD PHARMA HOLDING B.V.,62168
Purdue Pharmaceutical Products L.P.,59011
SANOFI PASTEUR LIMITED,00024
University of Ulster,60215
"Shanghai Biomabs Pharmaceuticals Co., Ltd.",73557
Amgen Fremont Inc.,55513
"APPLIED MATERIALS, INC.",81425
MARTIN'EX International Research and Development Centre,84999
Med-Life Discoveries LP,84890
Global BioLife Inc.,59448
Elixir Medical Corporation,84546
UNIVERSITY OF CANBERRA,60215
"BIO-K PLUS INTERNATIONAL, INC.",65464
Groupe Santé Devonian Inc.,69922
UTI Limited Partnership,69662
National Chung Cheng University,82076
Baxter International Inc.,00338
COMMONWEALTH SCIENTIFIC AND INDUSTRIAL RESEARCH ORGANISATION,54528
"DONG-A SOCIO HOLDINGS CO., LTD.",73242
Active Biotech AB,70039
F-star Biotechnologische Forschungs- und Entwicklungsges M.B.H.,14141
MIE UNIVERSITY,60215
BLUE SKY VACCINES GMBH,22431
"Hill's Pet Nutrition, Inc.",28105
C7 SUGAR GMBH,73313
"Par Pharmaceutical, Inc.",62211
The Trustees of Princeton University,40098
"TEVA PHARMACEUTICAL INDUSTRIES, LTD.",68546
Leo Pharma A/S,50222
The John Hopkins University,61140
"Creative Bio-Peptides, Inc.",82660
Prime Bio-Drug Development Limited,72188
MOR RESEARCH APPLICATIONS LTD.,52654
Applied Molecular Transport Inc.,81425
"The United States of America, as represented by the Secretary, DHHS",58733
IMMUNOCORE LIMITED,80446
"LABORATORIOS LESVI, S.L.",72483
University of Washington through its Center for Commercialization,60215
"HANGZHOU DAC BIOTECH CO., LTD.",72823
University of Bonn,60215
LONDON HEALTH SCIENCES CENTRE RESEARCH INC.,80860
University of Strathclyde,60215
"National Institutes of Health, Office of Technology Transfer",82076
"New York Blood Center, Inc.",82355
ÉCOLE POLYTECHNIQUE FÉDÉRALE DE LAUSANNE,53952
University of Hawaii,60215
"ALLERGAN SALES, LLC",00023
Astellas Pharma Europe Ltd.,00469
INDUSTRIAL TECHNOLOGY RESEARCH INSTITUTE,42241
Thermo Fisher Scientific Inc.,54394
Laboratorio de Sintesis Organica de La Facultad...,65131
MSD R&D (China) Co. LTD,76305
THE UNIVERSITY OF BIRMINGHAM EDGBASTON,60215
"SHANGHAI TECHWELL BIOPHARMACEUTICAL CO., LTD.",73557
Development Center for Biotechnology,72908
"GALAXY BIOTECH, LLC",73354
Mallinckrodt Hospital Products IP Unlimited Company,63004
Horizon Pharma Rheumatology LLC,75987
"GO Therapeutics, Inc.",79952
NATIONAL TAIWAN UNIVERSITY HOSPITAL,82076
LEO Laboratories Limited,70188
PHOENIX EAGLE COMPANY PTY LTD,60913
University College Cork,60215
"CENTER LABORATORIES, INC.",82800
Emergent Virology LLC,64678
"Conopco, Inc.",64942
"WAVE LIFE SCIENCES JAPAN, INC.",80042
NATIONAL PUBLIC HEALTH INSTITUTE,82076
THE UNITED STATES GOVERNMENT AS REPRESENTED BY THE DEPARTMENT OF VETERNS AFFAIRS,58733
HORIZON ORPHAN LLC,75987
THE UNIVERSITY OF QUEENSLAND,60215
"Ethicon Endo-Surgery, Inc.",63713
“SCIENTIFIC CENTER OF ANTI-INFECTIOUS DRUGS” JOINT-STOCK COMPANY,69113
SUN PHARMA ADVANCED RESEARCH COMPANY LIMITED,69488
"NIPPON CHEMIPHAR CO., LTD.",24509
Altor Bioscience LLC,81481
IMAGINE—INSTITUT DES MALADIES GENETIQUES NECKER ENFANTS MALADES,85380
DRUG DELIVERY SOLUTIONS LIMITED,70985
GENERAL INCORPORATED ASSOCIATION TSUKUBA GLOBAL INNOVATION PROMOTION AGENCY,21220
WELL STONE CO.,66492
"Sichuan Gooddoctor Panxi Pharmaceutical Co., Ltd.",87215
"AB-BIOTICS, S.A.",55146
Science Corporation,84804
"Coherus BioSciences, Inc.",70114
"OPKO IRELAND GLOBAL HOLDINGS, LTD.",70301
LABORATOIRES URGO,62169
UNIVERSITY OF MISSOURI,60215
"Shanghai Pharmaceuticals Holding Co., Ltd.",73557
"Guangzhou Eggbio Co., Ltd.",84148
Guangdong Institute of Microbiology,85279
"Guangdong Yuewei Edible Fungi Technology Co., Ltd.",85279
Bayer Animal Health GmbH,00026
Quest Diagnostics Investments LLC,17433
"SICHUAN KELUN-BIOTECH BIOPHARMACEUTICAL CO., LTD.",87215
"Shenzhen Pharmacin Co., Ltd.",84449
"Dong-A ST Co., Ltd.",73242
Laboratoire HRA-Pharma,63388
King's College London,57955
"POWER PHARMACEUTICALS, LLC",85282
"Prime Vax Immuno-Oncology, Inc.",72188
"Spark Biopharma, Inc.",71394
KING FAHD UNIVERSITY OF PETROLEUM AND MINERALS,57955
University of Helsinki,60215
"SANOFI PASTEUR BIOLOGICS, LLC",00024
University of Genoa,60215
"Catalyst Biosciences, Inc.",69616
Carnegie Mellon University,80005
"NATIONAL INSTITUTES OF BIOMEDICAL INNOVATION, HEALTH AND NUTRITION",82076
"DSM Nutritional Products, LLC",83027
National Chiao Tung University,82076
"Distributors Processing, Inc.",15127
"ADARE PHARMACEUTICALS USA, INC.",59917
"Tianjin Hemay Bio-Tech Co., Ltd.",33217
Korea Basic Science Institute,73391
Innovation Pharmaceuticals Inc.,72104
The United States of America as represented by the Department of Veteran Affairs,58733
"Blaine Laboratories, Inc.",63347
THE UNITED STATES OF AMERICA REPRESENTED BY THE DEPARTMENT OF VETERANS AFFAIRS,58733
"Panacea Pharmaceuticals, Inc.",43817
Jiangsu Medolution Ltd,77573
The Institute of Cancer Research: Royal Cancer Hospital,55330
Catalyst Therapeutics Pty Ltd.,69616
"SHANGHAI DESANO CHEMICAL PHARMACEUTICAL CO., LTD",73557
"SHANGHAI DESANO PHARMACEUTICALS INVESTMENT CO., LTD.",73557
"Human Matrix Sciences, LLC",71356
NATIONAL INSTITUTE OF TRANSPLANTATION FOUNDATION,82076
"KGK Science, Inc.",84804
The Charlotte Mecklenburg Hopital Authority,64646
University Hospitals Cleveland Medical Center,60215
Yunnan Institute of Materia Medica,61658
"Strategic Science & Technologies, LLC",49348
BODY ORGAN BIOMEDICAL CORP.,42281
"DONG WHA PHARM. CO., LTD.",73242
"NOVA SOUTHEASTERN UNIVERSITY, INC.",62484
ARIZONA BOARD OF REGENTS FOR THE UNIVERSITY OF ARIZONA,61973
GENESIS PHARMA SA,52481
"Institute of Biotechnology, Academy of Military Medical Sciences, China",55330
University of Puerto Rico,60215
"HANGZHOU PUSHAI PHARMAEUTICAL TECHNOLOGY CO., LTD.",72823
"SHANGHAI HUILUN LIFE SCIENCE &TECHNOLOGY CO., LTD",73557
"Institute of Materia Medica, Chinese Academy of Medical Sciences",55330
"CHANGZHOU FANGYUAN PHARMACEUTICAL CO., LTD.",59050
BEIJING INSTITUTE FOR CANCER RESEARCH,71073
Micreos Human Health B.V.,73105
NATIONAL CHENG KUNG UNIVERSITY,82076
PLx Opco Inc.,81670
Iron Therapeutics Holdings AG,74375
"LAM Therapeutics, Inc.",79952
"Nature's Sunshine Products, Inc.",51346
SWEDISH ORPHAN BIOVITRUM AG,66658
"Eagle Biologics, Inc.",42367
"ST PHARM CO., LTD.",77039
AbbVie B.V.,00032
"Gilead Apollo, LLC",55135
"Trinity Therapeutics, Inc.",54295
BIOMARIN TECHNOLOGIES B.V.,68135
The University of Toledo,60215
Patheon Softgels Inc.,63552
L&F RESEARCH LLC,52654
LABORATORIOS DEL DR. ESTEVE S.A.,72483
"BIOMED VALLEY DISCOVERIES, INC.",69250
"GUANGZHOU BEBETTER MEDICINE TECHNOLOGY CO., LTD.",84148
"ADVENTIST HEALTH SYSTEM/SUNBELT, INC.",53663
"The Research Foundation for Mental Hygiene, Inc",52654
GE Healthcare Bio-Science AB,71093
"Qingdao Institute of Bioenergy and Bioprocess Technology, Chinese Academy of Sciences",70247
TEVA PHARMACEUTICALS INTERNATIONAL GMBH,68546
Synthon B.V.,63672
Health Clinics Limited,84992
National Yang-Ming University,82076
NATIONAL TAIWAN SPORT UNIVERSITY,82076
"University of Maryland, College Park",60215
NBE-Therapeutics AG,79952
"Teva Branded Pharmaceutical Products R&D, Inc.",68546
MEDICAL TECHNOLOGY RESEARCH INC,62137
NATIONAL HOSPITAL ORGANIZATION,82076
Rhodes Technologies,42858
W.R. GRACE & CO.-CONN.,84803
International Centre for Genetic Engineering and Biotechnology (ICGEB),50633
S-TARGET THERAPEUTICS GMBH,81052
"SBI Biotech Co., Ltd.",81309
"KING-PREBIOTICS BIOTECHNOLOGY (TW) CO., LTD.",57955
Oracle International Corporation,71883
"Pharmaceutical Manufacturing Research Services, Inc.",62211
"INSTITUTE OF BIOPHYSICS, CHINESE ACADEMY OF SCIENCES",55330
Jazz Pharmaceuticals Ireland Limited,68727
King Abdulaziz University,57955
BIOTECH TOOLS S.A.,81309
CHEMICAL & BIOPHARMACEUTICAL LABORATORIES OF PATRAS S.A.,63146
THE UNIVERSITY OF SYDNEY,60215
Vertex Pharmaceuticals (Europe) Limited,51167
"National Institutes of Health (NIH), U.S. Dept. of Health and Human Services (DHHS), The United States of America NIH Division of Extramural Inventions and Technology Resources (DEITR)",82076
The United States of America as represented by the Administrator of NASA,58733
Del Mar Pharmaceuticals (BC) Limited,69662
SUN PHARMA GLOBAL FZE,59448
H Smart Inc.,70936
Access Business Group International LLC,10056
"LABORATORIO AVI-MEX, S.A. DE C.V.",65131
University of Delaware,60215
APPLIED RESEARCH CENTER,81425
"SHANGHAI DE NOVO PHARMATECH CO., LTD.",73557
Health Innovation Ventures B.V.,84992
THE ROYAL INSTITUTION FOR THE ADVANCEMENT OF LEARNING / MCGILL UNIVERSITY,68791
National University Corporation Kanazawa University,82076
THE UNIVERSITY COURT OF THE UNIVERSITY OF ABERDEEN,60215
"X-BODY, INC.",42281
UNIVERSITY OF LEICESTER,60215
University of Montana,60215
Fresenius Kabi Deutschland GmbH,18124
"JIANGSU SIMCERE PHARMACEUTICAL CO., LTD.",77573
"INSTITUTE OF ORGANIC CHEMISTRY AND BIOCHEMISTRY ASCR, V.V.I.",55330
IPSEN PHARMA S.A.S.,15054
SUN YAT-SEN UNIVERSITY,60215
"GUANGZHOU YIDAI PHARMACEUTICAL CO., LTD.",84148
Georgia Tech Research Corporation,54622
SMITH & NEPHEW ORTHOPAEDICS AG,11043
LABORATORIES VIVACY,70188
The Jackson Laboratory,42068
"NANJING TRANSTHERA BIOSCIENCES CO., LTD.",87125
"Jiangsu Hansoh Pharmaceutical Group Co., Ltd.",77573
SICHUAN SYNLIGHT BIOTECH LTD.,87215
UNIVERSITY OF YAMANASHI,60215
University of Oslo,60215
"AMGEN K-A, INC.",55513
"ZHEJIANG NHU CO., LTD.",70412
"OPKO RENAL, LLC",70301
BioActive Food GmbH,43857
Ocean University of China,84293
"SMART Surgical, Inc.",70936
Seattle Biomedical Research Institute,72740
"Institute for Drug Discovery, LLC",55330
"Shanghai Dude Medical Science and Technology Co., Ltd.",73557
IMAGE INDUSTRIES INC.,16496
Tianjin International Joint Academy of Biotechnology & Medicine,33217
PROCAPS S.A.,76864
GE HEALTHCARE LIMITED,71093
"Allergan Industrie, SAS",00023
Esteve Quimica S.A.,68118
"LG CHEM, LTD.",63830
GIANT FORCE TECHNOLOGY CORPORATION,56194
KalVista Pharmaceuticals Limited,82928
BOTTLED SCIENCE LIMITED,73130
Samson Clinical Pty Ltd,66288
UNIVERSITY OF CONNECTICUT,60215
"The Beauty Cartel, LLC",79959
"PHOENIX BIOTECHNOLOGY, INC.",60913
Guangzhou University,84148
The Product Makers (Australia) Pty Ltd,71852
ALMA BIO THERAPEUTICS,69747
Providence Health & Science—Oregon,60379
The University of Western Australia,60215
Sigma-Aldrich Co. LLC,84831
"The State of Queensland, Department of Agriculture, Fisheries and Forestry",62481
Coloplast A/S,11701
"CALIFORNIA NORTHSTATE COLLEGE OF PHARMACY, LLC",68403
"GI Therapeutics, Inc.",79952
SHANGHAI INSTITUTE OF PLANNED PARENTHOOD RESEARCH,73557
"CHANGZHOU RUIMING PHARMACEUTICAL COMPANY, LTD",59050
"WORLD FORCE TECHNOLOGIES, LLC",73442
MALLINCKRODT ARD IP UNLIMITED COMPANY,63004
M BIO TECHNOLOGY INC.,73927
NATIONAL INSTITUTE OF INFECTIOUS DISEASES,82076
Wuhan Sanli BioTechnology Company Limited,72845
"Institute of Process Engineering, Chinese Academy of Sciences",55330
TEVA PHARMACEUTICALS PTY LTD,68546
NATIONAL INSTITUTE FOR MATERIALS SCIENCE,82076
University Court of the University of Dundee,60215
"Metro International Biotech, LLC",83553
BEIJING SHENOGEN PHARMA GROUP LTD.,71073
"Roche Diagnostics Operations, Inc.",00140
MiZ Company Limited,69662
Bracco S.P.A.,00270
HANGZHOU WEBEN PHARMACEUTICALS INC,72823
"The United States of America, as represented by the Secretary, Depart. of Health and Human Services",58733
"BETA PHARMA, INC.",67224
MERCK SHARP & DOHME B.V.,00006
The University of Vermont and State Agriculture College,60215
"JIANGSU MICROMEDMARK BIOTECH CO., LTD.",77573
JX Nippon Oil & Energy Corporation,24509
The Charlotte Mecklenburg Hospital Authority,64646
"3-D Matrix, Ltd.",87156
ALPHA-O PEPTIDES AG,69335
"JDS Therapeutics, LLC",79952
"Global Bio Therapeutics, Inc.",59448
"TIANJIN HEMAY ONCOLOGY PHARMACEUTICAL CO., LTD.",33217
viDA Therapeutics Inc.,85381
UNIVERSITY OF HOUSTON,60215
"BEIJING ANXINHUAIDE BIOTECH. CO., LTD.",71073
Carnegie Institution of Washington,80005
"IGI Laboratories, Inc.",70188
UCB MANUFACTURING IRELAND LIMITED,71523
"Guangzhou Baiyunshan Pharmaceutical Holdings Co., Ltd.",84148
"NEW FRONTIER LABS, LLC",83127
"Elysium Therapeutics, Inc.",87033
The University of Manchester,60215
University of Kentucky,60215
"JIANGSU KEYGEN BIOTECH CORP., LTD",77573
"NANJING NEW INDUSTRY INVESTMENT GROUP CO., LTD",87125
"Hope Medical Enterprises, Inc.",60267
Northern Innovations Holding Corp.,82716
"NATIONAL CENTER FOR AIDS/STD CONTROL AND PREVENTION, CHINESE CENTER FOR DISEASE CONTROL AND PREVENTION",82076
Fresenius Medical Deutschland GMBH,18124
C&TECH,77595
"Institute of Medicinal Biotechnology, Chinese Academy of Medical Sciences",55330
University of Notre Dame du Lac,60215
Fresenius Kabi Oncology Ltd.,18124
Eden Research plc,72113
Grace Procurements LLC,84803
CHANGZHOU NO.4 PHARMACEUTICAL FACTORY CO. LTD,59050
TAKEDA AS,00944
BOSTON MEDICAL CENTER CORPORATION,72628
Nanyang Technological University,84972
INSTITUTE OF BASIC MEDICAL SCIENCES CHINESE ACADEMY OF MEDICAL SCIENCES,55330
National center for nanoscience and technology,82076
IO Biotech ApS,81309
"THE UNITED STATES OF AMERICA AS REPRESENTED BY THE SECRETARY OF THE DEPARTMENT OF HEALTH AND HUMAN SERVICES, CENTERS FOR DISEAS CONTROL AND PREVENTION",58733
University of Science and Technology of China,60215
"Nippon Menard Cosmetic Co., Ltd.",24509
"SHANGHAI GREEN VALLEY PHARMACEUTICAL CO., LTD.",73557
"GUANGZHOU MAXINOVEL PHARMACEUTICALS CO., LTD.",84148
"Shanghai Hansoh Biomedical Co., Ltd.",73557
The Regents of the University of Colorado,76326
Biogen International Neuroscience GmbH,59627
"Diversified Global Technologies, LLC",64319
"Roche Molecular Systems, Inc.",00140
C2N Diagnostics,50914
THE UNIVERSITY OF AKRON,60215
Guangdong Pharmaceutical University,85279
"Shenzhen Seefaa Scietch Co., Ltd.",84449
"SHENZHEN SEEFAA SCITECH CO., LTD.",84449
AURINIA PHARMACEUTICALS INC.,75626
The Feinstein Institutes for Medical Research,13267
"INTERNATIONAL INSTITUTE OF IMMUNOLOGY, INC.",50633
"The Medical Research, Infrastructure and Health Services Fund of the Tel-Aviv Medical Center",62137
University Of The Sciences in Philadelphia,60215
The Regents of the University of California Santa Cruz,76326
"THE UNITED STATES OF AMERICA, DEPARTMENT OF HEALTH AND HUMAN SERVICES",58733
Eastern Virginia Medical School,68915
PIRAMAL IMAGING SA,66794
THE RESEARCH FOUNDATION FOR THE STATE UNIVERSITY OF ALBANY,52654
I-NOVA MEDICINSKA ISTRAZIVANJA D.O.O.,62484
THE UNIVERSITY OF IOWA,60215
Merus N.V.,83077
PROFESSIONAL DIETETICS S.P.A.,10819
"Chang Gung Memorial Hospital, Linkou",43337
"National Research Institute of Chinese Medicine, Ministry of Health and Welfare",82076
"BEIJING HANMI PHARMACEUTICAL CO., LTD.",71073
East Carolina University,72808
"Isis Pharmaceuticals, Inc.",87121
"Dong-A Pharmaceutical Co., Ltd",73242
EMCURE PHARMACEUTICALS LTD,14593
"GUANGDONG RAYNOVENT BIOTECH CO., LTD.",85279
SHANGHAI PULMONARY HOSPITAL,73557
"NIPPON ZENYAKU KOGYO CO., LTD.",24509
Washington State University,68428
Biological E Limited,83538
SHENZHEN INSTITUTES OF ADVANCED TECHNOLOGY,84449
"Shenzhen Hornetcorn Biotechnology Company, Ltd.",84449
"CHANGZHOU DEZE MEDICAL SCIENCE CO., LTD",59050
Chang Gung University,43337
The Trustees of Boston College,40098
NORDIC REBALANCE A/S,69918
The United States Government as Represented by the Department of Veterans Affairs,58733
"BIOLOGICAL MIMETICS, INC.",83538
Texas Tech University System,85811
THE UNITED STATES OF AMERICA AS REPRESENTED BY THE SEC. OF THE DEPT. OF HEALTH AND HUMAN SERVICES,58733
"Advanced Biologics, LLC",69488
Genesis Medical Devices LLC,52481
"CareFusion 2200, Inc.",54365
INTEGRATIVE RESEARCH LABORATORIES SWEDEN AB,85306
"VICTOR PHARMA CO., LTD. ZHENJIANG",66961
BIOMEDICAL RESEARCH FOUNDATION OF THE ACADEMY OF ATHENS,24562
Dr. Reddy's Laboratories SA,55111
"First Wave Bio, Inc.",53117
"RESEARCH INSTITUTE FOR NUTRITION AND AGING CO., LTD.",52654
"Quality IP Holdings, LLC",63978
Industrial Cooperation Foundation Jeonbuk National University,42241
Southern Methodist University,61567
"Lawrence Livermore National Security, LLC",82499
FOUNDATION OF SOONGSIL UNIVERSITY-INDUSTRY COOPERATION,85739
"NAKED BIOME, INC.",81104
IZUN PHARMACEUTICALS CORP.,49589
"NEW YORK SOCIETY FOR THE RUPTURED AND CRIPPLED, MAINTAINING THE HOSPITAL FOR SPECIAL SURGERY",82355
"SHANGHAI FOREFRONT PHARMACEUTICAL CO., LTD.",73557
"TP Therapeutics, Inc.",79952
"Tianjin Institute of Pharmaceutical Research Co., Ltd.",33217
DSO National Laboratories,82076
Albert Bartlett & Sons (Airdrie) Limited,83002
General Electric Company,21220
BEIJING BIO-TARGETING THERAPEUTICS TECHNOLOGY INC.,71073
Oxford Immunotec Limited,69584
InnoCore Technologies Holding B.V.,70924
"Yabao Pharmaceutical Group Co., Ltd.",51990
Trinity Laboratories Inc.,54295
MELINTA SUBSIDIARY CORP.,70842
"GEORGIA STATE UNIVERSITY RESEARCH FOUNDATION, INC.",54622
"Orca Biosystems, Inc.",82939
Japan Health Sciences Foundation,87130
"UNITED BIOMEDICAL, INC.",58733
"VLP Biotech, Inc.",81309
University of Newcastle upon Tyne,60215
"Zhejiang Jingxin Pharmaceutical Co., Ltd.",70412
"SHANGHAI JINGXIN BIOMEDICAL CO., LTD.",73557
"Guangzhou Innocare Pharma Tech Co., Ltd.",84148
"SHENZHEN HIGHTIDE BIOPHARMACEUTICAL, LTD.",84449
"SHANGHAI HAIJU BIOLOGICAL TECHNOLOGY CO., LTD.",73557
Janssen Sciences Ireland Unlimited Company,50458
BIOTECH RNA PHARMACEUTICALS GMBH,81309
"New York Stem Cell Foundation, Inc.",82355
"AI Therapeutics, Inc.",79952
University of Seoul Industry Cooperation Foundation,60215
University of Manitoba,60215
WAVE LIFE SCIENCES LTD.,80042
Intelligent Synthetic Biology Center,81632
"ST&T INTERNATIONAL, INC.",50633
"SARAYA CO., LTD.",69674
National Institute of Advanced Industrial Science and Technology,82076
CHANGZHOU LONGTHERA PHARMACEUTICALS INC.,59050
THE NATIONAL INSTITUTE FOR BIOTECHNOLOGY I,82076
"The United States of America, as represented by the Secretary of Homeland Security",58733
GUANG ZHOU YUAN TU BIOLOGICAL AND CHEMICAL TECHNOLOGY CO. LTD,75779
"SHANDONG XINCHUANG BIOTECHNOLOGY CO., LTD.",82061
The Methodist Hospital,69864
NATIONAL DONG HWA UNIVERSITY,82076
DESERT LABS AGRICULTURE COOPERATIVE ASSOCIATION LTD.,69145
"ZHEJIANG KANGLAITE GROUP CO., LTD.",70412
The United States of America as represented by the Secretary of the Department of,58733
UNIVERSITY OF GENEVA,60215
HOUSE WELLNESS FOODS CORPORATION,85242
Guangdong Moltech Pharma Co. Ltd.,85279
"IMPACT THERAPEUTICS, INC.",85528
argenx BVBA,73475
"Guangdong Xiangxue Life Sciences, Ltd.",85279
"INNOVENT BIOLOGICS (SUZHOU) CO., LTD.",70335
D-GEN LIMITED,69662
UNIVERSITY OF MISSISSIPPI,60215
Wockhardt Limited,64679
THE REGENTS OF TE UNIVERSITY OF CALIFORNIA,76326
O.D. Ocular Discovery Ltd.,70382
GOOD SAMARITAN INSTITUTE FOR RESEARCH AND EDUCATION,73716
NATIONAL INSTITUTE OF AGROBIOLOGICAL SCIENCES,82076
RESEARCH & BUSINESS FOUNDATION SUNGKYUNKWAN UNIVERSITY,52654
"Medical & Biological Laboratories Co., Ltd.",62137
BOEHRINGER INGELHEIM ANIMAL HEALTH USA INC.,00597
"Kent Precision Foods Group, Inc.",51960
RECKITT BENCKISER HEALTHCARE (UK) LIMITED,52031
HUA Medicine (Shanghai) Ltd.,54155
"FGH BIOTECH, INC.",81309
BAKER HEART AND DIABETES INSTITUTE,76102
"ESM TECHNOLOGIES, LLC",80324
Shanghai Syncores Technologies Inc. Ltd.,73557
"Zhejiang Huahai Pharmaceutical Co., Ltd.",70412
"NIPPON SHINYAKU CO., LTD.",24509
NATIONAL CENTER OF NEUROLOGY AND PSYCHIATRY,82076
"APPLIED BIOSYSTEMS, LLC",81425
National University Corporation Tokyo University of Agriculture and Technology,82076
"JAPAN INNOVATION THERAPEUTICS, INC.",87130
"Broadway Holdings IV, LLC",24027
The University of Sussex,60215
"NATURAL MEDICINE INSTITUTE OF ZHEJIANG YANGSHENGTANG CO., LTD.",84181
The United States of America as represented by the Department of Veteran Affairs (Washington DC),58733
The Regents ot the Univershy of California,76326
"University System of Georgia, Valdosta State University",60215
"UNITED ANIMAL HEALTH, INC.",58733
"WE-WIN APPLIED BIO-TECH CO., LTD.",81425
CSL Behring L.L.C.,00053
Cadila Pharmaceuticals Ltd.,71209
LABORATORIO FARMACEUTICO C.T. S.R.L.,65131
GVK BIOSCIENCES PRIVATE LIMITED,83100
"Beijing Innocare Pharma Tech Co., Ltd.",71073
"Yuma Therapeutics, Inc.",87003
B-CREATIVE SWEDEN AB,82660
North Carolina Agricultural and Technical State University,42887
NORTH CAROLINA CENTRAL UNIVERSITY,42887
MERCK SERONO S/A,00006
NG Solutions LTD,79739
University of Pretoria,60215
Bausch Health Ireland Limited,00187
SHANGHAI YUANXIN BIOCHEMICAL SCIENCE AND TECHNOLOGY CO. LTD.,73557
"The Henry Jackson Foundation for the Advancement of Military Medicine, Inc.",00404
FAR EASTERN MEMORIAL HOSPITAL,68915
Mission Therapeutics Limited,65954
Medi&Gene Inc.,66345
Adaptimmune Limited,83205
"ASCEND BIOPHARMACEUTICALS, INC.",67877
"AMI COSMETIC CO., LTD.",71440
The University of Newcastle,60215
"Institute of Molecular Genetics, Academy of Sciences of the Czech Republic",55330
"442 Ventures, LLC",68678
GLAXOSMITHKLINE CONSUMER HEALTHCARE HOLDINGS (US) LLC,00173
"GRIFOLS, S.A.",13533
"Mark G. DeGiacomo, Interim Trustee",78482
UNIVERSITY OF TSUKUBA,60215
INTERNATIONAL SOCIETY FOR DRUG DEVELOPMENT S.R.L.,50633
Merck Sharp & Dohm Corp.,00006
Shanghai Xunhe Pharmaceutical Technology Co. Ltd.,73557
"Shanghai Lumosa Therapeutics Co., Ltd.",73557
"G-Bio Pharma Tech Co., Ltd.",77595
Trustees of Tufts College,40098
"Q THERAPEUTICS, INC.",79952
"GREEN LIFE BIOTECH, LLC",61152
"Ben Research, Inc.",52654
CSPC DOPHEN CORPORATION,24075
"Fosun Orinove Pharmatech, Inc.",72266
South Alabama Medical Science Foundation,51400
"GUANGZHOU CELLPROTEK PHARMACEUTICAL CO., LTD",84148
Legacy Healthcare Ltd.,68645
PVP LABS PTE.LTD.,54288
HOSPIRA AUSTRALIA PTY LTD,00409
NORTHERN SYDNEY LOCAL HEALTH DISTRICT,82716
"Valneva USA, Inc.",42515
Valneva Austria GmbH,42515
NIPPON KAYAKU KABUSHIKI KAISHA,24509
"Hangzhou Innogate Pharma Co., Ltd.",72823
LIMITED LIABILITY COMPANY “ONCOMAX” (LLC “ONCOMAX”),69662
"STEALTH BIOLOGICS, LLC",72507
"EyePoint Pharmaceuticals, Inc.",71879
ZHEJIANG ACADEMY OF FORESTRY,70412
San Diego State University Research Foundation,85217
UNIVERSITY COURT OF THE UNIVERSITY OF ST ANDREWS,60215
THE UNIVERSITY OF LIVERPOOL,60215
"SHANGHAI KINBIO TECH.CO., LTD.",73557
UNIVERSITY COLLEGE LONDON,60215
National University Corporation Tottori University,82076
"NANJING RUIYING RUNZE BIOPHARMAEUTICAL TECHNOLOGY CO., INC.",87125
"Janssen BioPharma, Inc.",50458
Biotech Cell & Gene thrapies GMBH,81309
"Deaconess Medical Center, Inc.",61903
"Brigham and Women's Hopsital, Inc.",24450
"ARIZONA BOARD OF REGENTS, A BODY CORPORATE OF THE STATE OF ARIZONA ACTING FOR AND ON BEHALF OF ARIZONA STATE UNIVERSITY",61973
The United States Government as Represented by the Department of Veterans,58733
BOW RIVER LLC,84601
AIDANCE SKINCARE & TOPICAL SOLUTIONS LLC,24909
"United-AH II, LLC",58733
SOUTH DAKOTA BOARD OF REGENTS,51400
BAYER NEW ZEALAND LIMITED,00026
"JB SCIENTIFIC, LLC",69113
"ZHEJIANG AUSUN PHARMACEUTICAL CO., LTD.",70412
"WUXI SHUANGLIANG BIOTECHNOLOGY CO., LTD.",65050
MERCK & CIE,00006
JINAN UNIVERSITY,83988
Beijing Mabworks Biotech Co. Ltd.,71073
ORCA PHARMACEUTICALS LIMITED,82939
Synchronicity,69949
Matrix Biology Institute,87156
Boise State University,82323
The Research Foundation of the State University of New York,52654
"RADIUS PHARMACEUTICALS, INC.",70539
"JIANGSU CAREFREE PHARMACEUTICAL CO., LTD",77573
"Lundbeck La Jolla Research Center, Inc.",67386
"Tianjin Michele Sci-Tech Development Co., Ltd.",33217
"OTSUKA CHEMICAL CO., LTD.",59148
THE NATIONAL INSTITUTE FOR BIOTECHNOLOGY IN THE NEGEV LTD.,82076
Institute of Molecular Biology and Genetics National Academy of Science of Ukraine,55330
"Wilson Wolf Manufacturing, LLC",51105
RNA DIAGNOSTICS INC.,50914
"Hangzhou Redox Pharmatech Co., Ltd.",72823
"Industrial Farmacéutica Cantabria, S.A.",42241
"SI GROUP, INC.",49687
"Impact Biomedicines, Inc.",85528
ZHEJIANG ACADEMY OF MEDICAL SCIENCES,70412
NANJING UNIVERSITY,87125
"Kiniksa Pharmaceuticals, GmbH",73604
SERVICES MEDICAUX ARNOLD ET JOAN ZIDULKA INC.,43621
"JIANGSU NHWALUOKANG PHARMACEUTICAL RESEARCH AND DEVELOPMENT CO., LTD.",77573
"United States of America, as represented by the Secretary, Department of Health and Human Services",58733
UNIVERSITY OF ULSAN FOUNDATAION FOR INDUSTRY COOPERATION,60215
University of Maryland,60215
UNIVERSITY OF TECHNOLOGY SYDNEY,60215
"GLAXOSMITHKLINE BIOLOGICALS, NIEDERLASSUNG DER SMITHKLINE BEECHAM PHARMA GMBH & CO KG",00173
Providence Health & Services—Oregon,60379
Meridian Lab,50402
UNITED TECHNOLOGIES CORPORATION,58733
LAUREL THERAPEUTICS LTD.,70951
TIANJIN MEDICAL UNIVERSITY,33217
"IGM Biosciences, Inc.",83100
MESOBLAST INTERNATIONAL SARL,73648
The University of Greenwich,60215
ENA THERAPEUTICS PTY LTD,79952
Golden Biotechnology Corporation,87037
ADVANCED BIODESIGN,69488
The University of Durham,60215
MD HEALTHCARE INC.,71093
"K.L.R.M., LLC",87034
"La Jolla Pharma, LLC",68547
"Virginia Tech Intellectual Properties, Inc.",60563
Green Cross Corporation,61152
"NANJING YOUYI MEDICAL TECHNOLOGY CO., LTD",87125
"Nanjing Legend Biotech Co., Ltd",87125
3 IN 1 DENTAL PLLC,61578
KIND CONSUMER LIMITED,82976
"Alpha-1 Biologics, LLC",69335
NIPPON MEDICAL SCHOOL FOUNDATION,24509
The Institute of Cancer Research,55330
Desert King International LLC,69145
"ZHEJIANG STRONG PHARMACEUTICAL CO., LTD.",70412
"RAPID PATHOGEN SCREENING, INC.",83569
NANJING DIANSU BIOLOGICAL TECHNOLOGY CO. LTD,87125
"Alliance Discovery, Inc.",72238
Technical institute of physics and chemistry of the chinese academy of sciences,77908
Pharmacosmos Holding A/S,73594
NATIONAL DEFENSE EDUCATION AND RESEARCH FOUNDATION,82076
Sol-Gel Technologies Ltd.,80324
SEN-JAM PHARMACEUTICAL INC.,62211
AOP ORPHAN IP AG,84381
"SHANGHAI ZIYUAN PHARMACEUTICAL CO., LTD.",73557
National University of Ireland Maynooth,82076
SOUTH CHINA AGRICULTURAL UNIVERSITY,51400
INDIAN INSTITUTE OF TECHNOLOGY BOMBAY,60980
SYN-NAT PRODUCTS ENTERPRISE LLC,10018
University of New York,60215
Foundation for Translational Science,85739
ALMA MATER STUDIORUM—UNIVERSITA' DI BOLOGNA,69747
ECOLAB USA INC.,47593
PLANT ADVANCED TECHNOLOGIES PAT,84009
"Harrow Health, Inc.",82667
"Chang Gung Memorial Hospital, Chiayi",43337
Performance Labs Pte. Ltd.,51042
International Vaccine Institute,50633
China State Institute of Pharmaceutical Industry,76305
NINGBO WENDA PHARMA TECHNOLOY LTD.,47993
"HUMANWELL HEALTHCARE (GROUP) CO., LTD.",53345
HUBEI BIO-PHARMACEUTICAL INDUSTRIAL TECHNOLOGICAL INSTITUTE INC.,82996
"The Regents of the University of Colorado, a body",76326
"J. Craig Venter Institute, Inc.",13859
"CB Therapeutics, Inc.",79952
RSR Limited,69662
Fougera Pharmaceuticals Inc.,00168
The Charlotte Mecklenberg Hospital Authority,64646
University of North Carolina at Greensboro,60215
"United States Government as represented by the Secretary, Department of Health and Human Services",58733
INDIAN INSTITUTE OF SCIENCE,60980
"GUANGZHOU INSIGHTER BIOTECHNOLOGY CO., LTD.",84148
"ENB Therapeutics, Inc.",79952
"NB HEALTH LABORATORY CO., LTD.",84992
MICREOS B.V.,73105
Bayer Corp Science Aktiengesellschaft,00026
ACTAVIS GROUP PTC EHF,00228
Swiss VX Venentherapie und Forschung GmbH,60232
Institute of Microbiology Chinese Academy of Sciences,55330
"SHENZHEN QINGYAQIRUI BIO-TECH CO., LTD.",84449
"The United States Government, as Represented by the Secretary of the Department of Health and Human Services",58733
CHINA PHARMACEUTICAL  UNIVERSITY,76305
DALIAN MEDICAL UNIVERSITY,50685
"SURFACE ONCOLOGY, LLC",72344
"CROWN BIOSCIENCE, INC. (TAICANG)",00316
"Chongqing Antixin Biotechnology Co., LTD.",85751
"Alpha To Omega Pharmaceutical Consultants, Inc.",69335
National University Corporation Yamaguchi University,82076
Arizona Board of Regents c/o Northern Arizona University,61973
Research Foundation of the City University of New York,52654
R-Pharm Overseas Inc.,77039
Lee Pharma Limited,69662
United States of America as represented by the Secretary of the Air Force,58733
Bioverativ USA Inc.,71104
"JSR Life Sciences, LLC",84890
ACCURATE MEDICAL THERAPEUTICS LTD.,72987
"BMI KOREA CO., LTD",73391
NLS Pharmaceutics AG,74157
University of Prince Edward Island,60215
"SHANGHAI SYNERGY PHARMACEUTICAL SCIENCES, LTD.",73557
"Zhuhai Essex Bio-Pharmaceutical Co., Ltd.",83513
Saint Regis Mohawk Tribe,72784
XW LABORATORIES INC.,70188
Chain Antimicrobials Oy,68016
BIOTECH PHARMACEUTICAL CO. LTD.,81309
"Royal Holloway, University of London",68791
The University of Toldeo,60215
ALLERGAN HOLDINGS FRANCE S.A.S.,00023
SHIJIAZHUANG PHARMA GROUP NBP PHARMACEUTICAL CO.,84664
"FE3 MEDICAL, INC.",62137
"ASPEN PARK PHARMACEUTICALS, INC.",42914
TDW Group,49687
MAYNE PHARMA INTERNATIONAL PTY. LTD,50261
International Business Machines Corporation,50633
"BEIJING XINDE RUNXING TECHNOLOGY CO., LTD.",71073
"PLANT HEALTH CARE, INC.",84009
"LABORATORIO MEDINFAR PRODUTOS FARMACEUTICOS, SA",65131
"HMI MEDICAL INNOVATIONS, LLC",62137
Blue Blood Biotech Corp.,22431
IMPERIAL COLLEGE INNOVATIONS LIMITED,83837
RIN INSTITUTE INC.,55330
SHANGHAI ALLIST PHARMACEUTICAL AND MEDICAL TECH CO,73557
Peter und Traudl Engelhorn-Stiftung Zur Förderung der Lebenswissenschaften,85443
The University Court of the University of Glasgow,60215
Center for Infectious Disease Research,82800
Institute for Systems Biology,55330
University Hospital Antwerp,60215
THE CENTER FOR HUMAN REPRODUCTION (CHR),82800
NATIONAL UNIVERSITY CORPORATION GUNMA UNIVERSITY,82076
NATIONAL CENTER FOR GERIATRICS AND GERONTOLOGY,82076
"Shenzhen TargetRx, Inc.",84449
"Changzhou Jiekai Pharmatech Co., LTD.",59050
EAST CHINA UNIVERSITY OF SCIENCE AND TECHNOLOGY,72808
"WUHAN VISION PHARMACEUTICAL TECHNOLOGY CO., LTD.",72845
SHANGHAI BEGREAT PHARMATECH,73557
Zhejiang Subtropical Crops Research Institute,70412
NATIONAL UNIVERSITY CORPORATION UNIVERSITY OF TOYAMA,82076
Astellas Deutschland GmbH,00469
COOL-4-HORSES B.V.,70288
Novavax AB,80631
NY State Psychiatric Institute,62481
"SICHUAN INLU WEITE PHARMACEUTICAL TECHNOLOGY CO., LTD.",87215
"Sichuan Kelun Pharmaceutical Research Institute Co., Ltd.",87215
"The United States of America, as represented by National Institute of Health",58733
BEIJING INSTITUTE OF MICROBIOLOGY AND EPIDEMIOLOGY,71073
"Innovative Cellular Therapeutics Holdings, Ltd.",57362
LABORATOIRE MEDIDOM SA,63388
"Beijing An Jian Xi Bio-Medical Technology Co., Ltd.",71073
Zhengzhou Granlen Pharmatech. Ltd.,85113
"GOOD T CELLS, INC.",73716
HOX THERAPEUTICS LIMITED,79952
"Gilead Biologics, Inc.",55135
APR APPLIED PHARMA RESEARCH SA,81425
TZU CHI UNIVERSITY,60215
New York University in Abu Dhabi Corporation,82355
KH MEDTECH SÁRL,58790
"NATURE FOUR CO., LTD",51346
180 THERAPEUTICS LP,79952
National Institute of Immunology,82076
BAYER OY,00026
"Florida Institute of Technology, Inc.",73060
"Shanghai Ai Qi Ecological Technology Co., Ltd.",73557
"FUJIAN COSUNTER PHARMACEUTICAL CO., LTD.",75543
NORTH & SOUTH BROTHER PHARMACY INVESTMENT COMPANY LIMITED,42887
THE FIRST AFFILIATED HOSPITAL OF GUANGZHOU MEDICAL UNIVERSITY,53117
GUANGZHOU INSTITUTE OF RESPIRATORY DISEASE,84148
National Centre for Polar and Ocean Research (NCPOR),82076
Foundation for Neglected Disease Research (FNDR),85739
SHANGHAI FIRST PEOPLE'S HOSPITAL,73557
"The United States of America, as represented by the Secretary, Health and Human Services",58733
"The U.S. of America, as represented by the Secretary, Dept. of Health and Human Services",78870
UNIVERSITY OF ULSAN,60215
"THE UNITED STATES GOVERNMENT, AS REPRESENTED BY THE SECRETARY OF THE ARMY, U.S.A.",58733
CELLTRION INC.,72606
C.P. Medical Corporation,62137
"Impel Neuropharma, Inc.",77530
SHIELD TX (UK) LIMITED,83059
"The Global Alliance for TB Drug Development, Inc.",59448
"SHANGHAI INSTITUTE OF ORGANIC CHEMISTRY, CHINESE ACADEMY OF SCIENCES",73557
"ONL Therapeutics, Inc.",79952
Tianjin Medical University Cancer Institute and Hospital,33217
"Jeffrey S. Brooks, Inc.",85585
SHENZHEN SALUBRIS PHARM CO LTD.,84449
"XIAMEN INNOVAX BIOTECH CO., LTD.",83698
"SHANGHAI UNITED CELL BIOTECHNOLOGY CO., LTD.",73557
"Life Kitchen, LLC",84890
LABORATOIRE MICHEL IDERNE,63388
"WUHAN JIAYU TECHNOLOGY CO., LTD.",72845
WUHAN LL SCIENCE AND TECHNOLOGY DEVELOPMENT CO. LTD.,72845
"WUHAN QR PHARMACEUTICALS CO., LTD.",72845
Mayo Foundation for Medical Engineering and Research,52670
"Guangzhou Virotech Pharmaceutical Co., Ltd.",84148
"ZY Therapeutics, Inc.",79952
XIAMEN INSTITUTE OF RARE EARTH MATERIALS,83698
"LUOXIN PHARMACEUTICAL (SHANGHAI) CO., LTD.",81894
"SHANGHAI ZHIMENG BIOPHARMA, INC.",73557
INSIGHT HEALTH LIMITED,63736
"GUANGZHOU VBIO PHARMA CO., LTD.",84148
"UNIVERSITY OF THE WITWATERSRAND, JOHANNESBURG",60215
NATIONAL HEALTH LABORATORY SERVICE,82076
Ascendis Pharma Opthalmology Division A/S,73362
GSK Consumer Healthcare SARL,11344
Florida A&M University,73060
MEDICAL BRANDS RESEARCH B.V.,62137
"GUANGZHOU LINK HEALTH PHARMA CO., LTD.",84148
SHANGHAI TIANHUI CHEMICAL PHARMACEUTICAL CO. LTD,73557
NATIONAL TAIPEI UNIVERSITY OF TECHNOLOGY,82076
UNIVERSITY OF SHARJAH,60215
University College Dublin,60215
AFT Pharmaceuticals Limited,69662
Pharmaceutical Industries Limited,62211
DFH THERAPEUTICS,79952
INTERNATIONAL-DRUG-DEVELOPMENT-BIOTECH,50633
Eco Product Group LLC,71852
"Chengdu Easton Biopharmaceuticals Co., Ltd.",82432
Jubilant Generics Limited,59746
E&B Technologies LLC,80324
Bracco Suisse SA,00270
Valneva SE,42515
"The State of Israel, Ministry of Agriculture & Rural Development, Kimron Veterinary Institute",62481
JN BIOSCIENCES LLC,83100
PCI BIOTECH AS,81309
"UNIVERSITY COLLEGE CORK—NATIONAL UNIVERSITY OF IRELAND, Cork",60215
NZP UK LIMITED,69662
MHS CARE-INNOVATION LLC,20394
The Institute for Human Genetics and Biochemistry,55330
"Ara Medical, LLC",62137
PARAGON NORDIC AB,42702
"RDG HOLDINGS, INC.",58048
PHOTOCURE ASA,10511
ANHUI MICRODELIVERY SMART MICROCAPSULE SCI & TECH CO. LTD,72030
UNIVERSITY OF WASHINGTON THROUGH ITS CENTER FOR CO,60215
CV6 Therapeutics (NI) Limited,79952
TEVA PHARMACEUTICALS AUSTRALIA PTY LTD,68546
Guangzhou Shenglu Biotech Limited Company,84148
University Medical Center Hamburg-Eppendorf,60215
ADC THERAPEUTICS SA,79952
Oxford BioMedica (UK) Limited,69584
"HUBEI SOUNDNY BIOTECHNOLOGY CO., LTD.",82996
Hubei Grand Biotechnologv Co. Ltd.,82996
THE AMERICAN UNIVERSITY IN CAIRO,58701
"ZHEJIANG TELEY BIOTECHNOLOGY CO., LTD.",70412
UNIVERSITY OF THE RYUKYUS,60215
"BEIJING HEBABIZ BIOTECHNOLOGY CO., INC.",71073
Imagine Pharma LLC,85380
"Bamboo Therapeutics, Inc.",83703
"LINDE AKTIENGESELLSCHAFT, A GERMAN CORP",59578
INSTITUTE OF APPLIED BIOCHEMISTRY,55330
Institute For Cancer Research,55330
San Diego State University,85217
King Faisal Specialist Hospital & Research Centre,57955
United Cannabis Corp.,58733
La Jolla Pharmaceuticals Company,68547
"INTERNATIONAL DEHYDRATED FOODS, INC.",50633
GlaxoSmithKline Intellectual Property Management Limited,00173
Mallinckrodt Hospital IP Limited,63004
THE ARIZONA BOARD OF REGENTS,61973
"Chongqing Ruzer Pharmaceutical Co., Ltd",85751
Hampton University,87170
Glenmark Life Sciences Limited,68462
"Blue Sky Pharmaceuticals, LLC",22431
Ohr Pharmaceutical Inc.,62211
APC Research Assets LLC,52654
"SHANGHAI YILE BIOTECHNOLOGY CO., LTD.",73557
"Wuhan YZY Biopharma Co., Ltd.",72845
S.P.C.M. SA,31720
UNIVERSITY OF HUDDERSFIELD,60215
NANJING JIANZHUANG BIOTECHNOLOGY LIMITED COMPANY,87125
"Shenzhen Zhenxing Medical Technology Co., Ltd.",84449
"SHANGHAI HAIHE PHARMACEUTICAL CO., LTD.",73557
"Shanghai Kanda Biotechnology Co, Ltd.",73557
"Shanghai Celgen Bio-Pharmaceutical Co., Ltd.",73557
University of Oregon,60215
Solutex NA LLC,82488
OIL-DRI CORPORATION OF AMERICA,78870
PRO NATURA GESELLSCHAFT FÜR GESUNDE ERNÄHRUNG GMBH,63730
Dentsply Sirona Inc.,66312
"SURFACE LOGIX, LLC",72344
Kyn Therapeutics,79952
"Tianjin TOPTECH Bio-Science & Technology Co., Ltd.",33217
Grifols Worldwide Operations Limited,13533
SOUTH CHINA UNIVERSITY OF TECHNOLOGY,51400
"The United States of America, as Represented by the Secretary, Department of Human Services",58733
"S.S. MANUFACTURING CO., LTD.",71523
NATIONAL UNIVERSITY CORPORATION ASAHIKAWA MEDICAL UNIVERSITY,82076
BEIJING STAIDSON MEDICAL. TECHNOLOGY CO.. LTD.,71073
"Zhejiang Shanshi Medical Device Co., Ltd.",70412
REPUBLIC OF KOREA(MANAGEMENT: RURAL DEVELOPMENT ADMINISTRATION),84711
"Jiangxi Fushine Pharmaceutical Co., Ltd.",83778
"Biotech Institute, LLC",81309
SANOFI MATURE IP,00024
University of Parma,60215
UNIVERSITY OF SOUTH AUSTRALIA,60215
Central Adelaide Local Health Network Incorporated,85674
"New Health Sciences, Inc.",84992
I-MAB BIOPHARMA US LIMITED,61476
Alcon Inc.,00065
NATIONAL CENTER FOR CHILD HEALTH AND DEVELOPMENT,82076
TOTAL MARKETING SERVICES,55550
SHY Therapeutics LLC,79952
INNOVATIVE MOLECULES GMBH,57362
"Nanjing InnoCare Pharma Tech Co., Ltd.",87125
"Huzhou Center of Bio-Synthetic Innovation, Shanghai Institute of Organic Chemistry, Chinese Academy of Sciences",85734
NATIONAL UNIVERSITY CORPORATION SHIZOUKA UNIVERSITY,82076
"NORDIC NATURALS, INC.",69918
Medical Research Council,62137
"HANGZHOU GAMMA BIOTECH CO., LTD.",72823
Arkansas State University—Jonesboro,65603
"BLUE SEA LABORATORIES, S.L.",22431
THE UNIVERSITY OF SHEFFIELD,60215
University of New Orleans,60215
"BEIJING COISLITONG INDUSTRIAL CO., LTD.",71073
PHARMANUTRA S.P.A.,84797
One World Cannabis LTD,73442
Hunan University of Science and Engineering,84273
"SHANGHAI HEP PHARMACEUTICAL CO., LTD.",73557
ENDO GLOBAL VENTURES,00254
RESEARCH COOPERATION FOUNDATION OF YEUNGNAM UNIVERSITY,52654
"SHIJIAZHUANG SAGACITY NEW DRUG DEVELOPMENT COMPANY, LTD.",84664
National Institutes for Quantum and Radiological Science and Technology,82076
"The United States of America, as represented by the Secretary, Department of Health",58733
BIOXCEL CORPORATION,81092
WEST CHINA HOSPITAL OF SICHUAN UNIVERSITY,65008
"TIANJIN HEMAY PHARMACEUTICAL CO., LTD.",33217
Bill & Melinda Gates Foundation,52698
FERRING INTERNATIONAL CENTER S.A.,55566
ADVANCED CHITOSAN SOLUTIONS BIOTECH,69488
"EPIC SCIENCES, INC.",42806
THE UNITED STATES GOVERNMENT AS REPRESENTED BY THE,58733
"SRE Wellness, Inc.",71683
"Beijing Ebany Biological Medicine Technology Co., Ltd.",71073
Rise Life Sciences Corp.,84980
BEIJING UNIVERSITY OF AGRICULTURE,71073
"Global Biopharma, Inc.",59448
"ISE Professional Testing & Consulting Services, Inc.",10819
"CHENGDU BRILLIANT PHARMACEUTICAL CO., LTD.",82432
NUTRITION SCIENCES N.V.,82198
VIFOR FRESENIUS MEDICAL CARE RENAL PHARMA LTD,53436
ZHEJIANG JIACHI DEVELOPMENT PHARMACEUTICALS LTD,70412
H4 ORPHAN PHARMA,84381
WEX MEDICAL LIMITED,62137
LA JOLLA INSTITUTE OF ALLERGY & IMMUNOLOGY,68547
LABORATOIRES GENEVRIER,62169
"JO Cosmetics Co., Ltd.",42221
"FIRST FRUITS BUSINESS MINISTRY, LLC",53117
GUANGDONG PROVINCIAL HOSPITAL OF TRADITIONAL CHINESE MEDICINE,85279
GLENMARK SPECIALTY S.A.,68462
"Nanjing Noratech Pharmaceuticals Co., LTD",87125
CHU de Nice,44385
REPUBLIC OF KOREA (NATIONAL INSTITUTE OF FISHERIES SCIENCE),84711
CMP DEVELOPMENT LLC,72908
"KBP BIOSCIENCES CO., LTD.",83100
"National Institutes of Health, A Component of the U.S. Department of Hearth and Human Services",82076
"Shenzhen City of Regeneration Biological Pharmaceutical Technology Co., Ltd.",84449
University of Valencia,60215
Laboratoire M2,63388
IMD NATURAL SOLUTIONS GMB,84181
"Shanghai Ginsome Pharmatech Co., Ltd.",73557
KOREA UNITED PHARM. INC.,73391
"SHANGHAI ZHONGYAO BIO-TECHNOLOGY CO., LTD.",73557
UNIVERSITY OF HERTFORDSHIRE HIGHER EDUCATION CORPORATION,60215
"Shenzhen Neptunus Pharmaceutical Research Institute Co., Ltd.",84449
"HANGZHOU SANYINTAI PHARMACEUTICAL TECHNOLOGY CO., LTD.",72823
"ZHEJIANG PALO ALTO PHARMACEUTICALS, INC.",70412
THE UNITED STATES OF AMERICA AS REPRESENTED BY THE,58733
CARE & PHARMA PERSPECTIVES SA,20394
DRUG DELIVERY INTERNATIONAL LTD.,70985
"Hangzhou Yipin Xinwufeng Pharmaceutical Co., Ltd.",72823
LIMITED LIABILITY COMPANY “CARDIOSYSTEMPHARMA” (LLC “CSP”),69662
"HAIKOU QILI PHARMACEUTICAL CO., LTD.",85261
South Dakota State University,51400
"TME THERAPEUTICS CO., LTD.",79952
NORDIC NANOVECTOR ASA,69918
University of North Carolina,60215
"Nanjing Bioenergy Medicine Science & Technology Co., Ltd.",87125
"I-Mab Biopharma Co., Ltd.",61476
GENMAB B.V.,82705
"BEIJING MABRIDGE BIOPHARMACEUTICAL CO., LTD.",71073
BEIJING PROTGEN LTD.,71073
"Shanghai Aucta Pharmaceuticals Co., Ltd.",73557
"GBS Global Biopharma, Inc.",59448
S.L.A. PHARMA AG,31720
OREXO AB,54123
YUNNAN UNIVERSITY,61658
Chang Gung University of Science and Technology,43337
"NANJING CHUANGTE PHARMACEUTICAL TECHNOLOGY CO., LTD",87125
"Life Biosciences, Inc.",84890
"WUHAN MORE BIOTECHNOLOGY CO., LTD.",72845
"National Institutes of Health, a component of the US Dept. of Health & Human Services",82076
"THE REGENTS OF THE UNIVERSITY OF CALIFORNIA, A CALIFORNIA CORPORATION",76326
JW HOLDINGS CORPORATION,58048
"LABORATORIOS SALVAT, S.A.",72483
UAS Laboratories LLC,70188
FOREST LABORATORIES HOLDINGS LIMITED,81609
"NATIONAL INSTITUTES OF HEALTH (NCH), U.S. DEPT. OF HEALTH AND HUMAN SERVICES (DHHS), U.S. GOVERNMENT NIH DIVISION OF EXTRAMURAL INVENTIONS AND TECHNOLOGY RESOURCES (DEITR)",82076
"NORTHERN THERAPEUTICS, INC.",82716
"NATURAL RESPONSE, S.A.",84181
"JAPAN BIO PRODUCTS Co., Ltd.",87130
"HANGZHOU SOLIPHARMA CO., LTD.",72823
"GUANGZHOU WELMAN NEW DRUG R & DCO., LTD.",84148
"NANJING KANGFUSHUN PHARMACEUTICAL CO., LTD.",87125
The Penn State University Research Foundation,69125
"UNIVERSITY INDUSTRY FOUNDATION, YONSEI UNIVERSITY",60215
"AD Pharmaceutical Co., Inc.",62211
GLOBAL HEALTH SOLUTIONS LLC,59448
"DONGGUAN ANHAO PHARMACEUTICAL CO., LTD.",85062
Elevate Technologies LLC,57511
GIL MEDICAL CENTER,62137
"Adaptive Biologix, Inc.",72779
YVES SAINT LAURENT PARFUMS,63505
University of Louisiana at Lafayette,60215
UNIVERSITY OF ALASKA ANCHORAGE,60215
FLORIDA SHOUTHWESTERN STATE COLLEGE,73060
SHANGHAI MIRACOGEN INC.,73557
NAL PHARMACEUTICAL GROUP LIMITED,62211
BioLineRx Ltd.,82737
BRACCO IMAGING S.P.A.,00270
Bayer AS,00026
"Deep Science, LLC",84867
UNIVERSITY OF GUELPH,60215
"ANP Technologies, Inc.",80324
The United States Government as Represented by the Department of Veterans Affairs of General Counsel- PSG IV (024),58733
"Eiger Group International, Inc.",73079
"HR BIOMED, LLC",69250
GNT BIOTECH & MEDICALS CORPORATION,81309
JUBILANT BIOSYS LIMITED,59746
(NATIONAL UNIVERSITY CORPORATION) NIIGATA UNIVERSITY :,82076
"BETA CELL TECHNOLOGIES, PTY LTD",67224
"HEALTH BIO MAD CO., LTD.",84992
S.S.P. INC.,31720
"PHOENIX TISSUE REPAIR, INC.",60913
"Avadel Legacy Pharmaceuticals, LLC",13551
"NANJING SHUPENG LIFE SCIENCE CO., LTD.",87125
"Shenzhen Bo Li Jian Medicine Co., Ltd.",84449
"Janssen Oncology, Inc.",50458
"SHANGHAI UNICAR-THERAPY BIO-MEDICINE TECHNOLOGY CO., LTD",73557
The University of North Carolina at Pembroke,60215
"SL Technology, Inc.",73927
BBS—Bioactive Bone Substitutes OYJ,43857
Tianjin University of Science and Technology,33217
Lead Discovery Center GmbH,62168
RECORDATI AG,52276
AMD THERAPEUTICS LLC,79952
"JIANGSU QIANZHIKANG BIOLOGICAL MEDICINE SCIENCE AND TECHNOLOGY CO., LTD",77573
"GUANGZHOU RIBOBIO CO., LTD.",84148
GREEN CROSS WELLBEING CORPORATION,61152
"Olive Therapeutics, LLC",81540
"HANGZHOU REX PHARMACEUTICAL CO., LTD.",72823
"HANGZHOU HERTZ PHARMACEUTICAL CO., LTD.",72823
"PEARL THERAPEUTICS, INC.",69933
University of Heidelberg,60215
GUANGZHOU JTREAT BIOSCI. LTD.,84148
UNIVERSITY OF RIJEKA FACULTY OF MEDICINE,60215
THE LUNDQUIST INSTITUTE FOR BIOMEDICAL INNOVATION AT HARBOR-UCLA MEDICAL CENTER,85625
WUHAN UNIVERSITY,72845
"K-Gen, Inc.",87034
KOREA INSTITUTE OF RADIOLOGICAL & MEDICAL SCIENCES,73391
"Beijing Konruns Pharmaceutical Co., Ltd.",71073
UNITED STATES OF AMERICA AS REPRESENTED BY THE ADMINISTRATOR OF NASA,58733
Northeast Normal University,80136
Procare Beheer B.V.,64091
GUANGDONG PROVINCIAL HOSPITAL OF CHINESE MEDICINE,85279
"Shenzhen Profound-View Pharma Tech Co., Ltd",84449
IMV TECHNOLOGIES,80324
GUY'S AND ST. THOMAS' HOSPITAL NHS FOUNDATION TRUST,85118
Cambridge Enterprise Limited University of Cambridge,52422
JN Therapeutics,79952
"BEIJING SNOWLE BIO-TECH CO., LTD.",71073
"TCL BIOPHARMACEUTICALS, INC.",82950
"MEDICAL RESEARCH & DEVELOPMENT FUND FOR HEALTH SERVICES, BNAI-ZION MEDICAL CENTER",62137
"Tianjin Institute of Industrial Biotechnology, Chinese Academy of Sciences",33217
"HIGH SIERRA TECHNOLOGIES, INC.",72753
"R-PHARM JOINT STOCK COMPANY (R-PHARM, JSC)",77039
"TLL Pharmaceutical, LLC",62211
Sentry Therapeutics Limited,87133
China Ocean Mineral Resources R&D Association,76305
"LIB Therapeutics, LLC",79952
IX Biopharma Ltd.,61476
THE FIRST AFFILIATTED HOSPITAL OF GUANGZHOU MEDICAL UNIVERSITY,53117
UNIVERSITY OF NORTH TEXAS,60215
"BIOACTIVE REGENERATIVE THERAPEUTICS, INC.",43857
PARI Pharma GmbH,24492
LIMITED “MOLECULAR TECHNOLOGIES”,69662
Institute for Basic Science,55330
TAKEDA GMBH,00944
Seattle Children's Research Institute,72740
IAF SCIENCE HOLDINGS LTD.,84804
"Specialty Drug and Device, LLC",84228
"INSTITUTE FOR CLINICAL PHARMACODYNAMICS, INC.",55330
PACIFIC NORTHWEST RESEARCH INSTITUTE,60758
Swedish StromaBio AB,66658
The Regents of the University of California Santa,76326
The United States of America Department of Health,58733
"Sumitomo Dainippon Pharma Oncology, Inc.",63402
"Je II Pharmaceutical Co., Ltd.",62211
"SHANGHAI METON PHARMACEUTICAL CO., LTD",73557
"Beijing Wantai Biological Pharmacy Enterprise Co., Ltd.",71073
"WORLD PHARMACEUTICAL TECHNOLOGY, LLC",73442
TEXAS WOMAN'S UNIVERSITY,85811
UNIVERSITY OF WYOMING,60215
"PURE CULTURES 2020, INC.",71355
"EKR Therapeutics, LLC",79952
FLORIDA ATLANTIC UNIVERSITY BOARD OF TRUSTEES,73060
HIGH FORCE RESEARCH LIMITED,72753
"Synchronicity Pharma, Inc.",69949
TAIZHOU HUAYUAN MEDICINAL TECH CO. LTD.,71310
"LINK GENOMICS, INC.",66908
Q3 MEDICAL DEVICES LIMITED,62137
"Derma Sciences, Inc.",72839
University of North Texas Health Science Center at Fort Worth,60215
LABORATOIRE DE LA MER,63388
"Leading BioSciences, Inc.",69315
"REYOUNG (SUZHOU) BIOLOGY SCIENCE & TECHNOLOGY CO., LTD",82647
CCS VENTURES LIMITED,68678
"NTD Labs, S.L.",54288
SHANDONG ZHONGHAI PHARMACEUTICAL CO. LTD,82061
"SHANDONG LUOXIN PHARMACEUTICAL GROUP STOCK CO., LTD.",82061
"Hangzhou Sumgen Biotechnology Co., Ltd",72823
ADVANCED CELL TECHNOLOGY AND ENGINEERING LTD.,69488
European Molecular Biology Laboratory,85746
Zin Research LLC,52654
"Coral Bay II, LLC",73691
"JFE MINERAL COMPANY, LTD.",55789
"BEIJING FULLCAN BIOTECHNOLOGY CO., LTD.",71073
National University Corporation Shimane University,82076
BANNER HEALTH,69919
Texas State University,85811
Roche Glyeart AG,00140
LABORATORIOS BAGÓ S.A.,72483
"BIOMEDICAL ANALYSIS CENTER, ACADEMY OF MILITARY MEDICAL SCIENCES",24562
TOLMAR INTERNATIONAL LIMITED,62935
Jiangsu Academy of Agricultural Sciences,77573
"KOREA HYDRO & NUCLEAR POWER CO., LTD.",73391
THE NATIONAL INSTITUTE FOR BIOTECHNOLGY IN THE NEGEV LTD.,82076
NS TECHNOLOGIES PTY LTD,80324
"HANGZHOU ZHENGXIANG PHARMACEUTICALS CO., LTD.",72823
UNIVERSITY OF PITTSBURGH,60215
"SC LABORATORIES, INC.",70188
Alternative Extracts Inc.,53163
"CHENGDU HIGHBRED PHARMACEUTICAL CO., LTD.",82432
"BEIJING HUIZHIHENG BIOTECHNOLOGY CO., LTD.",71073
"PCR TECHNOLOGY HOLDINGS, LC",73927
"Zhejiang Medicine Co., Ltd.",70412
"Institute of Hematology and Blood Diseases Hospital, CAMS & PUMC",55330
King's College Hospital NHS Foundation Trust,57955
"A1 Therapeutics, Inc.",79952
ONK THERAPEUTICS LIMITED,79952
"Ade Therapeutics, Inc.",79952
"Shanghai Bioenergy Medicine Science & Technology Co., Ltd.",73557
BETA INNOV,67224
"CHINA NATIONAL RESEARCH INSTITUTE OF FOOD & FERMENTATION INDUSTRIES CO., LTD.",76305
Select ION Therapeutics GMBH,85237
DRUG DELIVERY SOLUTIONS APS,70985
Research Institute of Physical Chemical Problems of the Belarulsna State University,52654
NATIONAL CHENG KUNG UNIVERSITY HOSPITAL,82076
THE RESEARCH FOUNDATION FOR STATE UNIVERSITY OF NEWYORK,52654
"JIANGSU ALPHAMAB BIOPHARMACEUTICALS CO., LTD.",77573
API LABS INC.,54288
"Exact Sciences Development Company, LLC",42808
RECORDATI INDUSTRIA CHIMICA E FARMACEUTICA SPA,52276
Washington University in St. Louis,68428
"BEIJING HANDIAN PHARMACEUTICAL CO., LTD.",71073
NANJING FORESTRY UNIVERSITY,87125
INSTITUTE FOR ADVANCED STUDY,55330
"Shanghai Clear Fluid Biomedical Science Co., Ltd.",73557
ZHEJIANG DOER BIOLOGICS CORPORATION,70412
"UNIVERSITY INDUSTRY FOUNDATION, YONSEI UNIVERSITY WONJU CAMPUS",60215
National University Corporation Tokai National Higher Education and Research System,82076
KOREA NATIONAL UNIVERSITY OF TRANSPORTATION INDUSTRY—ACADEMIC COOPERATION FOUNDATION,73391
"Hangzhou Huamai Medical Devices Co., Ltd.",72823
South Product Ltd.,51400
"Beijing Gingko-Group Biological Technology Co., Ltd.",71073
UNIVERSITY OF WOLVERHAMPTON,60215
"Natural Alternatives International, Inc.",84181
China Agricultural University,76305
"Shanghai Public Health Clinical Center, Fudan University",73557
Alpha Therapy Solutions AB,69335
BRYANT UNIVERSITY,63629
AbbVie Overseas S.à.r.l.,00032
BLACK BELT TX LTD,84204
"SHANGHAI INSTITUTE OF MATERIA MEDICA, CHINESE ACAD",73557
"ZHEJIANG JIANFENG-YIEN BIOTECHNOLOGY CO., LTD.",70412
NATIONAL UNIVERSITY CORPORATION,82076
THE NATIONAL INSTITUTE FOR BIOTECHNOLOGY IN THE NEGEV LTD. BEN-GURION UNIVERSITY OF THE NEGEV,82076
"The United States of America, as represented by the Secretary, Department of Health and Human Serv.",58733
TDC Technology Dedicated to Care srl,73927
"G&S Laboratories, Inc.",70188
Athenex HK Innovative Limited,70860
The United States as Represented by the Department of Veterans Affairs,58733
"Aloe Bioscience, LLC",61477
ASCENDIS PHARMA GROWTH DISORDERS A/S,73362
ADS Therapeutics LLC,79952
"SD Chem, Inc.",63830
"Phoenix Pharmaceuticals, Inc.",60913
TEXAS INSTRUMENTS INCORPORATED,85811
Vida Pharma Limited,85381
SANTEN SAS,65086
QILU REGOR THERAPEUTICS INC.,51810
"Nanjing Leads Biolabs Co., Ltd.",87125
"GPB Scientific, LLC",69113
Oxford BioDynamics PLC,69584
HENKEL IP & HOLDING GMBH,54340
"EVEREST PHARM. INDUSTRIAL CO., LTD.",83098
"NAN Global, LLC",59448
NATIONAL SUN YAT-SEN UNIVERSITY,82076
New York Medical College,82355
"GUANGXI JIUFU BIOTECHNOLOGY CO., LTD",59321
INDIAN COUNCIL OF MEDICAL RESEARCH,60980
XIAMEN KINGDOMWAY GROUP COMPANY,83698
"Xiamen Kingdomway Biotech. Co., Ltd.",83698
Professional Dietetics International S.R.L.,10819
EDWARD VIA VIRGINIA COLLEGE OF OSTEOPATHIC MEDICINE,66910
JIANGSU PROVINCE INSTITUTE OF TRADITIONAL CHINESE MEDICINE,77573
"THE STATE OF ISRAEL, MINISTRY OF AGRICULTURE & RURAL DEVELOPMENT, AGRICULTURAL RESEARCH ORGANIZATION",62481
"Taizhou Hanzhong Biopharmaceutics, Inc.",71310
American University of Sharjah,58701
"American Silver, LLC",58701
"THE UNITED STATES OF AMERICA, represented by the Secretary, Department of Health and Human Services",58733
MEDICAL UNIVERISITY OF VIENNA,62137
The Trustees of Columbia University in they City of New York,40098
University of Massachusetts Medical School,60215
THE UNIVERSITY COURT OF THE UNIVERSITY OF ABERDEEN REGENT WALK,60215
United States Government as represented by the Secretary of the Army,58733
"NANJING ANJI BIOLOGICAL TECHNOLOGY CO., LTD.",87125
UNIVERSITY OF ST. THOMAS,60215
5D Health Protection Group Ltd.,84992
First Tech International Limited,53117
FOUNDATION IMAGING,85739
"Shanghai Huilin Life Scinece & Technology Co., Ltd.",73557
"NUTRITIONAL THERAPEUTICS, INC.",83027
"PROCARE HEALTH IBERIA, S.L.",64091
University of Pittsburgh—Of the Commonwealth System,60215
ALK-ABELLO A/S,00268
The South African Nuclear Energy Corporation Limited,51400
Human BioMolecular Research Institute,71356
P&X Medical NV,62137
Chengdu Baiyu Ginkgolide Pharmaceuticals Co. Ltd.,82432
LABORATOIRES THEA,62169
JAMES COOK UNIVERSITY,46414
"SHIJIAZHUANG YILING PHARMACEUTICAL CO., LTD.",84664
Maine Medical Center Research Institute,51887
"TYK Medicines, Inc.",71705
"Alpine Immune Sciences, Inc.",72692
"Institute of Animal Science and Veterinary Medicine, Shandong Academy of Agricultural Sciences",55330
"PARTICLE SCIENCES, INC.",84426
"ACADEMY OF MILITARY MEDICAL SCIENCES, AMS, PLA",59054
"CHENGDU AULI ECOLOGICAL TECHNOLOGY DEVELOPMENT CO., LTD.",82432
"JIANGSU HYAMAB PHARMACEUTICAL CO., LTD.",77573
"IP Quality Holdings, LLC",63978
"The Agricultural Gas Company, Inc.",83933
"Hangzhou Singclean Medical Products Co., Ltd",72823
Texas Christian University,85811
Chongqing Zhengbo Biotechnology Co. Ltd.,85751
"KNC LABORATORIES CO., LTD.",70188
Huanggang Normal University,85426
ALLIANCE OF CARDIOVASCULAR RESEARCHERS,72238
Creative Bio Therapeutics LLC,82660
University of Belgrade—Faculty of Pharmacy,60215
712 North Inc.,42887
"Institute of Zoology, Slovak Academy of Sciences",55330
SANOFI BIOTECHNOLOGY SAS,00024
"UNIVERSITY OF RUEKA FACULTY OF MEDICINE RIJEKA, CROATIA",60215
P2 Science Inc.,84804
LABORATOIRES MAJOR,62169
Jiangsu Jibeier Pharmaceutical Co. Ltd.,77573
"NANJING CAREPHAR SHENGHUI PHARMACEUTICAL CO., LTD.",87125
"JIANGSU CAREPHAR PHARMACEUTICAL CO., LTD.",77573
PS Therapy Inc.,71061
BEIJING RUIQIANJING SCIENCE AND TECHNOLOGY DEVELOPMENT CO. LTD.,71073
"LIFE WELL LIVED, LLC",84890
"GUANGZHOU HENOVCOM BIOSCIENCE CO., LTD.",84148
"HENAN GENUINE BIOTECH CO., LTD.",85244
Saint Leo University,72784
BAKER IDI HEART AND DIABETES INSTITUT HOLDINGS LTD.,76102
Sichuan Baili Pharmaceutical Co. Ltd.,87215
"Lily Sun Innova Pharma, LLC",85329
Vor Biopharma Inc.,61476
"KLZ HOLDINGS, LLC",58048
Healthy Bees LLC.,83363
Sanford Research,57993
NANJING MEDICAL UNIVERSITY,87125
BEIJING UNION PHARMACEUTICAL FACTORY,71073
"Cue Biopharma, Inc.",61476
"Kobayashi Pharmaceutical Co., Ltd.",52389
"Hebei Medfaith Pharmaceutical Technology Co., Ltd.",77678
NATIONAL CENTER FOR GLOBAL HEALTH AND MEDICINE,82076
"AESTHETICS BIOMEDICAL, INC.",85672
Boston Biotechnology US CORP,72628
San Diego State University (SDSU) Foundation,85217
L.E.A.F. HOLDINGS GROUP LLC,58048
NSW Health Pathology,84992
AMGEN BRITISH COLUMBIA INC.,55513
WASHINGTON UNIVERSITY IN SAINT LOUIS,68428
"Jiangsu NewValue Medical Products Co., Ltd.",77573
The University of Alabama at Birmingham Research Foundation,60215
"UP THERAPEUTICS, INC.",79952
ANHUI UNIVERSITY,72030
"ROCHE NIMBLEGEN, INC.",00140
PEP-THERAPY,71061
University of Central Lancashire,60215
The University of Trinidad and Tobago,60215
Advanced BioNutrition Corp.,69488
Chang Gung Medical Foundation Keelung Chang Gung Memorial Hospital,43337
NATIONAL UNIVERSITY HOSPITAL,82076
"THE UNITED STATES OF AMERICA, REPRESENTED BY THE SECRETARY OF AGRICULTURE",58733
"NATIONAL INSTITUTES OF HEALTH, UNITED STATES DEPT. OF HEALTH AND HUMAN SERVICES",82076
"Taizhou EOC Pharma Co., Ltd.",71310
The University of New Brunswick,60215
QUANTUM GENOMICS,70084
"TSI Group Co., Ltd.",49687
SHANGHAI XIN HAO BIOLOGICAL TECHNOLOGY COMPANY,73557
E-Therapeutics PLC,79952
Global Bioprotect IP Pty Ltd,59448
The United States Government represented by the Department of Veterans Affairs,58733
INSTITUTE OF MICROCIRCULATION (OF THE CHINESE ACADEMY OF MEDICAL SCIENCES & PEKING UNION MEDICAL COLLEGE),55330
"CSL Behring Gene Therapy, Inc.",00053
NANJING PAILEXING PHARMACEUTICAL TECHNOLOGY LTD.,87125
"ECM DIAGNOSTICS, INC.",50914
"BEIJING ZHENDONG GUANGMING PHARMACEUTICAL RESEARCH INSTITUTE CO., LTD.",71073
SRM INSTITUTE OF SCIENCE AND TECHNOLOGY,55330
"FORTE SUBSIDIARY, INC.",72245
Health Pharma S.p.A.,84992
"The United States of America, as represented by the Secretary, Department of Health and Human",58733
"SHANGHAI YUNYI HEALTHCARE AND TECHNOLOGY CO., LTD.",73557
"Sun-Bio Medical Device Co., Ltd.",62137
ANUBIS BIO CORPORATION,83021
Sanford Burnham Prebys Medical Discovery Institute at Lake Nona,57993
Clarity Pharmaceuticals Ltd,85629
"Anhui New Star Pharmaceutical Development Co., Ltd",72030
"BR PHARM CO., LTD.",77039
"BEIJING BIOSTAR TECHNOLOGIES, LTD.",71073
"Chengdu Biostar Pharmaceuticals, LTD.",82432
"Foundation Medicine, Inc.",85739
"HANGZHOU CONVERD CO., LTD.",72823
VU UNIVERSITY MEDICAL CENTER,60215
"THE EUROPEAN ATOMIC ENERGY COMMUNITY (EURATOM), REPRESENTED BY THE EUROPEAN COMMISSION",85746
"Merck MSD (R&D) China Co., LTD.",00006
"SHENZHEN PREPHARM BIOMEDICAL TECH CO., LTD.",84449
"SHANGHAI ZHANGJIANG BIOTECHNOLOGY CO., LTD.",73557
WuXi Biologics Ireland Limited,65050
"WUXI Biologics (Shanghai) Co., Ltd.",65050
SDF BIOPHARMA INC.,61476
University of Torino,60215
Providence Health & Services,60379
Quest Medical Imaging B.V.,17433
ALI RESEARCH SRLS,52654
CHAIN Biotechnology Limited,68016
EXCELSIOR PHARMATECH LABS.,87212
SICHUAN ACADEMY OF CHINESE MEDICINE SCIENCES,87215
"Beijing Minhai Biotechnology Co., Ltd.",71073
"Jiangsu Mabwell Health Pharmaceutical R&D Co., Ltd.",77573
LIFE-GARDEN BIOTECH,84890
University of Tokushima,60215
"HARROW IP, LLC",82667
Mitsubishi Tanabe Pharmaceutical Company,70510
LIFE SCIENCE INSTITUTE INC.,84890
"THE STATE OF ISRAEL, MINISTRY OF AGRICULTURE & RURAL DEVELOPMENT, AGRICULTURAL RESEARCH ORGANIATION (ARO), (VOLCANI CENTER)",62481
"Foshan Standard Bio-Tech Co., Ltd.",69159
NOVEL PHARMA INC.,40032
TRT Innovations APS,87187
LIMITED LIABILITY COMPANY “NEARMEDIC PLUS”,69662
"Nanjing Ruijie Pharmatech Co., Ltd.",87125
"CDA RESEARCH GROUP, INC.",52654
"VCN BIOSCIENCES, S.L.",83100
MADISON VACCINES INC.,55614
UEA ENTERPRISES LIMITED,83741
"The Johns Hopkins University and Lieber Institute, Inc.",40089
KING FAISAL UNIVERSITY,57955
"Wuhan Institute of Virology, Chinese Academy of Sciences",72845
Z5 Global Group Limited,59448
"GUANGZHOU XIANGXUE PHARMACEUTICAL CO., LTD.",84148
Summit Innovation Labs LLC,43674
University of Alcala de Henares,60215
"South Rampart Pharma, LLC",51400
"YOUTH BIO GLOBAL CO., LTD.",81201
FBM INDUSTRIA FARMACÊUTICA LTDA.,84663
"SHANGHAI KECHOW PHARMA, INC",73557
PRG S&TECH INC.,77595
NSC Therapeutics GmbH,79952
"Institute of Chinese Materia Medica, China Academy of Chinese Medical Sciences",55330
PF CONSUMER HEALTHCARE 1 LLC,11344
SARAH HERZOG MEMORIAL HOSPITAL EZRAT NASHIM ASSOCIATION,83936
NIPPON INSTITUTE FOR BIOLOGICAL SCIENCE,24509
"SHANGHAI AOBO PHARMTECH, INC., LTD.",73557
Memorial Sloan Kettering Cancer Center; The Rockefeller,42007
"University; Rutgers, The State University of New Jersey",60215
"Lepu Biopharma Co., Ltd.",82137
GENERAL INCORPORATED ASSOCIATION PHARMA VALLEY PROJECT SUPPORTING ORGANIZATION,21220
"Martin Pharmaceuticals, Inc.",84999
UNIVERSITY OF CALIFORNIA DAVIS,60215
"INSTITUTE OF MOLECULAR GENETICS AS CR, V.V.I.",55330
GENERAL HOSPITAL OF CHINESE PLA NORTHERN THEATER COMMAND,21220
KIND PHARMACEUTICAL,82976
THE ROYAL INSTITUTION FOR THE ADVANCEMENT OF LEARN,68791
"SHANGHAI INSTITUTE OF BIOLOGICAL PRODUCTS CO., LTD.",73557
THE HEALTHY GRAIN PTY LIMITED,83363
"SHANGHAI JUKU COSMETIC CO., LTD.",73557
"CHENGDU JOY YOUNG BIOTECHNOLOGY CO., LTD.",82432
University of Delhi,60215
Adaptive Biotechnologies Corporation,72779
"Nanjing IASO Biotherapeutics Co., Ltd.",87125
"Mission Salt, Inc.",65954
"Codex DNA, Inc.",83196
National Science and Technology Development Agency (NSTDA),82076
"GUANGDONG LONGFU MEDICINE CO., LTD.",85279
XI'AN BIOCARE PHARMA LTD.,85522
Northeast Ohio Medical University,80136
"SHANGHAI HENLIUS BIOTECH, INC.",73557
"CHANGZHOU BOJIA BIOTECHNOLOGY CO., LTD",59050
United Science R&D Center,58733
"Xiamen Nuokangde Biological Technology Co., Ltd.",83698
"ORYZA OIL & FAT CHEMICAL CO., LTD.",72516
AM SCIENCES INC,82026
Nutritional Growth Solutions LTD,83027
SICHUAN AGRICULTURAL UNIVERSITY,87215
"SHANGHAI QINGDONG BIOTECHNOLOGY CO., LTD",73557
"Black Diamond Therapeutics, Inc.",84204
The Trustees of Indiana University,40098
"NIPPON FINE CHEMICAL CO., LTD.",24509
"Novartis Vaccines and Diagnostics, Inc.",00078
Wuhan Neurophth Biological Technology Limited Company,72845
"SAMSON PHARMA, LLC",66288
"DY NATURAL CO., LTD",84181
"TIANJIN HONGRI JIAN DA KANG MEDICAL TECHNOLOGY CO., LTD",33217
"BEIJING TONGREN HOSPITAL, CAPITAL MEDICAL UNIVERSITY",71073
NATIONAL INSTITUTES OF HEALTH (NIH),82076
"S & K Biopharma, Inc.",61476
EXELA STERILE MEDICINES LLC,51754
"SHANGHAI INST. OF MATERIA MEDICA, CHINESE ACADEMY OF SCIENCES",73557
NINGBO ZIYUAN PHARMACEUTICALS INC.,47993
AB7 INNOVATION S.A.S.U.,72104
"Shanghai Zheye Biotechnology Co., Ltd.",73557
"HEBEI GRANDIOS PHARMA CO, LTD.",77678
DONG-A UNIVERSITY RESEARCH FOUNDATION FOR INDUSTRY-ACADEMY COOPERATION,73242
PRESTIGE BIOPHARMA PTE. LTD.,52183
Jazz Pharmaceuticals II SAS,68727
Covis Pharma GmbH,70515
Biogen Swiss Manufacturing GmbH,59627
"Beijing Tiantan Hospital, Capital Medical University",71073
"Jiangxi Bonzymes Biotechnology Co., Ltd.",83778
King Saud bin Abdulaziz University for Health Sciences,57955
National Guard Health Affairs,82076
King Abdullah International Medical Research Center,57955
The United States Government as Represented by the Department of Veterans Affair,58733
"JIANGSU PACIFIC MEINUOKE BIO-PHARMACEUTICAL CO., LTD.",77573
"Applied Biology, Inc.",81425
"BEIJING WEILANZHIYUAN MEDICAL TECHNOLOGY CO., LTD.",71073
"MSM Innovations, Inc.",87187
Institute of Organic Chemistry & Biochemistry,55330
TECHNOLOGY INNOVATION MOMENTUM FUND (ISRAEL) LIMITED PARTNERSHIP,73927
AV Laboratories LLC,70188
TECHNICAL UNIVERSITY OF DENMARK,77908
ÉCOLE PRATIQUE DES HAUTES ÉTUDES,53952
Hunan Zhongkewentai Bio-tech co. Ltd,84273
PLS-Design GmbH,76892
Advanced Innovation Development Co. Ltd.,69488
"Shenzhen Enduring Biotech, Ltd.",84449
"AS America, Inc.",78870
"Shenzhen Haiban Pharmaceutical Co., Ltd.",84449
ARGENX IIP BV,73475
Shanghai Tongji Hospital,73557
Natura Cosméticos S.A.,63730
Development Center of Biotechnology,72908
"TRILOGY THERAPEUTICS, INC.",69487
"Scientific Holdigs, LLC",69113
Oxford Drug Design Limited,69584
"PTC Therapeutics MP, Inc.",79952
"BEIJING HANMI PHARM. CO., LTD.",71073
The University of Hull,60215
"Per Os Biosciences, LLC",83100
Aurobindo Pharma Ltd,59651
RARE PARTNERS SRL,76336
American University of Beirut,58701
Shandong University of Technology,82061
SHANGHAI CHANGZHENG HOSPITAL,73557
PROVEPHARM LIFE SOLUTIONS S.A.,81284
"NANJING HAIRUN PHARMACEUTICAL CO., LTD.",87125
"KSQ Therapeutics, Inc.",79952
Amryt Research Limited,76431
AbbVie Biotechnology Ltd.,00032
Advanced Accelerator Applications International SA,69488
ABK BIOMEDICAL INCORPORATED,24562
The Reliable Automatic Sprinkler Co. Inc.,69618
Hudson Institute of Medical Research,72446
"WUHAN KANGFUDE BIOTECHNOLOGY CO., LTD.",72845
NANJING KAEDI BIOTHERAPEUTICS LTD.,87125
SVK Herbal Corporation,71917
"Applied Biotechnology Institute, Inc.",81425
FOSHAN INTELGEN PHARMACEUTICAL CO. LTD.,69159
CHONGQING PUDI BIO-PHARMACEUTICAL CO. LTD,85751
"Oasis Pharmaceuticals, LLC",42126
"CAN TECHNOLOGIES, INC.",80324
UNIVERSITY OF OULU,60215
Life Matters Ltd.,84890
"SUMITOMO SEIKA CHEMICALS CO., LTD.",63402
ULM UNIVERSITY,60215
Precision Lifesciences Group LLC,68094
"The United States of America, as represented by the Secretary, Department of Health and Human Sciences",58733
"CLARK ATLANTA UNIVERSITY, INC.",81551
VITA ICE THERAPEUTICS LLC,84834
JAPAN as represented by DIRECTOR GENERAL of National Institute of Infectious Diseases,87130
"Chengdu Anticancer Bioscience, Ltd.",82432
"HUB Biotech Co., Ltd.",81309
"NUTRITION & BIOSCIENCES USA 4, INC.",82198
RECKITT & COLMAN (OVERSEAS) HEALTH LIMITED,52031
KSL BIOMEDICAL INC.,24562
UNIVERSITY OF NORTH TEXAS HEALTH SCIENCE CENTER,60215
South China Normal University,51400
"BEIJING SCITOP BIO-TECH CO., LTD.",71073
ZHEJIANG ACADEMY OF TRADITIONAL CHINESE MEDICINE,70412
University of North Florida Board of Trustees,60215
"GOLDEN HEALTH (GUANGDONG) BIOTECHNOLOGY CO., LTD.",87037
Solis BioDyne OÜ,85185
"Troy Group, Inc.",63936
Endo Ventures Limited,00254
NATIONAL UNIVERSITY CORPORATION NARA INSTITUTE OF SCIENCE AND TECHNOLOGY,82076
Zhejiang Chinese Medical University,70412
Jiangsu Traditional Chinese Medicine Research Institute,77573
NFL Biosciences,83100
"IPC Research, LLC",52654
UNIVERSITY OF MEMPHIS,60215
QILU PUGET SOUND BIOTHERAPEUTICS CORPORATION,51810
"DIVERSIFIED DISTRIBUTION GROUP, LLC",64319
Mallinckrodt Pharmaceuticals Ireland Limited,63004
WORLDWIDE INNOVATIVE NETWORK,70947
"Pharmaceutical Productions, Inc.",62211
THE UNITED STATES GOVERNMENT AS REPRESENTED BY THE DEPARTMENT OF VETERRANS AFFAIRS OFFICE OF THE GENERAL COUNSEL,58733
"Elysium Health, Inc.",87033
Ri.MED Foundation,85739
VNV NEWCO INC.,83387
BEIJING JOEKAI BIOTECH. LLC,71073
BAYER PHARMA AKTIEGELLSCHAFT,00026
University of Tartu,60215
"MBF Therapeutics, Inc.",79952
"Japan Medical Device Technology Co., Ltd.",87130
"QH HOLDINGS (OREGON), INC.",58048
LABORATOIRE DE RHUMATOLOGIE APPLIQUEE,63388
"Just-Evotec Biologics, Inc.",73647
"The Regents of the University of California, A California Corporation et al.",76326
Johnson Matthey Public Limited Company,84539
SOUTHEAST UNIVERSITY,83862
"SHANGHAI PHARMAEXPLORER CO., LTD.",73557
"E&S HEALTHCARE CO., LTD.",71093
UNIVERSITY OF MYSORE,60215
NATIONAL YANG MING CHIAO TUNG UNIVERSITY,82076
DERMA CENTRIC INC.,72839
GUANGZHOU HYBRIBIO MEDICINE TECHNOLOGY LTD.,84148
GUANGZHOU HYBRIBIO BIOTECH LTD.,84148
Oystershell NV,82392
SALT AND LIGHT PHARMACEUTICALS PTY. LTD.,71585
Topical Innovations B.V.,61500
FTF PHARMA PRIVATE LIMITED,85816
Plant Bioscience Limited,84009
TCM BIOTECH INTERNATIONL CORP.,81309
"Hangzhou Wisdom Panacea Biologics Co., Ltd.",72823
"Advantage Therapeutics, Inc.",71912
"Shanghai Yao Yuan Biotechnology Co., Ltd.",73557
"Guangzhou Ocusun Ophthalmic Biotechnology Co., Ltd.",84148
"The United States of America, As Represented By",58733
"INSTITUTE OF TRANSFUSION MEDICINE, ACADEMY OF MILITARY MEDICAL SCIENCES, PEOPLE'S LIBRATION ARMY OF CHINA",55330
Amneal Complex Products Research LLC,60846
"Hangzhou Zeo-Innov Life Technology Co., Ltd",72823
"General Oncology, Inc.",21220
CK Biotech Inc.,81309
TEMPLE UNIVERSITY,71018
JIANGSU UNIVERSITY,77573
"INTEGRATED RESEARCH ASSOCIATES, LLC",73141
CHINA RESOURCES PHARMACEUTICAL HOLDINGS COMPANY LIMITED,76305
"SHANGHAI MEIZER PHARMACEUTICALS CO., LTD.",73557
"BEIJING TIDE PHARMACEUTICAL CO., LTD.",71073
Institute of Organic Chemistry POS,55330
WEST INVEST SA,65008
KBR Incorporated,63433
Dalian Minzu University,50685
Research Foundation for the State University of New York York,52654
"GUANGXI HEBABIZ PHARMACEUTICAL TECHNOLOGY CO., LTD.",59321
NATIONAL UNIVERSITY CORPORATION TOKYO UNIVERSITY OF MARINE SCIENCE AND TECHNOLOGY,82076
Limited Liability Company “Cancernet”,69662
Olivia Newton-John Cancer Research Institute,73739
CHONGQING PHARMACEUTICAL INDUSTRIAL RESEARCH INSTITUTE CO. LTD.,85751
XIANGTAN TENGHUA BIOSCIENCE,85733
"Qingdao Primedicine Pharmaceutical Company, Ltd.",70247
NATIONAL UNIVERSITY CORPORATION HAMAMATSU UNIVERSITY SCHOOL OF MEDICINE,82076
Fresenius Vial SAS,18124
"SHANGHAI LONGWOOD BIOPHARMACEUTICALS CO., LTD.",73557
The University of Texas System,60215
Wuxi Kingenew Biotechnology Limited Company,65050
Beijing Gefucure Biotechnology Limited Company,71073
"GUANGZHOU HWASUEN HEALTH INDUSTRY CO., LTD",84148
BH Biotech Pty Ltd,81309
"JE & NA BIOTECH. CO., LTD.",81309
"Advanced Neuroregenerative Therapies, LLC.",69488
MUSÉUM NATIONAL D'HISTOIRE NATURELLE,82076
ARI HEALTHCARE PVT. LTD.,71093
NOVUM SPERO LTD,69574
"SHANGHAI ZAIQI BIO-TECH CO., LTD.",73557
"Applied Molecular Evolution, Inc.",81425
"UBI US Holdings, LLC",58048
The Arizona Board of Regents for and on Behalf of Arizona State University,61973
LABORATORIOS SILANES S.A. DE C.V.,72483
"Jiangsu Yahong Meditech Co., Ltd.",77573
Bayer Consumer Care AG,00026
"FUTURE MEDICINE CO., LTD.",85678
CALIFORNIA PACIFIC MEDICAL CENTER,68403
The Research Foundation For Microbial Diseases of Osaka University,52654
LION TCR PTE. LTD.,83605
"Shanghai Acebright Pharmaceuticals Group Co., Ltd.",73557
"EYE CARE INTERNATIONAL, LLC",20394
NUTRITION SCIENCE PARTNERS LIMITED,82198
GUANGZHOU INSTITUTE OF BIOMEDICINE AND HEALTH,84148
NATIONAL CANCER CENTER JAPAN,82076
LIMITED LIABILITY COMPANY “VITACEL”,69662
"National Technology & Engineering Solutions of Sandia, LLC",82076
"NEW YORK SOCIETY FOR THE RELIEF OF THE RUPTURED AND CRIPPLED, MAINTAINING THE HOSPITAL FOR SPECIAL SURGERY",82355
On Target Therapeutics LLC,81052
"SHENZHEN TURIER BIOTECH CO., LTD.",84449
Beijing Boxin Nature Biotech Ltd.,71073
"GUANGZHOU JOYO PHARMATECH CO., LTD",84148
"The Regents of the University of California, UCSF",76326
NATIONAL SKIN CENTER (S) PTE LTD,82076
"Advanced ReGen Medical Technologies, LLC",69488
"DONG WOO DANG CO., LTD",73242
Horizon Therapeutics Ireland DAC,75987
"Liquid Biosciences, Inc.",72712
Imagine Global Care Corporation,85380
MANTRA PHARMA,85377
University de Parma,60215
NATIONAL AND KAPODISTRIAN UNIVERSITY OF ATHENS,82076
The Nature's Bounty Co.,51346
"Nippon Shokubai Co., Ltd.",24509
Shandong Agricultural University,82061
"NANJING HUAWE MEDICINE TECHNOLOGY GROUP CO., LTD.",87125
CHA UNIVERSITY INDUSTRY-ACADEMIC COOPERATION FOUNDATION,60215
"Humanwell Pharmaceutical US, Inc.",53345
SHENZHEN INSTITUTES OF ADVANCED TECHNOLOGY CHINESE ACADEMY OF SCIENCES,84449
Southern University of Science and Technology,61567
F-star Therapeutics Limited,14141
THE UNIVERSITY COURT OF THE UNIVERSITY OF EDINBURG OLD COLLEGE,60215
H.U. Group Research Institute G. K.,49687
MEDICAL UNIVERSITY OF LODZ,62137
"Blue Yonder Group, Inc.",22431
Legacy Healthcare (Switzerland) SA,68645
Medical Research and Development Corporation,62137
KJ Biosciences LLC,83100
"TAE Life Sciences, LLC",84890
"Shanghai SIMR Biotech Co., Ltd.",73557
"SHENZHEN ZHONGKE AMSHENN PHARMACEUTICAL CO., LTD.",84449
"Chang Gung Memorial Hospital, Kaohsiung",43337
LIMITED LIABILITY COMPANY «FUSION PHARMA»,69662
"SHENZHEN HEPALINK PHARMACEUTICAL GROUP CO., LTD.",84449
"JIANGSU ROTAM CHEMISTRY CO., LTD",77573
LAKE O'HARA LLC,35356
University of Rhode Island Board of Trustees,60215
"PTM Therapeutics, Inc.",79952
"GAT THERAPEUTICS, S.L.",79952
Temple University-Of The Commonwealth System of Higher,71018
"Shanghai Qisheng Biological Preparation Co., Ltd.",73557
"Shanghai Haohai Biological Technology Co., Ltd.",73557
SICHUAN YINGRUI PHARMACEUTICAL TECHNOLOGY COMPANY,87215
"21ST CENTURY THERAPEUTICS, INC.",44099
BLACK BELT THERAPEUTICS LIMITED,84204
JIANGSU NUO-BETA PHARMACEUTICAL TECHNOLOGY CO. LTD.,77573
"Ironshore Pharmaceuticals & Development, Inc.",71376
"JAPAN TISSUE ENGINEERING CO., LTD.",87130
Ball State University,46362
Peter MacCallum Cancer Institute,85443
UNIVERSITY OF NEBRASKA MEDICAL CENTER,60215
Oxygen Biotech LLC,69995
"FAR EAST BIO-TEC CO., LTD.",72808
"Laboratorios Leti, S.L. Unipersonal",72483
"JIANGXI CAISHI PHARMACEUTICAL TECHNOLOGY CO., LTD.",83778
Arizona Board of Regents on behalf of Northern Arizona University,61973
The United States Government As Represented By The Department Of Veteran Affairs,58733
"THE UNITED STATES OF AMERICA, as represented by th",58733
JDP THERAPEUTICS LLC,79952
NOVO NORDISK NORTH AMERICA OPERATIONS A/S,00169
"Jiangsu Kanion Pharmaceutical Co., Ltd.",77573
ABM Therapeutics Corporation,79952
Inno Bio-Drug Development Limited,84988
CROWN BIOSCIENCE INC.,00316
"MEDICELL TECHNOLOGIES, LLC",72944
Shanghai Whittlong Pharmaceutical Institute,73557
Chem-Cure Associates LLC,63830
"BEIJING GREATSUN BTO-PHARM. TECH. CO., LTD",71073
THE REGENTS OF THE UNIVERSITY OE CALIFORNIA,76326
"INTEGRATED BIOTHERAPEUTIC VACCINES, INC.",73141
University of Otago,60215
argenx BV,73475
"COSMAX, INC.",68577
PACIFIC UNIVERSITY,60758
"SHANGHAI GENBASE BIOTECH CO., LTD.",73557
"The United Slates of America, as represented by the Secretary, Department of Health and Human Services",58733
KB BIOMED INC.,69250
"SHANGHAI RINGENE BIOPHARMA CO., LTD.",73557
"ILC Therapeutics, LTD",79952
"Zim Biosciences, Inc.",83100
"The United States, as represented by the Secretary Department of Health and Human Services",58733
TA Pharma Pty Limited,69662
"DONG KOOK PHARM CO., LTD",73242
NATIONAL INSTITUTE FOR KOREAN MEDICINE DEVELOPMENT,82076
"DALIAN INSTITUTE OF CHEMICAL PHYSICS, CHINESE ACADEMY OF SCIENCES",50685
OJI HOLDINGS CORPORATION,58048
"ITF Research Pharma, S.L.U.",52654
"ZHEJIANG YUEJIA PHARMACEUTICALS CO., LTD",70412
"MEDICINE PARK CO., LTD",54155
CHANGZHOU UNIVERSITY,59050
INTERNATIONAL FLAVORS & FRAGRANCES INC.,50633
"CSPC MEGALITH BIOPHARMARCEUTICAL CO., LTD.",24075
"United Paragon Associates, Inc.",58733
ETH ZÜRICH,79468
Trustees of Darthmouth College,40098
"ZHEJIANG BLUE SHIELD PHARMACEUTICAL CO., LTD.",70412
GRACE THERAPEUTICS INC.,84803
KOREA (CENTER FOR DISEASE CONTROL AND PREVENTION),73391
LIFE SCIENCE INKUBATOR BETRIEBS GMBH & CO. KG,84890
"Nutrition Research Group, Limited",82198
ZHEJIANG TERUISI PHARMACEUTICAL INC.,70412
"Roche Sequencing Solutions, Inc.",00140
"AMI PHARM CO., LTD.",77039
JIANGSU ASCENTAGE BIOMED DEVELOPMENT INC.,77573
University of Adelaide,60215
"HANLIM PHARMACEUTICAL CO., LTD.",11716
ARK LIMITED,69662
"BEIJING VJT BIO CO., LTD.",71073
"AP Biosciences, Inc.",83100
Seattle Genetics. Tnc.,72740
LIMITED LIABILITY COMPANY BIOCHEMICAL AGENT,69662
UNIVERSITY OF SOUTH CHINA,60215
LDN Pharma Limited,69662
Qx Therapeutics Inc.,79952
FRE SKINCARE LTD,73496
"AB Biosciences, Inc.",83100
"SHANGHAI VETERINARY RESEARCH INSTITUTE, CHINESE ACADEMY OF AGRICULTURAL SCIENCES (NATIONAL CENTER FOR ANIMAI HEALTH SHANGHAI)",73557
"Beijing Advanced Medical Technologies, Ltd. Inc.",71073
"Hope Medicine (Nanjing) Co., Ltd.",60267
Shanghai East Hospital,73557
"SHANGHAI HANMAI BIO-PHARMA CO., LTD.",73557
HUB WASHINGTON INC.,68428
"Herbal & Antioxident Derivatives, S.R.L.",71917
HUNAN UNIVERSITY OF CHINESE MEDICINE,84273
IBSA PHARMA SAS,71858
Medical Corporation Ichikawa Clinic,62137
"GUANGZHOU SINOGEN PHARMACEUTICAL CO., LTD",84148
"GUANGZHOU LIXIN PHARMACEUTICAL CO., LTD.",84148
Royal Melbourne Institute of Technology,68791
"SHANGHAI JW INFLINHIX CO., LTD.",73557
"KCL Therapeutics, Inc.",79952
Beijing Normal University,71073
"ABACUS BIOSCIENCE, INC.",73096
SHANGHAI HUTCHISON PHARMACEUTICALS LIMITED,73557
"Delta Next-Gene, LLC",66353
"BEIJING XUANZHU COMBIO CO., LTD.",71073
Powder Life LLC,61388
"TK Health Research, Co, Ltd.",84992
The United States of America,58733
SHANGHAI BEST-LINK BIOSCIENCE,73557
BEIJING JIALIN PHARMACEUTICAL INC.,71073
GEORGIA SOUTHERN UNIVERSITY,54622
"THE FIRST AFFILIATED HOSPITAL, SUN YAT-SEN UNIVERSITY",53117
Wuhan Neurophth Biotechnology Limited Company,72845
MSM Holdings Pte Ltd,58048
"NANJING HEALSOUL LIFE SCIENCE AND TECHNOLOGY CO., LTD.",87125
"WUHAN ZY PHARMACEUTICALS CO., LTD.",72845
DONG-EUI UNIVERSITY INDUSTRIAL-ACADEMIC COOPERATION FOUNDATION,73242
"Amryt Endo, Inc.",76431
University of the Sciences,60215
"ADMA BIOMANUFACTURING, LLC",69800
"Zhejiang Shimai Pharmaceutical Co., Ltd.",70412
UNIVERSITY OF WARWICK,60215
"RED MOUNTAIN HOLDINGS, LLC",62118
"SHANGHAI INSTITUTE OF NUTRITION AND HEALTH, CHINESE ACADEMY OF SCIENCES",73557
BV BIOMED LTD,69250
ACCESS TO ADVANCED HEALTH INSTITUTE,10056
"SHANGHAI MEIYUE BIOTECH DEVELOPMENT CO., LTD.",73557
AbbVie Global Enterprises Ltd.,00032
"IMPACT THERAPEUTICS (SHANGHAI), INC",85528
"AI-MAY ZHONG KE SELENIUM TECHNOLOGY (TIANJIN) CO., LTD",84533
"3D MEDICINES (BEIJING) CO., LTD.",71705
"GLOBAL HEALTHCARE FOCUS, LLC",59448
"BEIJING HYGIENE & HEALTHCARE INNOVATION TECHNOLOGY CO., LTD.",71073
"CHA BIOTECH CO., LTD.",81309
Cambridge Technologies LLC,52422
Jubilant Epicore LLC,59746
Eagle Research Labs Limited,42367
BEIJING ADAMADLE BIOTECHNOLOGY LIMITED LIABILITY COMPANY,71073
"Beijing BOE Technology Development Co., Ltd.",71073
"BOE TECHNOLOGY GROUP CO., LTD.",73927
ENT TECHNOLOGIES PTY LTD,80324
HAINAN MEDICAL UNIVERSITY,14335
INNOVATION PHARMACOLOGY RESEARCH OOO (IPHAR),72104
"BEIJING JUNKE HUAYUAN MED TECH CO., LTD.",71073
BCN Biosciences L.L.C.,83100
CFD RESEARCH CORPORATION,52654
"CHINA RESOURCES SAIKE PHARMACEUTICAL CO., LTD.",76305
HANGZHOU DUANLI BIOTECHNOLOGY COMPANY LIMITED,72823
South China Normal University School of Life Sciences,51400
ORGANICARE LLC,71042
"Hangzhou Danhe Pharmaceutical Co., Ltd.",72823
"Sumitomo Pharma Co., Ltd.",63402
"CMG Pharmaceutical Co., Ltd.",62211
"The United States of America, as represented by the Secretary, Department of Health and Human Svcs.",58733
Mitsubishi Chemical UK Limited,70510
America Great Health,78870
"GUANGDONG HAIHE BIOMEDICAL TECHNOLOGY CO., LTD.",85279
"SHANDONG FREDA PHARMACEUTICAL GROUP CO., LTD.",82061
SHANDONG ACADEMY OF PHARMACEUTICAL SCIENCES,82061
"WUHAN BOWEID BIOTECHNOLOGY CO., LTD.",72845
"Sichuan Clover Biopharmaceuticals, Inc.",87215
YS LIFE SCIENCE CO. LTD.,84890
FOR HEALTH PHARMA S.R.L.,84992
Fred Hutchinson Cancer Center,55315
CENTURION BIOPHARMA CORPORATION,23359
"GREEN VALLEY (SHANGHAI) PHARMACEUTICAL CO., LTD. SHANGHAI INSTITUTE OF MATERIA MEDICA CHINESE ACADEMY OF SCIENCES",61152
Better Air International Limited,21130
TONIX PHARMACEUTICALS HOLDING CORP,70792
"BEIJING DONGFANG BIOTECH CO., LTD.",71073
"SOLA BIOSCIENCES, LLC",70512
"HUMAN HERB CO., LTD.",71356
MOUNTAIN VALLEY MD INC,62118
"OCULAR SCIENCE, INC.",70382
"Nanjing Gear Pharma & Tech Co., Ltd.",87125
BEIJING TIENYI LUFU PHARMATECH CO. LTD.,71073
JOY MEDICAL DEVICES CORPORATION,62137
Sun Pharma Japan Limited,87130
BEIJING NEUROSURGICAL INSTITUTE,71073
The Royal Marsden NHS Foundation Trust,68791
"Sumitomo Pharma Oncology, Inc.",63402
"Innovation for Success, LLC",72104
ADVANCED PROTEOME THERAPEUTICS INC.,69488
"SHANGHAI JEMINCARE PHARMACEUTICALS CO., LTD.",73557
"JIANGXI JEMINCARE GROUP CO., LTD",83778
"GREEN VALLEY (SHANGHAI) PHARMACEUTICALS CO., LTD.",61152
"OAKTREE FUND ADMINISTRATION, LLC",59256
J&C SCIENCES,82026
"JIANGSU RONGTAI BIOTECH CO., LTD.",77573
Guangzhou Bioseal Biotech Co. Ltd,84148
IBD THERAPEUTICS LLC,79952
"BETA PHARMA (SHANGHAI) CO., LTD.",67224
Chengdu Origin Biotechnology Limited Company,82432
SMART BRAIN S.R.O.,70936
"I-Mab Biopharma (Hangzhou) Co., Ltd.",61476
Liquid Biopsy Research LLC,72712
"BIO CLEAN ENVIRONMENTAL SERVICES, LLC",85599
White Sands Pharma LLC,73656
ARC Medical Devices,62137
PANACEA INC.,43817
JUBILANT EPIPAD LLC,59746
J2H BIOTECH INC.,81309
"ZHUHAI UNITED LABORATORIES CO., LTD.",83513
INDIAN INSTITUTE OF TECHNOLOGY INDORE,60980
SCHOOL JURIDICAL PERSON THE KITASATO INSTITUTE,76123
"SHANGHAI NOVAMAB BIOPHARMACEUTICALS CO., LTD.",73557
University of Modena and Reggio Emilia,60215
"Chengdu MFS Pharma. Co., Ltd.",82432
"Wuxi Biocity Biopharmaceuticals Co., Ltd.",65050
NATIONAL RESEARCH INSTITUTE FOR FAMILY PLANNING,82076
AXSOME MALTA LTD.,81968
"GUANGDONG XIANQIANG PHARMACEUTICAL CO., LTD",85279
CHENGDU HENGHAO INVESTMENT CO. LIMITED,82432
"The United States of America, as Represented by the Secretary, Department of Health and Human Services Food and Drug Administration",58733
"ZHUHAI HENGQIN NEW DISTRICT ZHONGZHU ZHENGTAI MEDICAL MANAGEMENT CO., LTD.",83513
TECH SWERVE LLC,77595
"NANJING ZHENGXIANG PHARMACEUTICALS CO., LTD.",87125
PIRAMAL PHARMA LIMITED,66794
"SPG Therapeutics, Inc.",79952
"BEIJING SHOWBY PHARMACEUTICAL CO., LTD.",71073
The Research Foundation for The State University,52654
"LABORATORIOS LEON FARMA, S.A.",72483
Bio Research Project PSA,52654
Research Institute at Nation Children's Hospital,52654
University of North Dakota,60215
"FORWARD THERAPEUTICS, INC.",83850
"BEIJING QL BIOPHARMACEUTICAL CO., LT",71073
NORTH CELL PHARMCETICALS INC.,42887
"SHANGHAI JAKA BIOTECH CO., LTD.",73557
DAY THREE LABS MANUFACTURING INC.,83838
"Shanghai Zelgen Pharma.Tech Co., Ltd.",73557
JUBILANT EPISCRIBE LLC,59746
"Blue Therapeutics, Inc.",22431
THE FOOD SCIENCE INSTITUTE FOUNDATION,56131
R.G.C.C. Holdings AG,58048
"Fujian Akeylink Biotechnology Co., Ltd.",75543
"JINAN GOOD MEDICAL TECHNOLOGY CO., LTD.",83988
AKI Therapeutics ApS,79952
HEALTH CORPORATION—RAMBAM,84992
"SICHUAN MEDCO PHARMACEUTICAL STOCK CO., LTD.",87215
Chemistry RX,77446
"CN.USA BIOTECH HOLDINGS, INC.",81309
NANJING DRUM TOWER HOSPITAL,87125
SOUTHERN MEDICAL UNIVERSITY,61567
THE NEW YORK PRESBYTERIAN HOSPITAL,82355
"MAGIC LEAP, INC.",77358
Grace GmbH,84803
Iterum Therapeutics International Limited,81153
NATIONAL UNIVERSITY CORPORATION TOKAI NATIONAL,82076
GLAXOSMITHKLINE CONSUMER HEALTHCARE S.R.L.,00173
NATIONAL CENTRE FOR CELL SCIENCE,82076
"Institute of Biological and Medical Engineering, Guangdong Academy of Sciences",55330
TIANJIN MEDICAL UNIVERSITY GENERAL HOSPITAL,33217
QINGDAO HARWARS BIOLOGY GROUP LTD.,70247
REPUBLIC OF KOREA (ANIMAL AND PLANT QUARANTINE AGENCY),84711
"CHONGQING UPGRA BIOTECHNOLOGY CO., LTD.",85751
"Tianjin Hemay Pharmaceutical Sci-Tech Co., Ltd",33217
"Ganzhou Hemay Pharmaceutical, Co., Ltd",56136
"Beijing Xuanyi PharmaSciences Co., Ltd.",71073
Contract Pharmaceuticals Limited,10267
"SHANDONG GUANGYUAN PHARMACEUTICAL SCI. & TECH.CO., LTD",82061
"SHANDONG JINZHUJI PHARMACEUTICAL CO., LTD",82061
"Janssen Sciences Ireland Unlimited Company Co Cork, IE",50458
INSTITUTE OF RHEOLOGICAL FUNCTIONS OF FOOD,55330
"MAM HOLDINGS OF WEST FLORIDA, L.L.C.",58048
ZZ Biotech LLC,81309
TECHNOLOGY INVESTMENTS LC,73927
"GI INNOVATION, INC.",72104
"Tianjin Dongya Biological Technology Co., Ltd.",33217
"MS BIOTECH, INC.",81309
"Zhejiang ACEA Pharmaceuticals Co., Ltd.",70412
"Hangzhou ACEA Pharmaceutical Research Co., Ltd.",72823
"DALIAN CHROMAS BIOSCIENCE CO., LTD",50685
DALIAN UNIVERSITY OF TECHNOLOGY,50685
"Luke Co., Ltd.",65915
"Desert King Chile, S.A.",69145
KOREA GINSENG CORP.,73391
Chongqing University of Arts and Sciences,85751
"SHANGHAI DUDE MEDICAL TECHNOLOGY CO., LTD",73557
"SHANGHAI SIMRD BIOTECHNOLOGY CO., LTD",73557
"ISLA Technologies, Inc.",73075
Clinical Health Technologies Ltd.,65919
"RESPECT CO., LTD.",83696
"SHANGHAI JMT-BIO TECHNOLOGY CO., LTD.",73557
Beijing Normal University Hong Kong Baptist University United International College,71073
"Shanghai Longyao Biotechnology Inc., Ltd.",73557
The First Afiliated Hospital of Guangzhou University of Chinese Medicine,53117
"GUANGZHOU CAS LAMVAC BIOTECH CO., LTD",84148
BEYOND AIR LTD,71805
"D.E Shaw Research, LLC.",54767
INCORPORATED MEDICAL INSTITUTION YUKOKAI,63433
UNIVERSITY OF ESSEX ENTERPRISES LIMITED,60215
"SHENZHEN BEIKE BIOTECHNOLOGY CO., LTD",84449
"JIANGSU CAPTAIN BIOTECHNOLOGY CO., LTD.",77573
"NANJING NUTRABUILDING BIO-TECH CO., LTD.",87125
Center for Neurologic Study,82800
Amryt Pharmaceuticals Inc.,76431
Biofrontera Bioscience GmbH,70621
"SHANGHAI HUIYU BIOMEDICAL TECHNOLOGY CO., LTD.",73557
"SHENZHEN YUANGUANGZHOU TECHNOLOGY CO., LTD.",84449
"Hangzhou Sciwind Biosciences Co., Ltd",72823
"JIANGSU CHIA TAI FENGHAI PHARMACEUTICAL CO., LTD.",77573
"GUANGZHOU BIO-GENE TECHNOLOGY CO., LTD.",84148
"Health Park Co., Ltd.",84992
"COA THERAPEUTICS, INC.",79952
Saint Joseph's University,72784
Advanced Health Solutions LLC,69488
Kent State University,51960
University of North Carolina At Charlotte,60215
Mayo Foundation for Medical Education and Research and Board of Regents,52670
"Shanghai Hyamab Biotech Co., Ltd.",73557
GUANGZHOU DAZHOU BIOMEDICINE LTD.,84148
PharmaEssentia Corporation,73536
BOEHRINGER INGELHEIM PHARMA GMBH & CO. KG,00597
"Shanghai Ninth People's Hospital, Shanghai Jiao Tong University School of Medicine",73557
Compass Pathfinder Limited,71233
THE METHODIST HOSPITAL SYSTEM,69864
"Corium Pharma Solutions, Inc.",65038
"Changzhou Qianhong Biopharma Co., Ltd.",59050
Changzhou Le Sun Pharmaceuticals Ltd.,59050
"Zhejiang FONOW Medicine Co., Ltd",70412
"Kaplan IP, LLC",84300
"Center for Excellence in Molecular Cell Science, Chinese Academy of Sciences",82800
NATIONAL INSTITUTE OF ADVANCED INDUSTRIAL,82076
SCIENCE AND TECHNOLOGY,84804
University of Toyama,60215
Tu Therapeutics Inc.,79952
TARGET BIOPHARMACEUTICAL TECHNOLOGY SHENZHEN COMPANY LIMITED,81052
"NANJING HANXIN PHARMACEUTICAL TECHNOLOGY CO., LTD.",87125
"DDP SPECIALTY ELECTRONIC MATERIALS US, LLC",84228
"Green BioMed, Inc.",61152
Small Pharma Ltd,73095
Lundbeck Pharmaceuticals Italy S.P.A.,67386
"SHENZHEN HUAHONG MARINE BIOMEDICINE CO., LTD.",84449
FLORIDA ATLANTIC UNIVERSITY RESEARCH CORPORATION,73060
"AKESO PHARMACEUTICALS, INC.",83654
APPLIED MEDICAL TECHNOLOGIES LLC,81425
"HB Biotech, Inc.",81309
Jerome Canady Research Institute,50564
"INSTITUTE OF ANIMAL HUSBANDRY AND VETERINARY SCIENCES, HUBEI ACADEMY OF AGRICULTURAL SCIENCES",55330
"SHANDONG HAINENG PHARMACEUTICAL CO., LTD.",82061
"SHANDONG HAINENG BIOENGINEERING CO., LTD.",82061
"Xiamen Vivohealths Technology Co., Ltd.",83698
"Shanghai Jingxin Biology & Pharmaceutical Co., Ltd",73557
UNIVERSITY OF MODENA AND REGGIO EMILLA—UNIMORE,60215
"Applied Therapeutics, Inc.",81425
SCENT SCIENCE INTERNATIONAL INC.,76891
BAUSCH HEALTH COMPANIES INC.,00187
ASCENDIS PHARMA BONE DISEASES A/S,73362
"XIAMEN BIOTIME BIOTECHNOLOGY CO., LTD.",83698
"SHANGHAI RAISING PHARMACEUTICAL CO., LTD.",73557
"CENTER FOR INTELLIGENT RESEARCH IN CRYSTAL ENGINEERING, S.L.",82800
"CNS BIOSCIENCES, INC.",83100
"PTC Innovations, LLC",87187
University of Konstanz,60215
STANDARD OF CARE CORPORATION,00360
CSP ADVANCED SOLUTIONS INC.,69488
QILU UNIVERSITY OF TECHNOLOGY,51810
TRS Holdings LLC,58048
"Chem-Master International, Inc.",63830
"THE NATIONAL INSTITUTES OF PHARMACEUTICAL R&D CO., LTD.",82076
Xuzhou Medical University,85323
"BEYOND BARRIERS THERAPEUTICS, INC.",71805
"CHA VACCINE RESEARCH INSTITUTE CO., LTD",63361
"NANJING NUOYUAN MEDICAL DEVICES CO., LTD.",87125
University of Health Sciences & Pharmacy in St. Louis,60215
"Beijing Vitalstar Biotechnology Co., Ltd.",71073
SICHUAN CENTER FOR TRANSLATIONAL MEDICINE OF TRADITIONAL CHINESE MEDICINE,87215
"Line 6 Biotechnology, Inc.",81504
"Cornerstone Pharmaceuticals, Inc.",82401
ST. LOTUS BIOTECH CORP.,76328
"BEIJING RONGXIANG INSTITUTE OF REGENERATIVE MEDICINE CO., LTD.",71073
ARC Medical Inc.,62137
Cosmax NS. Inc.,68577
"Cosmax NBT, Inc.",68577
JUBILANT PRODELL LLC,59746
"HENAN MEDINNO PHARMACEUTICAL TECHNOLOGY CO., LTD.",85244
"Nanjing Novel Biotechnology Co., Ltd",87125
"Zhejiang Shouxiangu Pharmaceutical Company, Ltd.",70412
Jinhua Shouxiangu Pharmaceutical Co. Ltd,75181
Bright Peak Therapeutics AG,85944
BEIJING PROTEOME RESEARCH CENTER,71073
"Blue Engine Biologies, LLC",22431
University of Pittsburgh—Of the Commonwealth Cvctom of Hierher Education,60215
THE LONDON PSYCHIATRY CENTRE,80860
AMGEN (EUROPE) GMBH,55513
"ADVANTAGE SILVER DENTAL ARREST, LLC",71912
"Qingdao Chenland Pharmaceutical Technology Development Co., Ltd.",70247
Chang Gung Memorial Hospital,43337
"DERMTECH, LLC",68848
"Al Therapeutics, Inc.",79952
PRN Physician Recommended Nutriceuticals LLC,78709
GF SERVICE S.R.L.,50493
GUANGZHOU MEDICAL UNIVERSITY,84148
"Shanghai RoyalTech Med CO., Ltd",73557
PETRA PHARMA CORPORATION,42326
"GUANGDONG NEWOPP BIOPHARMACEUTICALS CO., LTD.",85279
Guangdong Provincial Academy Of Chinese Medical Sciences,85279
Guangdong Provincial Hospital of TCM,85279
Shanghai University,73557
UNIVERSITY OF LINCOLN,60215
"NeXtGen Biologies, Inc.",79672
"NANJING HEPO PHARMACEUTICAL CO., LTD",87125
"ANHUI BIOX VISION BIOLOGICAL TECHNOLOGY CO., LTD.",72030
"National Institutes of Health (NIH), U.S. Dept. of Health and Human Services (DHHS), U.S. Government",82076
THE UNIVERSITY OF FLORIDA BOARD OF TRUSTEES,60215
K-LAB Corp.,87034
Edward Via College of Osteopathic Medicine—Auburn,66910
ADVACCINE (SUZHOU) BIOPHARMACEUTICALS CO. LTD.,84895
Frontier Medicines Corporation,83127
"SHANGHAI MODERN PHARMACEUTICAL ENGINEERING RESEARCH CENTER CO., LTD.",73557
THE UNIVERSITY OF BRISTOL,60215
"HANGZHOU POLYMED BIOPHARMACEUTICALS, INC.",72823
"BEIJING BEYOND BIOTECHNOLOGY CO., LTD",71073
"UTC THERAPEUTICS (SHANGHAI) CO., LTD.",79952
GREAT NOVEL THERAPEUTICS BIOTECH & MEDICALS CORPORATION,64092
The United States of America as Represented by the Department of Veteranas Affairs,58733
LIFE SCIENCE NUTRITION AS,84890
NATIONAL TAIWAN OCEAN UNIVERSITY,82076
Medical Developments International Limited,62137
NANJING UNIVERSITY OF FINANCE AND ECONOMICS,87125
NANJING UNIVERSITY OF CHINESE MEDICINE,87125
"Zhejiang Yangshengtang Institute of Natural Medication Co., Ltd.",70412
"HANGZHOU ADCORIS BIOPHARMA CO., LTD.",72823
"Institute of Pathogen Biology, Chinese Academy of Medical Sciences",55330
"Changzhou Hansoh Pharmaceutical Co., Ltd.",59050
"JAPAN VAM & POVAL CO., LTD.",87130
National University Corporation Tohoku University,82076
"ABS Development 1, Inc.",72908
"JIANGSU HUAIYU PHARMACEUTICAL CO., LTD.",77573
"A1C Labs, LLC",54288
UNIVERSITY OF THE FREE STATE,60215
"JIANGSU VANGUARD PHARMACEUTICAL CO., LTD.",77573
"Shanghai LaiYi Center For Biopharmaceutical R&D Co., Ltd.",73557
"Beijing DCTY Biotech Co., Ltd.",71073
"EIL THERAPEUTICS, INC.",79952
THE INSTITUTE FOR ETHNOMEDICINE,55330
LABORATOIRES DE BIOLOGIE VEGETALE YVES ROCHER,62169
AKL RESEARCH & DEVELOPMENT LTD,52654
KENT INNOVATION & ENTERPRISE,51960
"CLS THERAPEUTICS, LLC",79952
"THE BRIGHAM AND WOMAN'S HOSPITAL, INC.",24450
NEW YORK INSTITUTE OF TECHNOLOGY,82355
"SHANGHAI WD PHARMACEUTICAL CO., LTD",73557
OptiNose Inc.,71143
Shanghai Changhai Hospital,73557
The First Affiliated Hospital of Xi'an Jiaotong University,53117
"GUANGDONG ZHAOTAI INVIVO BIOMEDICINE CO., LTD",85279
"HANGZHOU SUMGEN BIOTECH CO., LTD.",72823
"Nanjing Institute for Comprehensive Utilization of Wild Plants, All China Federation of Supply and Marketing Corporation",87125
"Shandong Jiuxin Biological Technology Co., Ltd",82061
"CHENGDU ANYONG DINGYE BIOTECHNOLOGY CO., LTD.",82432
"L'Air Liquide, Société Anonyme pour l'Etude et l'Exploitation des Procédés Georges Claude",74709
Beta Therapeutics Pty Ltd,67224
FLE INTERNATIONAL S.R.L.,50633
Sanofi-Aventis Biotechnology,00024
POLY GAIN PTE LTD,50991
Digital Smile GmbH,82942
"Bausch Health Americas, Inc.",00187
MSD INTERNATIONAL GMBH,50633
THE UNITED STATES GOVERNMENT DEPARTMENT OF VETERANS AFFAIRS,58733
Hb Therapeutics Inc.,79952
"Tri-Institutional Therapeutics Discovery Institute, Inc.",44363
FANTASIA BIOPHARMA (ZHEJIANG) CO. LTD.,76184
"Beijing Inno Medicine Co., Ltd.",71073
LM MANUFACTURING LTD.,71523
"CKP THERAPEUTICS, INC.",79952
Pure Care Pro LLC,71355
ALPHA OASIS LLC,69335
Hope for Annabel,60267
LANTERN PHARMA INC.,87016
ATHENEX R&D. LLC,70860
"Shenzhen Hua Yao Kang Ming Biopharmaceutical Co., Ltd.",84449
"Alternative Packaging Solutions, LLC",53163
Oxford Pharmascience Limited,69584
"JIANGSU JIUXU PHARMACEUTICAL CO., LTD.",77573
"PIONEER HI-BRED INTERNATIONAL, INC.",72090
"Shandong Linghai Biotechnology Co., Ltd.",82061
PROJECT PHARMACEUTICS GMBH,75523
"Beijing Jiyuan Biological Technology Co., Ltd.",71073
ATH Therapeutics Inc.,79952
"Tianjin Pharmaceutical Da Ren Tang Group Corp., Ltd. Traditional Chinese Medicine Research Institute",33217
"PIC Therapeutics, Inc.",79952
"Sonoma Biotherapeutics, Inc.",69668
CS Pharmaceuticals Limited,69662
American Nano LLC,58701
"Shenzhen Rhegen Biotechnology Co., Ltd.",84449
"Shenzhen EDK Pharmaceutical Technology Co., Ltd.",84449
GUANGDONG CELL BIOTECHNOLOGY CO. LTD,85279
EYE INSTITUTE OF SHANDONG FIRST MEDICAL UNIVERSITY,55330
Family Health International,55319
"Encore IP Management, LLC",69482
EZY Biotech LLC,81309
TERUMO MEDICAL CORPORATION,53877
"FUJIAN HAIXI PHARMACEUTICALS CO., LTD",75543
INSTITUTE OF ANIMAL SCIENCES OF CAAS,55330
JIANGXI UNIVERSITY OF TRADITIONAL CHINESE MEDICINE,83778
SHANGHAI JIAOTONG UNIVERSITY SCHOOL OF MEDICINE,73557
"INSTITUTE OF MATERIA MEDICA, CHINESE ACADEMY OF MEDICAL SCIENCES & PEKING UNION MEDICAL COLLEGE",55330
"BEIJING WEHAND-BIO PHARMACEUTICAL CO., LTD",71073
"SBG MEDICAL TECHNOLOGIES, INC.",62137
"ZHENGZHOU FRUIT RESEARCH INSTITUTE, CHINESE ACADEMY OF AGRICULTURAL SCIENCES",85113
"Qingdao Baishishankang Trad. Chinese Med. Co., Ltd",70247
HUMAN BY NATURE,71356
Restore Vision Inc.,85313
"Prime Bio, Inc.",72188
"UNS IP HOLDINGS, LLC",58048
UNITED NEUROSCIENCE,58733
"Chongqing Genrix Biopharmaceutical Co., Ltd.",85751
"Beijing Wisdomab Biotechnology Co., Ltd",71073
QUEST PHARMATECH INC.,17433
"American Diagnostics & Therapy, LLC",58701
"GUANGXI WEHAND-BIO PHARMACEUTICAL CO., LTD",59321
INTERNATIONAL HEALTH SCIENCE S.R.L.,50633
Pfizer Healthcare Ireland,00013
ENA Respiratory Pty Ltd,68352
SHANGHAI INSTITUTE FOR ADVANCED STUDY ZHE JIANG UNIVERSITY,73557
"Beijing Synthetic Vaccine Biosciences Co., Ltd",71073
"HANGZHOU CONVERO CO., LTD.",72823
Power of Platelets Pte. Ltd.,85282
"SHANGHAI ENNOVABIO PHARMACEUTICALS CO., LTD.",73557
"Zhejiang Hongsheng Intellectual Property Operation Co., Ltd.",70412
"JIANGSU TRAUTEC MEDICAL TECHNOLOGY CO., LTD.",77573
"HENAN ZHONGDA HENGYUAN BIOTECHNOLOGY STOCK CO., LTD.",85244
"The State of Israel, Ministry of Agriculture & Rural Development, Agriculture Research Organization",62481
"SUN & PINE TREE Co., Ltd",85932
Sumitomo Pharma Switzerland GmbH,63402
"Shanghai Zhonghua Pharmaceutical Co., Ltd",73557
The University of Kitakyushu,60215
The Research Institute of McGill University Health Centre,52654
DDS RESEARCH INC.,52654
The New Zealand Institute for Plant and Food Research Limited,80644
BEIJING DO-PHARMA TECH CO. LTD,71073
EAST TENNESSEE STATE UNIVERSITY RESEARCH FOUNDATION,72808
"HUBEI MONYAN PHARMACEUTICAL CO., LTD.",82996
Center for Immunology Science,82800
VIRGINIA COMMONWEALTH UNIVERSITY INTELLECTUAL PROPERTY FOUNDATION,60563
"Otsuka Medical Devices Co., Ltd.",59148
"HUNAN HUIZE BIOPHARMA S&T CO., LTD.",84273
KBP Biosciences Pte. Ltd.,83100
"SICHUAN TIANFU FINE CHEMICAL CO., LTD.",87215
GLOBAL PREVENTIVE MEDICINE BIOTECH COMPANY LIMITED,59448
"The United States of America, as represented by the Secretary, Department of Heath and Human Services",58733
River 3 Renal Corp.,84601
SHENZHEN RUIJIAN BIOSCIENCE TECHNOLOGY LIMITED COMPANY,84449
Vertical Bio AG,68025
GM GLOBAL TECHNOLOGY OPERATIONS LLC,59448
University of Saskatchewan & National Research Council of Canada,60215
THREE-R THERAPEUTICS LTD.,83838
University of Wollongong,60215
Profounda Health and Beauty Inc.,69051
Advanced Protein Technologies Corp.,69488
"Nanjing Southern Element Biotechnology Co., Ltd.",87125
"Tianjin Geonatural Technology Co., Ltd. (CN)",33217
"Lead High Technology (QingDao) Co., Ltd",62168
"CHENGDU CONMED BIOSCIENCES CO., LTD.",82432
"Advanced Technologies for Novel Therapeutics, LLC",69488
"Aeon Biopharma, Inc.",85497
Omega 3 Galilee Ltd.,51048
"The State of Israel, Ministry of Agriculture & Rural Development, Agricultural Research",62481
HUNAN UNIVERSITY,84273
Modern Biosciences Limited,33758
"SHENZHEN NEWDEL BIOTECH CO., LTD.",84449
Micreos Pharmaceuticals AG,73105
JME GROUP ASSOCIATES INC.,49687
University of Jerusalem Ltd.,60215
"NANJING CHINA-AUSTRALIA INSTITUTE OF TRANSLATIONAL MEDICINE CO., LTD.",87125
"BEIJING GRAND JOHAMU PHARMACEUTICAL COMPANY, LTD.",71073
"NANJING GRITPHARMACO., LTD.",87125
"I2O THERAPEUTICS, INC.",79952
"MAB-VENTURE BIOPHARM CO., LTD.",85379
"ZHEJIANG VIMGREEN PHARMACEUTICALS, LTD.",70412
Exact Sciences Corporation,42808
"Advanced Food Concepts, Inc.",69488
"HANGZHOU MINSHENG PHARMACEUTICAL CO., LTD.",72823
"Bonafide Health, LLC",73712
"QINGDAO JIÃO PHARMACEUTICAL TECHNOLOGY CO., LTD",70247
University of Lancaster,60215
"UNIVERSITY and AGILENT TECHNOLOGIES, INC.",60215
"GUANGXI XINHAI PHARMACEUTICAL TECHNOLOGY CO., LTD.",59321
JW PHARMACEUTICAL CORPORATION,62211
National Institutes for Food and Drug Control,82076
THE UNIVERSITY OF EDINBURGH,60215
ZHEJIANG CANCER HOSPITAL,70412
ADVANCED SCIENTIFIC DEVELOPMENTS,69488
IC-MedTech Corp.,58790
QPHARMA AB,42708
Advance Zinctek Limited,60615
THE UNIVERSITY OF WESTERN ONTARIO,60215
"H &H Science, LLC",84804
"Florida Stte University Research Foundation, Inc.",73060
Bio Minerals N.V.,67345
Korea Institute of Ocean Science & Technology,73391
ASCENDIS PHARMA ONCOLOGY DIVISION A/S,73362
METRO NORTH HOSPITAL AND HEALTH SERVICE,83553
Vita Motus AG,84834
1E Therapeutics Ltd.,79952
KOREA FOOD & DRUG ADMINISTRATION,73391
National University Hospital (Singapore) Pte Ltd,82076
"Qingdao Bolin Biological Technology Co., Ltd.",70247
"B. BRAUN SURGICAL, S.A.",00264
"NANJING IMMUNOPHAGE BIOTECH CO., LTD.",87125
XUZHOU CENTRAL HOSPITAL,85323
KOREA INSTITUTE OF GEOSCIENCE AND MINERAL RESOURCES,73391
CosMED Pharmaceutical Co. Ltd.,61352
"L2 Diagnostics, LLC",50914
Takeda Pharm Limited ceutical Company Limited,00944
Botanix Pharmaceuticals Ltd.,83723
"Red Mountain Med Spa, LLC",62118
"PHI THERAPEUTICS, INC.",79952
"BOEHRINGER INGELHEIM VETMEDICA (CHINA) CO., LTD.",00597
Bracco Suisse,00270
UNIVERSITY OF ALASKA FAIRBANKS,60215
"ATOMY OROT CO., LTD.",52257
"Beijing Aeonvital Biomedicine Research Co., Ltd.",71073
"Shandong Weigao Litong Biological Products Co., Ltd.",82061
"D4 Labs, LLC",54288
Shanghai AB PharmaTech Ltd.,73557
GLOBAL SCIENTIFIC,59448
"L & L BIOPHARMA CO., LTD.",61476
CDR-LIFE AG,84890
"Shanghai Shengyue Pharmaceutical Technology Co., Ltd.",73557
CENTURION ÌLAÇ SANAYI VE TICARET ANONIM SIRKETI,23359
"SHENZHEN LINGFANG BIOTECH CO., LTD.",84449
"GUANGDONG BEATING ORIGIN REGENERATIVE MEDICINE CO., LTD.",85279
Fujian Medical University,75543
"AVADIM HEALTH IP, INC.",61594
JF Pharma Tech LLC,77595
"BEIJING DYNE HIGH-TECH PEDIATRIC PHARMACEUTICAL R&D INSTITUTE CO., LTD.",71073
"SHANDONG DYNE MARINE BIOPHARMACEUTICAL CO., LTD",82061
SHANGHAI RUIHUKANG PHARMACEUTICAL PARTNERSHIP (LIMITED PARTNERSHIP),73557
ZEVRA DENMARK A/S,70040
INDIAN INSTITUTE OF TECHNOLOGY HYDERABAD (IITH),60980
"Arcadia Medicine, Inc.",71990
"858 THERAPEUTICS, INC.",79952
"SHANGHAI MABGEEK BIOTECH. CO., LTD.",73557
Seton Hall University,13925
Bausch + Lomb Ireland Limited,00187
Chengdu Kanghong Biotechnologies Co. Ltd.,82432
TIANJIN HAIRUNJAHE INNOVATIVE PHARMACEUTICAL RESEARCH LIMITED LIABILITY COMPANY,33217
"PURE GREEN PHARMACEUTICALS, INC.",71355
NEW SOUTH WALES HEALTH PATHOLOGY,51400
SHANGHAI YUANXI MEDICINE CORP.,73557
PHOENIX PHARMACEUTICALS AUSTRALIA PTY LTD,60913
"NEXTGEN BIOSCIENCE CO., LTD.",79672
Boston Scientific Medical Device Limited,72628
"Ningbo Combireg Pharmaceutical Technology Co., Ltd.",47993
"ZHEJIANG HANMAI PHARMACEUTICAL TECHNOLOGY CO., LTD.",70412
"WESTLAKE PHARMACEUTICALS (HANGZHOU) CO., LTD.",82895
Shanghai Benemae Pharmaceutical,73557
"Nanjing Institute of Environmental Sciences, MEE",87125
HEALTH HOPE PHARMA LIMITED,84992
Texas Southern University,85811
"GUANGDONG XINGHAI BIOTECHNOLOGY CO., LTD.",85279
GUANGDONG XINGHAI INSTITUTE OF CELL,85279
SHENZHEN BAY LABORATORY,84449
HUNAN SIWEIKANG THERAPEUTICS CO. LTD,84273
NAE WOI KOREA LTD.,73391
Institute of Microbiology. Guangdong Academy of Sciences(Guangdong Detection Center of Microbiology),55330
EMERGENT TRAVEL HEALTH INC.,64678
"Shanghai Innostellar Biotherapeutics Co., Ltd.",73557
"NANJING GENSCRIPT BIOTECH CO., LTD.",87125
Eötvös Loránd University,60215
"SHANDONG MEIMAO PHARMACEUTICAL CO., LTD.",82061
"SHANDONG GUANTIANXIA BIOTECHNOLOGY CO., LTD.",82061
"MEYER BIO-MEDICINE CO., LTD.",47632
"Beijing Greatway Pharmaceutical Technology Co., Ltd.",71073
"AMS Therapeutics, LLC",79952
Cambridge Allergy Limited,52422
HANGZHOU NORMAL UNIVERSITY,72823
"HANGZHOU ZHONGMEIHUADONG PHARMACEUTICAL CO., LTD.",72823
University of New Hampshire,60215
"VB JAPAN TECHNOLOGY CO., LTD.",87130
ARAMIS BIOTECHNOLOGIES INC.,42472
"Omega Therapeutics, Inc.",51048
"SHANGHAI YUNYING BIOPHARMACEUTICAL TECHNOLOGY CO., LTD.",73557
GUANGDONG MEDICAL UNIVERSITY,85279
"CALI BIOSCIENCES US, LLC",85298
Fennec Pharn ceuticals Inc.,73077
"HANGZHOU YIRUI PHARMACEUTICAL TECHNOLOGY CO., LTD",72823
"BEIJING LUZHU BIOTECHNOLOGY CO., LTD.",71073
B. Braun Melsungen AG,00264
"ZHUHAI YUFAN BIOTECHNOLOGIES CO., LTD.",83513
Allergan Pharmaceuticals Therapeutics International Limited,00023
UNIVERSITY OF BRADFORD,60215
"SINGULAR IMMUNE, INC.",83035
"CHENGDU SHIBEIKANG BIOMEDICAL TECHNOLOGY CO., LTD.",82432
"K2B Therapeutics, Inc.",79952
"Adaptive Phage Therapeutics, Inc.",72779
CALLIDITAS THERAPEUTICS SUISSE SA,81749
"CHENGDU HUITAI BIOMEDICINE CO., LTD.",82432
"GUANGZHOU EEC BIOTECH DEVELOPMENT CO., LTD.",84148
"D3 BIO (WUXI) CO., LTD.",65050
ARCHER-DANIELS-MIDLAND COMPANY,79016
NANJING BAIXINYU PHARMACEUTICAL CO. LTD.,87125
China Resources Biopharmaceutical Company Limited,76305
"ST PHI THERAPEUTICS CO., LTD.",79952
UNIVERSITY OF SOUTH CAROLINA and MU,60215
"Hou Chi Chemical Co., Ltd.",63146
"Rain Scientific, Inc.",79662
PI INDUSTRIES LTD.,85954
"SHANGHAI FUDAN-ZHANGJIANG BIO-PHARMACEUTICAL CO., LTD.",73557
Solventum Intellectual Properties Company,17518
"Bliss Biopharmaceutical (Hangzhou) Co., Ltd.",85712
University of Debrecen,60215
"Beijing Friendship Hospital, Capital Medical University",71073
"KOLMAR BNH CO., LTD",49354
Power Seed Comércio e Representações Ltda,85282
Guangdong Ocean University,85279
"Biosciences, Inc.",83100
Food Industry Research and Development Institute,56131
Pfizer Ireland Pharmaceuticals,00013
Dynamic Biologics Inc.,75638
"I Peace, Inc.",71494
SHANGHAI INSTITUTE OF ENDOCRINE AND METABOLIC DISEASES,73557
"Shanghai Genbase Biotechnology Co., Ltd.",73557
"HUMAN METABOLOMICS INSTITUTE, INC.",71356
YUNNAN HAOPY PHARMACEUTICALS LTD,61658
Shanghai Cell Therapy Research Institute,73557
"Shanghai Cell Therapy Group Co., Ltd.",73557
Jerome Canady Research Institute for Advanced Bio,50564
Shanghai Hope-Tec Biotechnology Inc.,73557
London School of Hygiene & Tropical Medicine and UCL Business LTD,80860
HEALTH AND BIOTECH FRANCE (H & B FRANCE),84992
"Zhejiang Genfleet Therapeutics Co., Ltd.",70412
"Precision Pharmaceuticals, Inc.",68094
"SHANDONG HUBBLE KISEN BIOLOGICAL TECHNONLOGY CO., LTD.",82061
"SMITH GENETICS RESEAR CH, LLC",11043
International N&H Denmark ApS,50633
"Spirit Scientific Co., LTD.",68210
"INSTITUTE OF MEDICAL BIOLOGY, CHINESE ACADEMY OF MEDICAL SCIENCES",55330
"SHANGHAI EPIMAB BIOTHERAPEUTICS CO., LTD.",73557
Jazz Pharmaceuticals Research UK Limited,68727
UNIVERSITY OF WINNIPEG,60215
"Chengdu Youwa Biotechnology Co., Ltd.",82432
P.L. THOMAS-LAILA NUTRACEUTICALS,85118
"The United States of America, as represented by the Department of Health and Human Services",58733
"Astellas Engineered Small Molecules US, Incorporated",00469
COVALENT BIOSCIENCE INCORPORATED,82724
"D-10 Therapeutics, Inc.",79952
TWO TO BIOTECH LTD.,81309
Beijing Genomics Institute at Shenzhen,71073
"Clear Creek Bio, Inc.",85299
"APPLIED STEMCELL, INC.",81425
Henan University,85244
IR SCIENTIFIC INC.,69113
4B TECHNOLOGIES (SUZHOU) LIMITED,80324
"Beijing SIG Biopharmaceutical Technology Co., Ltd.",71073
INSTITUTE OF OPHTHALMOLOGY AFFILIATED TO SHANDONG FIRST MEDICAL UNIVERSITY (SHANDONG INSTITUTE OF OPHTHALMO,55330
NEXUS BIO-DRUG DEVELOPMENT LIMITED,14789
"Acerus Pharmaceuticals USA, LLC",42667
"GUANGZHOU HEALTHQUEST PHARMA CO., LTD.",84148
Giant Bio Technology Inc.,56194
SUN YAT-SEN UNIVERSITY CANCER CENTER (SYSUCC),60215
"RISE THERAPEUTICS, LLC",84980
SANO CHEMICALS,80216
Dona J LLC,44356
"SHENZHEN JIKANG PHARMACEUTICAL TECHNOLOGY CO., LTD",84449
National Institutes for Quantum Science and Technology,82076
"Fuzhou Tcelltech Biotechnology Co., Ltd.",84952
Massachusetts Institution of Technology,76318
West Liberty University,65008
B-Organic Films Corp.,70957
"DR.C MEDICAL MEDICINE CO., LTD.",62137
SÉRÉLYS PHARMA S.A.M.,31720
Theragnostics Limited,71083
Tiger Biotherapeutics Inc.,69484
"JIANGSU QYUNS THERAPEUTICS CO., LTD.",77573
"Taizhou Mabtech Pharmaceutical Co., Ltd.",71310
"ZHUHAI TUOYU BIOTECHNOLOGY CO., LTD.",83513
"SHANGHAI GRIT BIOTECHNOLOGY CO., LTD.",73557
"SHENZHEN GRIT BIOTECHNOLOGY CO., LTD.",84449
High Point University,72753
Bill & Melinda Gates Medical Research Institute,52698
"SHENZHEN PREGENE BIOPHARMA CO., LTD.",84449
"General Probiotics, Inc.",21220
NABRIVA THERAPEUTICS GMBH,72000
Cook Myosite Incorporated,62046
SICHUAN ACADEMY OF SCIENCES OF TRADITIONAL CHINESE MEDICINE,87215
"CHANGSHA ZEDA MEDICAL TECH CO., LTD",83887
SHENZHEN RENTAI PHARMATECH LTD.,84449
VERB BIOTICS,84607
L'Oreal S.A.,49967
GUANGZHOU N BIOMED LTD.,84148
FRED HUTCHINSON RESEARCH CENTER,55315
Rayner Intraocular Lenses Limited,82604
Cal Poly Corporation,50991
"NINGBO T-MAXIMUM BIOPHARMACEUTICALS CO., LTD.",47993
"Guangdong Jianersheng Pharmaceutical Technology Co., Ltd.",85279
NOVELTY NOBILITY INC.,83336
SCIENCE FARM LTD.,84804
SHANGHAI LEADO PHARMATECH CO. LTD.,73557
THE MEDICAL RESEARCH INFRASTRUCTURE AND HEAL SERVICED FUND OF THE TEL AVIV MEDECAL CENTER,62137
INSTITUTE OF RADIATION MEDICINE CHINESE ACADEMY OF MEDICAL SCIENCES,55330
"Shanghai RAAS Blood Products Co., Ltd.",73557
"Institute of Blood Transfusion, Chinese Academy of Medical Sciences",55330
"SUNGEN BIOSCIENCE CO., LTD.",70625
Immedica Pharma AB,81583
ONE HEALTH VENTURES LTD,84992
"PRIME MERGER SUB, LLC",72188
DKD INTERNATIONAL PRODUCTION JOINT STOCK COMPANY,50633
BEIJING FORESTRY UNIVERSITY,71073
"Hangzhou BIBAU Biotechnology Co., Ltd.",72823
"NANJING SHUNXIN PHARMACEUTICAL CO., LTD.",87125
Beijing Institute of Technology,71073
"Hangzhou PhecdaMed Co., Ltd.",72823
"SAFETY SHOT, INC.",79401
"Natural Extraction Systems, LLC",84181
DRUG DISCOVERY AND CLINIC S.R.L.,70985
The University Court Of tThe University of Glasgow,60215
CHONGQING PRECISION BIOTECH COMPANY LIMITED,85751
Shenzhen Kangning Hospital (Shenzhen Mental Health Institute Shenzhen Mental Health Center),84449
"Beijing Percans Oncology Co., Ltd.",71073
SCILEX HOLDING COMPANY,69557
STATE INSTITUTION INSTITUTE OF PHARMACOLOGY AND TOXICOLOGY OF NATIONAL ACADEMY MEDICAL SCIENCES OF UKRAINE,62481
"Guangdong CS-Lewwin Drug Research Co., Ltd.",85279
"Guangdong Lewwin Pharmaceutical Research Institute Co., Ltd.",85279
IRP HEALTH PTY LTD,84992
Jiangxi University of Chinese Medicine,83778
"SHANGHAI CHEERMORE BIOLOGICAL TECHNOLOGY CO., LTD",73557
"SHENZHEN CHINA RESOURCES JIUCHUANG MEDICAL AND PHARMACEUTICAL CO., LTD",84449
GH RESEARCH IRELAND LIMITED,52654
Indian Association for the Cultivation of Science,60980
SHANGHAI APEIRON THERAPEUTICS COMPANY LIMITED,73557
Millicent Pharma Limited,72495
"BEIJING YISHENG BIOTECHNOLOGY CO., LTD.",71073
TAO PHARMACEUTICAL (SUZHOU) CO. LTD,62211
"KING FAISAL UNIVERSITY AL-AHSA, SAUDIA ARABIA",57955
"SHANGHAI MICURX PHARMACEUTICAL CO., LTD",73557
"B.A.I. Laboratories, LLC",70188
"Harmony Biosciences Management, Inc.",72028
UIC Group of Kyung Hee University,49687
"Ascension Medical Biotechnology Co., Ltd.",59190
"GUANGZHOU MAGPIE PHARMACEUTICALS CO., LTD.",84148
"HANGZHOU HUIBO SCIENCE AND TECHNOLOGY CO., LTD",72823
"Beijing Kanova Biopharmaceutical Co., Ltd.",71073
"BEIJING MEIKANG GENO-IMMUNE BIOTECHNOLOGY CO., LTD.",71073
"SHANGHAI DIMAIHE BIOTECHNOLOGY CO., LTD.",73557
"GUANGZHOU CENTURY CLINICAL RESEARCH CO., LTD",84148
BEIJING UNIVERSITY OF CHINESE MEDICINE,71073
Henan University of Chinese Medicine,85244
"DR HEALTHCARE ESPAÑA, S.L.",71093
LWP Life Water Prevention SRL,84890
"HANGZHOU HIGHLIGHTLL PHARMACEUTICAL CO., LTD.",72823
THE UNIVERSITY OF NEW BRUNSWICK UNIVERSITÉ DE MONCTON,60215
"GUANGZHOU LIUSHUN BIOTECHNOLOGY CO., LTD.",84148
"BEIJING BEIKEHUAXIA BIO-MEDICAL TECHNOLOGY CO., LTD.",71073
"NFS IP Holdings, LLC",58048
"Guangzhou Morui Pharmaceutical Technology Co., Ltd.",84148
INSTITUTE FOR STEM CELL SCIENCE AND REGENERATIVE MEDICINE,55330
"ZHEJIANG RUIJIAMEI BIOTECH CO., LTD.",70412
"Healthy Ingredient Solutions, LLC",83363
FUTURE UNIVERSITY IN EGYPT,85678
"JIANGSU SHENERYANG HIGH-SCIENCE AND TECHNOLOGY CO., LTD.",77573
PPM BIOPHARMA LLC,61476
NANJING TECH UNIVERSITY,87125
"Singular Genomics Systems, Inc.",83035
WUHAN HEALTHGEN BIOTECHNOLOGY CORP,72845
NATIONAL UNIVERSITY CORPORATION SHIGA UNIVERSITY OF MEDICAL SCIENCE,82076
THE CGP LAB LIMITED,69662
"Sparrow Pharmaceuticals, Inc.",85891
NATIONAL FEDERATION OF AGRICULTURAL COOPERATIVE ASSOCIATIONS,82076
Hubei University of Chinese Medicine,82996
WUHAN HUMANWELL INNOVATIVE DRUG RESEARCH AND DEVELOPMENT CENTER LIMITED COMPANY,72845
BEIJING MIGRASOME THERAPEUTICS LIMITED,71073
"Guangzhou Nanxin Pharmaceutical Co., Ltd.",84148
RISE BIOPHARMACEUTICALS INC.,84980
Viatris Asia Pacific Ptd. Ltd.,00037
CHENGDU OLYMVAX BIOPHARMACEUTICALS INC.,82432
Baker Heart and Diabetes Research Institute.,76102
THE FIRST HOSPITAL OF CHINA MEDICAL UNIVERSITY,53117
"ACADEMY OF MILITARY MEDICAL SCIENCES, ACADEMY OF MILITARY SCIENCES OF CHINESE PLA",59054
BEIJING JIUYU ONCOLGY CO LTD,71073
The United States Government represented byt The United States Department of Veterans Affairs,58733
University of Shanghai for Science and Technology,60215
"I20 THERAPEUTICS, INC.",79952
PRECISION MOLECULAR INC.,68094
HANGZHOU ZEDE PHARMA-TECH CO. LTD.,72823
BEIJING MARINO BIOTECHNOLOGY PTY LTD.,71073
SHANGHAI PUBLIC HEALTH CLINICAL CENTER,73557
"MT RESEARCH, LLC",52654
"GUANGZHOU BAIYUNSHAN PHARMACEUTICAL HOLDINGS CO., LTD. BAIYUNSHAN PHARMACEUTICAL GENERAL FACTORY",84148
"FOSHAN IONOVA BIOTHERAPEUTICS CO., INC.",69159
"ZHEJIANG QINGRONG BIOTECHNOLOGY DEVELOPMENT CO., LTD",70412
CREATIVE MEDICAL DIETS LTD.,82660
"SHANDONG NICE HEALTH TECHNOLOGY CO., LTD.",82061
"Shanghai Yizhe Biotechnology Co., Ltd.",73557
"SHENZHEN CELL INSPIRE PHARMACEUTICAL DEVELOPMENT CO., LTD.",84449
HUNAN YUANPIN CELL TECHNOLOGY CO. LTD.,84273
"SHENZHEN YING BIOPHARMACEUTICAL CO., LTD",84449
"PURE CULTURES, INC.",71355
University of Jeddah,60215
"SHENZHEN FORWARD PHARMACEUTICALS CO., LTD.",84449
SHANGHAI YUANSONG BIOTECHNOLOGY CO. LTD.,73557
Mitsubishi Chemical Corporation,70510
AGRICULTURAL SCIENCES LIMITED,83933
University of the Republic,60215
ENDO BIOLOGICS LIMITED,00254
"Hangzhou Jitai Pharmaceutical Technology Co., Ltd.",72823
"Beijing Increase Innovative Drug Co., LTD",71073
"BEIJING NORTHLAND BIOTECH CO., LTD.",71073
"Guangdong Runhe Biotechnology Co., Ltd",85279
"SHENZHEN JINGTAI TECHNOLOGY CO., LTD",84449
I.COM MEDICAL GMBH,62137
"NINGBO EISEN LIFE TECHNOLOGY CO., LTD.",47993
International Liverstock Research Institute (ILRI),50633
"SYNERGY LIFE SCIENCE, Inc",83279
"GUANGZHOU XIN-CHUANGYI BIOPHARMACEUTICAL CO., LTD",84148
K&K BIOTECH,81309
Food and Drug Administration,56131
RHT LIMITED,69662
"EVOFEM BIOSCIENCES, INC.",69751
IIT Research Institute,52654
NATIONAL INSTITUTE OF TECHNOLOGY ROURKELA,82076
INSTITUTE OF BASIC MEDICAL SCIENCES,55330
"Hainan Yiling Medical Industry & Development Co., Ltd.",14335
"A-Alpha Bio, Inc.",69335
"Bio Ventures, LLC",68678
The University of The West Indies,60215
University Public Corporation Osaka,60215
Zhejiang Gongshang University,70412
McNeil AB,12830
SHANGHAI OCEAN UNIVERSITY,73557
"Advanced Respiratory Technologies, Inc.",69488
"BEIJING CENTRE BIOLOGY CO., LTD",71073
"Henan Zhiwei Biomedicine Co., Ltd.",85244
"SHANGHAI XINGYE PHARMACEUTICAL TECHNOLOGY CO., LTD",73557
"INSTITUTE OF HEALTH AND MEDICINE, HEFEI COMPREHENSIVE NATIONAL SCIENCE CENTER",55330
UNIVERSITY OF SOUTH ALABAMA FOUNDATION FOR RESEARCH AND COMMERCIALIZATION,60215
"UIF (University Industry Foundation), Yonsei University",60215
"Astellas Gene Therapies, Inc.",00469
"GUANGZHOU IMD THERAPEUTICS CO., LTD.",84148
"Hubei Zhuzhao Biotechnology Co., Ltd.",82996
CHANGSHA LVYE BIOTECHNOLOGY CO. LTD,83887
"DALE BIOTECH, LLC",53452
"MSI-195 HOLDINGS, LLC",58048
Ferring Microbiome Inc.,55566
Endo Operations Limited,00254
THE PENN STATE RESEARCH FOUNDATION UNIVERSITY,69125
"Paragon Therapeutics, Inc.",42702
MOUNT SPEC INVESTMENTS PTY LTD,67465
Fera Diagnostics and Biologicals Corp.,48102
"SHENZHEN OPTIMUM BIOLOGICAL TECHNOLOGY CO., LTD",84449
"SURFACE OPHTHALMICS, INC.",72344
SHENZHEN PROFOUND VIEW PHARMACEUTICAL TECHNOLOGY,84449
"NEXTGEN BIOLOGICS, INC.",79672
"WUXI LIFE FOUNTAIN BIOTECH CO., LTD",65050
"Shanghai Fosun Pharmaceutical Industrial Development Co, , Ltd.",73557
"CHENGDU CYNOGEN BIO-PHARMACEUTICAL TECHNOLOGY CO., LTD.",82432
Akron BioProducts LLC,71399
"Shandong Boan Biotechnology Co., Ltd.",82061
Jiangsu AoSaiKang Ph,77573
HRY Z (Shanghai) Biotech Co.,73557
HRY Z (Guangzhou) Biotech Co.,84148
"King's Ground Biotech Co., Ltd.",57955
SUMMIT (OXFORD) LIMITED,43674
"Shenzhen Linglan Bio-Pharmaceutical Technology Co., Ltd",84449
"HAINAN SIMCERE PHARMACEUTICAL CO., LTD.",14335
INSTITUTE OF SCIENCE TOKYO,55330
SG MEDICAL INC.,62137
Healing Genes LLC,61077
"Panacea Venture Healthcare Fund I, LP",43817
"SHANGHAI BAO PHARMACEUTICALS CO., LTD.",73557
Performance Chemicals LLC,51042
"NANJING MUCOSA TECH CO., LTD.",87125
SHENZHEN ALPHA BIOPHARMACEUTICAL CO. LTD.,84449
"DOCTOR TJ CO., LTD",73666
"NATIONAL UNIVERSITY CORPORATION, IWATE UNIVERSITY",82076
"Beijing Sinotau Bio-Pharmaceuticals Technology Co., Ltd.",71073
GREEN INNOVATION GMBH,61152
"JIANGSU SUZHONG PHARMACEUTICAL RESEARCH INSTITUTE CO., LTD.",77573
The United States Government,58733
Boehringer Ingelheim Veterinary Medicine Belgium,00597
"Beijing Hengmei Jinye Nutrition and Health Technology Co., Ltd.",71073
"Zhejiang Hengmei Health Technology Co., Ltd.",70412
"NATURAL ENDOTECH CO., LTD.",84181
Korea Institute of Machinery & Materials,73391
LIMITED LIABILITY COMPANY ENTERPRISE “REPER-NN”,69662
"SHANDONG XUANZHU PHARMA CO., LTD.",82061
MEMORIAL HOSPITAL FOR CANCER AND ALLIED DISEASES,42007
"Shenzhen Porshealth Bioengineering Co., Ltd.",84449
"SHENZHEN AUSA PHARMACEUTICAL CO., LTD.",84449
"SHENZHEN AUSA PHARMED CO., LTD.",84449
IBSA INSTITUT BIOCHIMIQUE SA,71858
"N1 LIFE, INC.",84890
TF Holdings LLC,58048
"Nanjing Ruijie Pharma Co., Ltd.",87125
DJ Therapeutics LLC,79952
"Applied Pharmaceutical Science, Inc.",81425
IGI Therapeutics SA,79952
John Wyeth & Brother Limited,61140
"MERCK & CO., INC.",00006
IMPERIAL CHEMICAL INDUSTRIES LIMITED,83837
Recordati S.A. Chemical and Pharmaceutical Company,52276
"KYOWA HAKKO KOGYO CO., LTD.",42747
C.E.R.P.H.A.,69778
E.R. SQUIBB & SONS. INC.,00003
Strategic Medical Research Corporation,49348
Laboratoire L. Lafon,63388
Science Union et Cie,84804
Boehringer Mannheim GmbH,00597
Henkel & Cie,54340
Takeda Chemical Industries Ltd.,00944
Laboratoire Roger Bellon,63388
"Leo Pharmaceutical Products, Ltd.",62211
"Mitsubishi Chemical Industries, Ltd.",70510
American Hospital Supply Corp.,58701
"Lilly Industries, Inc.",00002
"Sandoz Ltd., (Sandoz AG)",00185
"Science Union et Cie, Societe Francaise de Recherche Med.",84804
"Daiichi Seiyaku Co., Ltd.",65597
American Hoechst Corporation,58701
"The Lion Dentifrice Co., Ltd.",83605
"The United States of America as represented by the Department of Health, Education and Welfare",58733
"McNeil Laboratories, Inc.",12830
"Laboratorios Made, S.A.",72483
INTERNATIONAL PAPER COMPANY,50633
American Cyanamid Company,58701
"ICI United States, Inc.",58733
Standard Oil Company (Indiana),00360
"Parke, Davis & Company",00071
Standard-Messo-Duisburg Gesellschaft fur Chemietechnik mit beschrankter Haftung & Co.,00360
Henkel Kommanditgesellschaft auf Aktien,54340
THE DOW CHEMICAL COMPANY,63146
"Endo Laboratories, Inc.",00254
"May & Baker, Ltd.",76102
Pierrel SpA,45146
Merck Sharp & Dohme (I.A.) Corp.,00006
Henkel Kommanditgesellschaft auf Aktien (Henkel KGAA),54340
Novo Enzyme Corporation,00169
Johnson & Johnson GmbH,84539
The Purdue Frederick Company,59011
USV Pharmaceutical Corporation,62211
"SUMITOMO ELECTRIC INDUSTRIES, LTD.",63402
The United States of America as represented by the Secretary of State,58733
Laboratories Cassenne,70188
Leo Pharmaceutical Products Ltd. a/s (Lovens Kemiske Fabrik Produktionsaktieselskab),62211
"Novo Laboratories, Inc.",00169
Reckitt & Colman Products Limited,52031
C. M. Industries,85954
THERA Gesellschaft fur Patentverwertung mbH,82143
W. R. Grace & Co.,84803
Albert Rolland S.A.,83002
Otsuka Kagaku Yakuhin Kabushiki Kaisha,59148
"Research Institute for Medicine and Chemistry, Inc.",52654
The Lion Dentrifice Co. Ltd.,83605
Pharmacia Corporation,00009
Johnson Matthey Inc.,84539
Laboratoires Jacques Logeais,62169
THEA (Therapeutique et Applications) S.A.,82584
Newport Pharmaceuticals International,84697
Continental Pharma Incorporated,64321
"Mitsubishi Yuka Pharmaceutical Co., Ltd.",70510
Mitsubishi Petrochemical Company Limited,70510
DRACO LTD.,83019
Laboratoire Debat,63388
Diamond Shamrock Corporation,55322
National Foundation for Cancer Research,82076
Sumitomo Chemical Industries Ltd.,63402
Laboratoires OM Societe Anonyme,62169
PLC Pharmaceutical Licenses Co. Ltd.,62211
"LION GROUP, INC.",83605
Laboratorio Chimico Farmaceutico CAUSYTH S.p.A.,65131
Nippon Shoji Kaisha Ltd.,24509
MERCK PATENT GESELLSCHAFT MIT BESHRANK TER HAFTUNG,00006
"Serono Laboratories, Inc.",44087
Productos Esteve Internacional S.A.,83342
"University Patents, Inc.",60215
NATIONAL RESEARCH DEVELOPMENT CORPORATION,82076
"Thomas C. Elder, Inc.",85118
Ess-Food Eksport-Svineslagteriernes Salgsforening,56131
MPD Technology Corporation,73927
Recordati S.A.,52276
B.B.R. Boehringer Biochemia Robin S.p.A.,00597
C. H. Boehringer Sohn,00597
CDC Life Sciences Inc.,84890
Laboratoires SARGET,62169
"SS Pharmaceutical Co., Ltd.",62211
Japan Synthetic Rubber Corporation,87130
Laboratories d'Hygiene et de Dietetique,70188
"Texas Alkyls, Inc.",85811
Drug Science Foundation,70985
Les Laboratoires Meram,62169
D.D. SRL,53205
Human Oltoanyagtermelo Es Kutato Intezet,71356
Laboratorio Guidotti & C. S.p.A.,65131
"Johnson & Johnson Products, Inc.",84539
Development Finance Corporation of New Zeland,72908
Medical College of Ohio,62137
Advance Biofactures Corporation,60615
Heyl & Co.,58060
General Director of the Agency of Industrial Science and Technology,21220
"Bee Brand Medico Dental Co., Ltd.",84090
Laboratories Debat,70188
"F. R, Squibb & Sons, Inc.",00003
Sigma-Tau,84831
Ferring AB,55566
Laboratoires Chauvin-Blache,62169
"KYOWA CHEMICAL INDUSTRY CO., LTD.",42747
International Minerals & Chemical Corp.,50633
SDS Biotech Kabushiki Kaisha,81309
S.I.P.S.Y.,31720
Lilly House,00002
Institute Organicheskogo Sinteza,55330
"General Director of the Agency of Industrial Science and Technology, Seiichi Ishizaka",21220
Laboratoires Sobio S.A. of Immeuble Perisud,62169
Henkel AG & Co. KGaA,54340
The Regents of the University of Calif.,76326
Laboratoires Panmedica,62169
Laboratories Pharmedical SA,70188
Continental Pharma S.A.,64321
"University of Florida Foundation, Incorporated",60215
Institute of Organic Synthesis Academy of Sciences Latvian SSR.,55330
Sanofi S.A.,00024
"McNeil Lab, Inc.",12830
"Eisai Ci., Ltd.",62856
Pharmacia AB,00009
"Biogen, N.V.",59627
Dentsply Research and Development Corp.,66312
"Gold Bond Ice Cream, Inc.",84714
Merck Frosst Canada Ltd.,00006
"Baker Group, LLP",76102
"Laboratorios Vita, S.A.",72483
Polifarma S.p.A.,84879
Arizona State University,61973
"Belleview Pharmaceutical, Inc.",84447
"Clinical Reference Laboratory, Inc.",65919
"Baxter Travenol Laboratories, Inc.",00338
Japan Atomic Energy Research Institute,87130
Hamamatsu University School of Medicine,76376
Solco Basel AG,43547
The Medical Research Foundation of Oregon,62137
Otsuka Kagaku Kabushiki Kaisya,59148
NIPPON OIL CORPORATION,24509
Smith Kline - RIT,11043
"Matrix Pharmaceutical, Inc.",87156
Organon Teknika B. V.,78206
Sato Pharmaceutical Research Institute Ltd.,49873
Boehringer Biochemia Robin S.p.A.,00597
Wella GmbH,82157
Sumitomo Pharmaceuticals Company Limited,63402
"Nippon Petrochemicals, Co., Ltd.",24509
Nova Pharmaceutical Co.,62484
California Biotechnology Inc.,68403
"Japan Chemical Research Co., Ltd.",87130
NEWPORT CORPORATION,84697
"Merck Frosst Canada, Ind.",00006
Kyowa Hakko Kogyo K.K.,42747
"MITSUBISHI HEAVY INDUSTRIES, LTD.",70510
"La Compania Espanola De La Penicilina Y Antibioticos, S.A.",54312
Central Laboratory of the Swiss Red Cross Blood Transfusion Service,85674
D.R.O.P.I.C.,53205
Johnson Matthey PLC,84539
"Laboratorio Fides, S.A.",65131
"Laboratorios Madaus-Cerafarm, S.A.",72483
California Health Technologies,68403
"State of Oregon, acting by and through the Oregon State Board of Higher Education, acting for and on behalf of the Oregon Health Sciences University and the University of Oregon",62481
American Home Products Corp. (Del),58701
Henkel Limited,54340
Laboratoires Delagrange,62169
Boehringer Mannhelm GmbH,00597
Canadian Patents and Development Limited,54291
Bio-Technology General Corporation,73927
Novo Industri A/S,00169
Eye Research Institute of Retina Foundation,52654
"First Fidelity Bank, National Association, New Jersey",53117
Laboratoires Pharmascience,62169
Laboratoires Syntex,62169
The BOC Group Limited,49687
Squibb Corporation,00003
M.I.T. LIMITED,69662
"Laboratoires, P.O.S.",62169
Chemical Dynamics Sweden AB,63146
Alpha Therapeutic Corporation,69335
University of Alberta,60215
Biotest-Serum-Institut GmbH,83372
Laboratoires Negma,62169
Smith Kline Dauelsberg GmbH,11043
Laboratories Hoechst S/A,70188
Central Blood Laboratories Authority,85674
"501 Laboratorios Del, Dr. Esteve",72483
Bio-Tech A/S,77595
Bio Science Laboratory,84804
"NIPPON PAINT HOLDINGS CO., LTD.",24509
Bayer Aktiengesellschaft & Chinese,00026
Trustees of Tufts College (AKA Tufts University),40098
"Nippon Pharmaceutical Development Institute Co., Ltd.",24509
Sandoz Pharm. Corp.,00185
Laboratories Smith Kline & French,70188
Research Development Corporation of Japan,52654
"501 Advanced Peptide Development, Ltd.",69488
SIR International,50633
"Advanced Magnetics, Inc.",69488
"Integrated Genetics, Inc.",73141
United States Borax & Chemical Corporation,58733
501 Fresenius AG,18124
Kyowa Hakko Kagyo Co.,42747
"State of Israel, Represented by Prime Minister's Office, Israel Institute for Biological Research",62481
Applied Medical Research,81425
Laboratorios Vinas S.A.,72483
MOUNT SINAI HOSPITAL,67465
"Baker Cummins Pharamaceuticals, Inc.",76102
CENTER FOR MOLECULAR MEDICINE AND IMMUNOLOGY,82800
Bayer Akt.,00026
National Research Corporation,82076
Laboratories Chauvin,70188
"Institute of Molecular Biology, Inc.",55330
"Shionogi and Co., Ltd. Patent Department",59630
"STATE OF ISRAEL, ISRAEL INSTITUTE FOR BIOLOGICAL RESEARCH",62481
Royal North Shore Hospital and Area Health Service,68791
University of Virginia Alumni Patents Foundation,60215
Mitsubishi Kasei Corporation,70510
American Biotechnology Company,58701
"Johnson & Johnson Patient Care, Inc.",84539
Boehringer Ingelheim Zentrale GmbH,00597
MEDICAL UNIVERSITY OF SOUTH CAROLINA,62137
Nippon Mining Company Limited,24509
APS Research Limited,52654
"Daiichi Pure Chemicals Co., Ltd.",65597
"Johnson & Johnson Consumer Products, Inc.",84539
Janssen Pharmaceutica N.V. frame-543,50458
UNITED STATES DEPARTMENT OF ENERGY,58733
SA Laboratoire Roger Bellon,63388
Nova Technology Corporation,62484
Long Island Jewish Medical Center,81298
Laboratoires Sobio S.A.,62169
"Boehringer Mannheim Italia, S.p.A.",00597
Pharm-Allergan GmbH,77039
"JAPAN PET DRUGS CO., LTD.",87130
"Kowa Comp., Ltd.",66869
"HEM Research, Inc.",52654
"Rugby-Darby Group Companies, Inc.",00536
NIPPON HYPOX LABORATORIES INCORPORATED,24509
University of Louisville,60215
"Alpha-Beta Technology, Inc.",69335
"DAIICHI PHARMACEUTICAL CO., LTD.",65597
Industria Farmaceutica Serono SpA,84663
"Spectrum Consumer Products Co., Inc.",76961
Nippon Oil & Fats Co. Ltd.,24509
Specialty Foods Investement Company,84228
National Starch and Chemical Investment Holding Copporation,82076
"Creative BioMolecules, Inc.",82660
National Science Council,82076
Fresenius AG,18124
Boehringer Mannehim GmbH,00597
"ML Technology Ventures, L.P.",73927
Alliance Pharmaceutical Corp.,72238
"John Wyeth & Bro., Limited",61140
"Applied Analytical Industries, Inc.",81425
Mount Sinai School of Medicine,67465
National Energy Council,82076
"Lilly, SA",00002
Arizona Technology Development Corporation,61973
Laboratories UPSA,70188
Nucleic Acid Research Institute,75053
Nicholas Kiwi Pty Ltd.,67899
"RESEARCH CORPORATION TECHNOLOGIES, INC.",52654
Great Lakes Chemical Corp.,64092
Institute for Applied Biotechnology,55330
Medical Biology Institute,62137
Serono OTC S.A.,44087
Center for Innovative Technology,82800
Les Laboratoires Beecham S.A.,62169
"Baker Cummins Dermatologicals, Inc.",76102
NDM Acquisition Corp.,71293
Science et Organization,84804
Atlantic Pharmaceutical Products Limited,17856
Revlon,10967
"ARIZONA BOARD OF REGENTS, ACTING FOR AND ON BEHALF OF ARIZONA STATE UNIVERSITY",61973
Applied Genetics,81425
"Kyowa Hakko Co., Ltd.",42747
Science et Organisation,84804
Laboratoires Delagrange Societe d'Application Pharmacodynamiques,62169
APPLIED RESEARCH SYSTEMS ARS HOLDING N.V.,81425
LABORATOIRES SERONO S.A.,62169
Laboratoires Lucien,62169
Boehringer Ingelheim Int'l. GmbH,00597
"McNeil-PPC, Inc.",12830
"State of Oregon, acting by and through the Oregon State Board of Higer Education, acting for and on behalf of the Oregon Health Sciences University",62481
"Summit Technology, Inc.",43674
"Imperial Chemical Industries PLC, ICI Pharma",83837
"Washington University Technology Associated, Inc.",68428
Bio-Tox Diagnostics Kommanditbolag,50914
Imperial Chemistries Industries PLC,83837
"International Genetic Engineering, Inc.",50633
Smith Kline & Franch Laboratories Limited,11043
"Kyowa Hakko Gogyo Co., Ltd.",42747
Laboratoires OM S.A.,62169
"American Biogenetic Sciences, Inc.",58701
The State of Oregon acting by and through the State Board of Higher Education on behalf of Oregon Health Sciences University,62481
"Japan Fine Chemical Co., Ltd.",87130
UNITED PHARMACEUTICALS,58733
"Arizona Board of Regents, a body corporate of Arizona State University",61973
"Japan Immunoresearch Laboratories Co., Ltd.",87130
Florida State University,73060
"Dai-Nippon Sugar Mfg. Co., Ltd.",24509
"University Technologies International, Inc.",60215
Laboratoires Delagrange (Synthelabo),62169
t-PA Technology Trust,73927
Warner Lambert Pottery Road Limited,69428
Medical College of Pennsylvania,62137
"The United States Government as represented by the Secretary, DHHS",58733
Edward Mendell & Co.,66910
Trustees of the University of Penna,40098
Boehringer Ingelheim Italia S.p.A.,00597
"Dong-A Pharm. Co., Ltd.",73242
"Quest International Flavors & Food Ingredients Company, division of Indopco, Inc.",17433
Trigen GmbH,13811
The University of N.C. at Chapel Hill,60215
Korea Greencross Corp.,73391
The United States of America as represented by the Secretary of Health and Human Services STA DC COD 06,58733
Cis Bio International,50633
"BOC Health Care, Inc.",84992
"Micro-Collagen Pharmaceutics, Ltd.",83018
"Standard Chemical & Pharmaceutical Co., Ltd.",00360
"NIPPON MEKTRON, LTD.",24509
"Olympus Optical Co., Ltd.",73624
"Daiichi Radioisotope Laboratories, Ltd.",65597
"R-Tech Ueno, Ltd.",77595
Japan Antibiotics Research Association,87130
"Eisai Chemical Co., Ltd.",62856
Institute for Molecular Biology & Biotechnology/FORTH,55330
"Laboratories Almirall, S.A.",70188
ALBERT EINSTEIN COLLEGE OF MEDICINE OF YESHIVA UNIVERSITY,83002
Research and Education Institute,52654
"Pacific Chemical Co., Ltd.",60758
Merck Patentgesellschaft,00006
"Somerset Pharmaceuticals, Inc.",70069
LABORATORIOS ANDROMACO S.A.,72483
"Martek Limited, LLC",84053
University of Toronto Innovations.Foundation,60215
"Traditional Chinese Medicine Research Laboratory, Inc.",78732
United States Department of Health and Human Services,58733
LABORATOIRES CARILENE,62169
State of Oregon,62481
M.L. Laboratories PLC,70188
Central Sydney Area Health Service,85674
"National Pain Institute, Inc.",82076
Shionogi Seiyaku Kabushiki Kaisha,59630
"Pfizer Hospital Products Group, Inc.",00013
LABORATOIRE THERAMEX,63388
Laboratoire Chauvin S.A.,63388
Imperial Chemical House,83837
"Advance Co., Ltd.",60615
"Elf Sanofi, A French Corp.",00024
"COR Therapeutics, Inc.",79952
"IMPERIAL COLLEGE OF SCIENCE, TECHNOLOGY AND MEDICINE",83837
"Procter & Gamble Pharmaceuticals, Inc.",58933
THE REGENTS OF THE UNIV. OF CALIFORNIA,76326
National De La Sante et De La Recherche Medicale,82076
"Ocular Research of Boston, Inc.",70382
London Hospital Medical College,80860
Plant Genetic Systems N.V.,84009
Laboratories Merck Sharp & Dohme-Chibret,70188
"Laboratorios Cusi, S.A.",72483
THE UNIVERSITY OF TEXAS,60215
Natural Carotene Corporation,84181
Laboratoires Mayoly Spindler,62169
"American BioScience, Inc.",58701
Laboratoires USPA,62169
"Applied Immune Sciences, Inc.",81425
Washington Research Foundation,68428
Virginia Commonwealth University Medical College,60563
"PACIFIC CONSULTANTS CO., LTD.",60758
"Health Maintenance Programs, Inc.",84992
Merck Sharp & Dohme-Chibret,00006
"Mallinckrodt Veterinary, Inc.",63004
Vita-Invest S.A.,84834
SK&F Laboratories Ltd.,70188
"The Arizona Board of Regents, A Body Corporate Acting on Behalf of Arizona State University",61973
Laboratorio Farmaceutico Lofarma S.r.l.,65131
Trinity university,54295
"Advanced Therapies, Inc.",69488
North Shore University Hospital Research Corporation,42887
Medical College of PA,62137
West Agro Inc.,65008
"Nippon Zeon Co., Ltd.",24509
Swiss Serum and Vaccine Institute Berne,60232
"The Center for Blood Research, Inc.",82800
"Sano Co., Ltd.",80216
University of Conn.,60215
The United States of America as represented by the Secretary of the Dept. of Health & Human Services,58733
"S.L.T. Japan Co., Ltd.",87130
Delta Biotechnology Limited,66353
"Skin Biology, Inc.",82657
Institute of Organic Chemistry and Biochemistry of the Academy of,55330
"Albert Einstein College of Medicine of Yeshiva University, a division of Yeshiva University",83002
Boehringer Mannheim Pharmaceuticals Corp.,00597
"Advance Biofactures of Curacao, N.V.",60615
Martek Biosciences Corporation,84053
The James Black Foundation Limited,46414
AS Biotech-Mackzymal,81309
The Hope Heart Institute,60267
Japan as represented by Director General of the Agency of Industrial Science and Technology,87130
The American National Red Cross,58701
"Cambridge NeuroScience, Inc.",52422
The Regents of the University of New Mexico,76326
HCS Research and Development,52654
3i Research Exploitation Limited,52654
Delta Agro Industries,66353
Medical College of Wisconsin Research Foundation,62137
Baxter Diagnostics Inc.,00338
Japan Lotion Company,87130
University of Houston-University Park,60215
Emu Products Western Australia Pty. Ltd.,10018
"Kyowa Hakko Kohyo Co., Ltd.",42747
"Dade International, Inc.",70672
Pierre Fabre Cosmetique,64370
S S P L Safe Sex Products Licensing Societe Anonyme,49215
"North American Vaccine, Inc.",42887
ML Laboratories,70188
"SUMITOMO METAL INDUSTRIES, LTD.",63402
Korea Green Cross Corporation CNT KRX COD 03 ITX a part interest,73391
Texas Biotechnology Corporation,85811
Zhejiang Provincial Hospital of Traditional Chinese Medicine,70412
Dermatology Home Products Inc.,85344
BIOTECH AUSTRALIA PTY. LTD.,81309
La Jolla Cancer Research Foundation,68547
Johnson & Johnson Medical GMBH,84539
Mount Sinai School of Medicine of the City of New York,67465
"Life Medical Sciences, Inc.",84890
Laboratoires Inocosm,62169
Medical College of Hampton Roads,62137
National Jewish Center for Immunology and Respiratory Medicine,82076
Laboratoires De Therapeutique Moderne,62169
Laboratories Monal,70188
Johnson & Johnson Vision Products Inc.,84539
James N. Gamble Institute of Medical Research,46414
University Research Foundation,60215
"Apex Bioscience, Inc.",63479
UNIVERSITY HOSPITALS OF CLEVELAND,60215
The National Blood Authority,82076
"Sanofi Winthrop, Inc.",00024
"TAP Holdings, LLC",58048
General Motors LLC,21220
Virus Research Institute,74707
K.V. Pharmaceutical Company,62211
"Dong Wha Pharmaceutical Industrial Co., Ltd.",73242
NIPPON STEEL CORPORATION,24509
"HUMAN GENOME SCIENCES, INC.",71356
"LTT Institute Co., Ltd.",55330
Laboratoires Phytocos,62169
Medical Sciences Research Institute,62137
The University of Toledo and Medical College of Ohio,60215
L.I.M.A.D. Limited,69662
"Alpha-1 Biomedicals, Inc.",69335
SHISEIDO INTERNATIONAL FRANCE,58411
"Methodist Hospital of Indiana, Inc.",69864
Commonwealth and Industrial Research Organization,54528
ISIS PHARMA GmbH,87121
Fisher Controls International LLC,57516
Virginia Polytechnic Institute and State University,60563
"Columbia Laboratories, Inc.",61016
Duke Univ.,71782
Canadian Spinal Research Organization,54291
Care Technologies Inc.,20394
ImClone Systems Incorporated,66733
The Johns Hopkins University School of Medicine,40089
Southern Research Inst.,61567
Chemical Works of Richter Gedeon Ltd.,63146
LSU Medical Center,62137
University of Leiden,60215
"Advanced Tissue Sciences, Inc.",69488
"Applied Microbiology, Inc.",81425
"Medical Discoveries Group, Inc.",62137
Laboratoires Hoechst,62169
ARP Biomed Ltd.,69250
"NIPPON PAPER INDUSTRIES CO., LTD.",24509
Leo Pharmaceutical Products Ltd.A/S/ (L.o slashed.vens kemiske Fabrik Produktionsaktieselskab),62211
Pharming B.V.,71274
University of GA Research Foundation,60215
Royal Free Hospital School of Medicine,68791
University of Kansas Medical Center,60215
Karo Bio Aktiebolag,84485
Beiersdorf-Lilly GmbH,10356
"Competitive Technologies, Inc.",81442
Pharmacia & UpJohn AB,00009
"Middlesex Sciences, Inc.",63961
T. J. Smith & Newphew Limited,11043
Henry M. Jackson Foundation,00404
Pharmacia S.p.A.,00009
ECC International Limited,50633
Pacific Northwest Research Foundation,60758
Cambridge Neuroscience Research Inc.,52422
"State of Oregon, Acting by and Through the Oregon State Board of Higher Education on Behalf of the Oregon Health Sciences University, a non-profit organization",62481
Laboratoires Glaxo SA,62169
"Advanced Cardiovascular Systems, Inc.",69488
Bracco International BV,00270
RESEARCH INSTITUTE OF INDUSTRIAL SCIENCE & TECHNOLOGY,52654
Institute of Dental Surgery,55330
"CBR Laboratories, Inc.",70188
"Ascent Pediatrics, Inc.",43602
Tetra Werke Dr. rer. nat. U. Baensch GmbH,49406
"Les Laboratoires Aeterna, Inc.",62169
Bayer S.p.A.,00026
Valley Cancer Institute,81803
"PGK, Enterprises, Inc.",83741
Advanced Corneal Systems,69488
University of Massachusetts Medical Center,60215
Oxford Biosciences Limited,69584
Minneapolis Medical Research Foundation,55147
LG Chemical Ltd.,63146
Research Triangle Pharmaceuticals,52654
Drug Institute,70985
Co-Enzyme Technology Ltd.,76378
Georgia State Univ. Research Foundation,54622
THE UNIVERSITY OF NEWCASTLE RESEARCH ASSOCIATES LIMITED,60215
"Baker Norton Pharmaceuticals, Inc.",76102
UNIVERSITY OF ARIZONA,60215
Human Cell Cultures Inc.,71356
Sanofi Sante Nutrition Animale,00024
Imperial Chemical Company,83837
La Jolla Cancer Research Center,68547
"I MEDEX CO., LTD.",65866
UNIVERSITY OF NEBRASKA BOARD OF REGENTS,60215
"Bio Med Sciences, Inc.",82026
"Drug Innovation & Design, Incorporated",70985
Clarion Pharmaceuticals Inc.,69693
LABORATORIOS DALMER S.A.,72483
"CV Therapeutics, Inc.",79952
Laboratoires Biocodex,62169
"Micro-Pak, Inc.",83018
Cal International Limited,50633
Georgia State University,54622
"Kowa Tekuno Sachi Co., Ltd.",66869
Takeda Chem. Ind. Ltd.,00944
Laboratoires Dolisos,62169
New York State Office of Mental Health,82355
Nippon Socea Kabushiki Kaisha,24509
"FHJ Scientific, Inc.",69113
"Biotech Research Labs, Inc.",81309
Northern Illinois University,82716
"HIV Diagnostics, Inc.",50914
"Alkermes Controlled Therapeutics, Inc.",65757
Biopure Corporation,78674
Boehringer Ingelheim (Canada) Ltd.,00597
Neptune Pharmaceutical Corporation,84869
"Boehringer Inglehiem Pharmaceuticals, Inc.",00597
GPI Nil Holdings Inc.,58048
Johns Hopkins Univ. School of Medicine,40089
"University of Hawaii, Office of Technology Transfer and Economic Development",60215
"Institute of Pharmacology, West China Univ. of Medical Sciences",55330
"International Medical Innovations, Inc.",50633
Micro Therapeutics,83018
"K.O. Technology, Inc.",73927
"Novo Nordisk Biotech, Inc.",00169
University Hospital,60215
JOHN WAYNE CANCER INSTITUTE,61140
"THE UNITED STATES OF AMERICA, AS REPRESENTED BY THE DEPARTMENT OF HEALTH AND HUMAN SERVICES, NATIONAL INSTITUTES OF HEALTH",58733
Regents of the University of CA,76326
"LDS Technologies, Inc.",80324
Laboratoire Laphal,63388
The Institute of Physical and Chemical Research,55330
Santen Oy,65086
Pharmaceutical Discovery Corporation,62211
"International Brachytherapy, S.A.",50633
Behring Diagnostics GmbH,00053
C.I.R.D. Galderma,00299
"Institute of Materia Medica, an institute of the Chinese Academy of Medical Sciences",55330
Central Laboratory of The Netherlands Red Cross Blood Tranfusion Service,85674
Development Biotechnological Processes S.N.C.,72908
John Hopkins School of Medicine,61140
"Precision Therapeutics, Inc.",68094
Ferring-Research Limited,55566
La Roche Posay-Laboratoire Pharmaceutique,00140
C V Technologies Inc.,80324
Laboratoire Glaxo Wellcome,63388
University Of Pittsburgh University Patent Committee Policy And Procedures,60215
Institute of Applied Biochemistry Gifu-ken,55330
"Southern Cross Biotech Party, Ltd",61567
Laboratorio CHile S.A.,65131
Amgen Boulder Inc.,55513
Mount Sinai School of Medicine of the City University of New York,67465
University of Vermont,60215
"The Research & Development Institute, Inc.",52654
"MallincKrodt Medical, Inc.",63004
The Regents of the University of Technology Office of Technology Transfer,76326
Ambi Inc.,73453
Boehringer Mannheim Pharmaceuticals Corporation-SmithKline Beecham Corporation Limited Partnership #1,00597
Bio-Virus Research Incorporated,74707
SAM Research Corporation,52654
Laboratoires Besins Iscovesco,62169
Micro Active Protein AB,83018
"SUN MEDICAL CO., LTD.",62137
Novartis Finance Corporation,00078
The Research Foundation of State of New York,52654
The Institute for Child Health Research,55330
The University of British Columbia - University Maison Office (Industrial),60215
The Institute of Child Health Research,55330
"Sage R&D, a partnership",83119
Novartis Nutrition AG,00078
LINK-TECH INC.,66908
Pacific Northwest Cancer Foundation,60758
Advanced Research & Technology Institute,69488
National Institute for Pharmaceutical Research and Development Federal Ministry of Science and Technology,82076
EL Management LLC,83591
University of Limburg,60215
University of Pittsburgh Medical Center,60215
GS DEVELOPMENT AB,72908
The Regents of the University of California at San Diego,76326
Advanced Viral Research Corporation,69488
Japan Science and Technology,87130
Roche Vitamins Inc.,00140
Georgia State,54622
Japan Energy Corporation,87130
Fortune Bio-Tech Limited,51467
"APPLIED FOOD BIOTECHNOLOGY, INC.",81425
A.sup.+ Science Invest AB,84804
"Sanofi Pharmaceuticals, Inc.",00024
"MEDICAL CONCEPTS DEVELOPMENT, INC.",62137
Dade Behring Marburg GmbH,70672
Isis Innovation Limited,87121
American Red Cross,58701
American Dental Association Health Foundation,58701
University of Medicine and Dentistry of New Jersey,60215
The John P. Robarts Institute,61140
Barbara Ann Karmanos Cancer Institute,78714
Novo Nordisk A/S—Novo Alle,00169
Sage R&D,83119
Charlotte Hospital Authority,64646
"Athena Neurosciences, Inc.",71511
Bd. of Trustees of Leland Stanford Junior University,40098
Eastern Virginia Medical School of the Medical College of Hampton,68915
HSC Research and Development Limited Partnership,52654
Allegheny University of the Health Sciences,57799
University of WA,60215
Genzyme Transegenic Corporation,58468
MISSION Corp.,65954
East & Midlothian NHS Trust,72808
Behring Diagnositcs GmbH,00053
THE UNIVERSITY OF TEXAS HEALTH SCIENCE CENTER,60215
"Nanning Maple Leaf Pharmaceutical Co., Ltd.",85999
"MCW Research Foundation, Inc.",52654
"Advanced Poymer Systems, Inc.",69488
THE AGRICULTURAL RESEARCH ORGANIZATION,83933
KING'S COLLEGE,57955
Karo Bio AB,84485
"THM Biomedical, Inc.",24562
Japan as represented by the Director General of the Agency of National Institute of Health,87130
University Institute of Pharmaceutical Sciences,60215
Pfizer Pharamaceuticals Inc.,00013
"Hainan Life Nourishing Pharmacy Co., Ltd.",14335
Human Gene Therapy Research Institute,71356
"Imperial Cancer Research Technology, Ltd.",83837
Korea Research Institute of Chemistry Technology,73391
"Pharmacal Biotechnologies, LLC",24765
University of Maryland Biotechnology Institute,60215
Laboratoires Fournier SA,62169
The General Hospital Corporation/Board of Supervisors of Louisiana State University,21220
AGRICULTURAL AND MECHANICAL COLLEGE,83933
Bay Development Corporation SA,72908
"Commonwealth Biotechnologies, Inc.",54528
Medical College of Pennsylvania and Hahnemann University,62137
"Advanced Protection Technologies, Inc.",69488
"The School of Pharmacy, University of London",76123
Institute for Advanced Skin Research Inc.,55330
Nova Nordisk A/S,62484
Paragon Medical,42702
CAMBRIDGE ANTIBODY TECHNOLOGY LIMITED,52422
Noble Laboratories,85463
Biotest Pharma GbmH,83372
IPR-Institute for Pharmaceutical Research AG,55330
The Texas & M University System College,85811
Tempo G,80524
"Scientific Feed Laboratory Co., Ltd.",69113
Boehringer Mannheim Pharmaceuticals Corporation Smith Kline Corporation Limited Partnership No. 1,00597
"Insmed Pharmaceuticals, Inc.",71558
THE REGENTS OF THE UNIV. OF MICHIGAN,76326
Genesis Research & Development Corporation Limited,52481
"International Technology Management Associates, Ltd.",50633
Laboratoire European De Biotechnologie S.A.,63388
"Bio-Safe Enterprises, Inc.",49215
Medical Doctors Research Institute,62137
"Japan Clinic Co., Ltd.",87130
"Target Therapeutics, Inc.",81052
Baxter Biotech Technology SARL,00338
Baker Medical Research Institute,76102
Royal Children's Hospital Research Foundation,68791
Merck Sharp,00006
"Institute of Medicinal Molecular Design, Inc.",55330
"Dongwha Pharm. Ind. Co., Ltd.",51352
"Research Foundation of CUNY, Hunter College",52654
"Takeda Chemical Ind., Ltd.",00944
National Jewish Medical and Research Center,82076
"GEORGIA STATE RESEARCH FOUNDATION, INC.",54622
International Corporation,50633
Boehringer Indelheim KG,00597
Centaur Pharmaceutical Pvt. Ltd.,64330
Natural Medio Tech A/S,84181
Oxford Glycosciences (UK) Ltd,69584
"University of Massachusetts, as Represented by its Amherst Campus",60215
Takeda Chemical,00944
C-Chem AG,63830
L.A.M. Pharmaceutical Corp.,62211
SIGMA-TAU INDUSTRIE FARMACEUTICHE S.P.A.,84831
Roche Diagnostics GMBH,00140
"PPG Industries, Inc.",85954
Fourstar Group Inc.,80684
Roberts Laboratories Inc.,46123
Amgen Canada Inc.,55513
"Access Pharmaceuticals, Inc.",10056
BTP International Limited,50633
Southern BioSystems,61567
Baxter Aktiengesellschaft,00338
"INSTITUTE OF IMMUNOLOGY CO., LTD.",55330
Laboratoire Cosmetique De Lecousse,63388
U.R. Labs,54288
Dr. Reddy's Research Foundation,55111
"Active Organics, Inc.",70039
"RTA Associates, LLC",82620
LABORATOIRES GOËMAR,62169
Atlantic Biomed Corporation,17856
Laboratoire Innothera societe Anonyme,63388
Royal Postgraduate Medical School of Hammersmith Hospital,68791
Industrial Research Limited,42241
D-Pharm Ltd.,77039
"Reddy-Cheminor, Inc.",55111
Renew Life Inc.,70100
Massachusetts Health and Research Institute,76318
A+Science Invest AB,84804
The University of Alabama Research Foundation,60215
"Orphan Medical, Inc.",84381
"CENTRAL GLASS COMPANY, LIMITED",85674
Dyad Pharmaceutical Corporation,53175
Nippon Tensaiseito Kabushiki Kaisha,24509
Sanofi-Synthelabo,00024
Novo Nordisk A/S Novo Alle DK 2880,00169
"Novartis Animal Health U.S., Inc.",00078
Pharma Pacific Pty. Ltd.,60758
Saint-Gobain Vitrage,72784
The United States of America represented by the Department of Health and Human Services,58733
"Laboratorios Hipra, S.A.",72483
"Humn Genome Sciences, Inc.",72042
Mayo Medical Ventures,52670
"Laboratorios Phoenix U.S.A., Inc.",72483
The University of New South Wales,60215
Imperial College of Science and Technology,83837
"Nippon Meat Packers, Inc.",24509
"Millennium Biotherapeutics, Inc.",62598
Research Triangle Research North Carolina,52654
Diamond White A.V.V.,55322
The Central Sheffield University Hospitals NHS Trust,85674
Bio-Scientific Limited,69113
"General Hearing Instrument, Inc.",21220
"JOHN HOPKINS UNIVERSITY, SCHOOL OF MEDICINE",61140
The Biological Research Center of the Hungarian Academy of Sciences,83538
P Pfizer Inc,00013
"Institute of Pharmacology, West China University of Medical Sciences",55330
Wayne Hughes Institute,72714
New Life Pharmaceuticals Inc.,84890
Natural Nutrition Ltd.,84181
BIO-PRODUCTS & BIO-ENGINEERING AG,10018
Industria E Comercio De Cosmeticos Natura Ltda.,84663
K.D. Pharma GmbH,87034
MEDICURE INC.,25208
"Beacon Laboratories, Inc.",70445
New York University Medical Center,82355
"The Institute of Physical and Chemical Research, and Kunio Suzuki",55330
Global Art Co. Ltd.,59448
Mount Sinai School of Medicine of New York University,67465
"Chattem Chemicals, Inc.",41167
"International Phytochemistry Research Labs, Ltd.",50633
B.S.D. Bio Science Development SNC DI Omini C. & Zuccari G.,84804
"QPharma, L.L.C.",42708
REDDYS'S RESEARCH FOUNDATION,43598
UNITED TECHNOLOGY CORPORATION,58733
Northern Sydney Area Health Service of Pacific Highway,82716
C&C Research Labs.,52654
"TOPICAL TECHNOLOGIES, INC.",61500
"Fusion Medical Technologies, Inc.",78041
EYE & EAR FOUNDATION,85739
UNIVERSITY OF SOUTHERN CALIFORNIA of UNIVERSITY PARK Campus,60215
"Wyeth Lederle Japan, Ltd.",00008
University of Georgia Research Center,60215
"Toa Pharmaceutical Co., Ltd.",62211
"MRS HOLDINGS CO., LTD.",58048
"Mitsubishi-Tokyo Pharmaceuticals, Inc.",70510
Natural Drug Sciences LLC,84181
The General Hopital Corporation,21220
Beijing Jueng Asia Pacific Life Scientific Research Center,71073
"Star-Kist Foods, Inc.",14141
"Gum Tech International, Inc.",77595
"The Center for the Improvement of Human Functioning, Int'l., Inc.",82800
Sigma-Tau HealthScience S.p.A.,84831
BRACCO RESEARCH S.A.,00270
The Institute of Ophthalmology,55330
UNIVERSITY OF FLORIDA RESEARCH FOUD,60215
"VI TECHNOLOGIES, LLC",80324
"Sumitomo Forestry Co., LTD.",63402
"Incyte Genomics, Inc.",50881
"Winston Laboratories, Inc.",76092
CAMBRIDGE UNIVERSITY TECHNICAL SERVICES,52422
Forest Genetics Research Institute,81609
The University of Rochester Medical Center,60215
Caldwell Galer Incorporated,34362
National Institute of Cholera and Enteric Diseases,82076
"Laboratoire Oenobol, S.A.",63388
"Research Foundation of State University of New York, The SUNY at Stony Brook",52654
Young Bok Han,00273
Young Hee Kim,00273
RESEARCH FOUNDATION OF SUNY,52654
WILSON TOOL INTERNATIONAL INC.,51105
The State University Rutgers,62481
The University of Southern Mississippi,60215
"AVI BIOPHARMA, INC.",61476
"Janssen-Cilag, S.A.",50458
"Medimmune Oncology, Inc.",66019
Korea Research Inst. of Chem. Tech.,73391
Shionogi Bioresearch Corp.,59630
"Bausch & Lomb Surgical, Inc.",00187
Biomedical Development Corporation,24562
"Bio-Rad Laboratories, Inc.",70188
Diversified Dynamics Corp.,64319
The State University of New Jersey,62481
Regents of the University of Minnesota and Rutgers,76326
XTL BIOPHARMACEUTICALS LTD.,82950
"Biomed Research & Technologies, Inc.",69250
Phoenix Scientific Corporation,60913
Duke University Medical Center,71782
University of Medicine & Denistry of New Jersey,60215
"Biodelivery Sciences, Inc.",59385
HOUSE FOODS CORPORATION,85242
"SIGA Pharmaceuticals, Inc.",50072
"Scientific Development and Research, Inc.",69113
SB Laboratories Pharmaceutiques,70188
LIMITED LIABILITY COMPANY “BIOENERGY”,69662
"KYOWA MEDEX CO., LTD.",42747
Hygieia Biological Laboratories,80689
Oyster Research Institute,73521
"University of Colorado, University Technology Corporation",60215
"University of Rochester, Office of Research and Project Administration and Institute of Higher Education",60215
"Hawaii Biotechnology Group, Inc.",11401
Medical College of New Jersey,62137
"Blue Ridge Pharmaceuticals, Inc.",22431
"LKT Laboratories, Inc.",70188
"Safe and Sound Solutions, Inc.",49215
"Apollo BioPharmaceutics, Inc.",63148
"BBI Biotech Research Laboratories, Inc.",81309
La Roche Posay Laboratoire,00140
CCI HOLDINGS INC.,58048
Thomas Simmet,85118
"Pacific Biotech International, Inc.",60758
Insight Strategy & Marketing Ltd.,63736
"Boehringer Ingelheim Chemicals, Inc.",00597
"Essential Nutrition, Ltd.",71677
Lek Pharmaceutical & Chemical Co. d.d.,62211
"Phoenix Pharmacologics, Inc.",60913
Novartis Consumer Health S.A.,00078
ITC Research Limited,52654
Shanghai Inst. of Chinese Materia Medica,73557
North Dakota State University,42887
Southern Illinois University School of Medicine,61567
C3D Limited,69662
"Seven Chemical Co., Ltd.",73609
Medical Research Institute,62137
Northern General Hospital N.H.S. Trust,82716
JH Biotech Inc.,81309
THE FLORIDA INTERNATIONAL UNIVERSITY,73060
Sara Lee Corporation,85968
Fe Rx Incorporated,63433
University of Lausanne,60215
Merck & Dohme Limited,00006
TEMPLE UNIVERSITY-OF THE COMMONWEALTH OF HIGHER EDUCATION,71018
The Mount Sinai Medical Center of the City of New York,67465
Cook Regentec LLC,62046
MED Institute Inc.,55330
Institute of Molecular and Cell Biology,55330
West Pharmaceutical Services Drug Delivery & Clinical Research Centre Ltd.,65008
Research Institute for Glycotechnology,52654
State of Oregon acting by and through the State Board of Higher Ed. on Behalf of Oregon State Univ.,62481
White Spot AG,73656
EDWARDS LIFESCIENCES CORPORATION,00485
OMS Holdings LLC,58048
Lupin Laboratories Limited,27437
"Sam-A Pharm. Co., Ltd.",77039
"The Institute for Pharmaceutical Discovery, LLC",55330
LABORATOIRES SEROBIOLOGIQUES,62169
Pharma Biotech,81309
The Commonwealth of Australia Commonwealth Scientific and Industrial Research Organization,54528
Shanghai Medical University,73557
"Institute of Experimental Botany, Academy of Sciences of the Czeck Republic",55330
"The State of University of New Jersey, Rutgers",62481
"University and College of Nevada, Reno",60215
"POLY-MED, INC.",50991
"Pharmaceutical Solutions, Inc.",62211
"PBL Biomedical Laboratories, Inc.",24562
"ADVANCED LIFE SCIENCES, INC.",69488
London Health Services Centre,80860
"University of Massachusetts, Amherst",60215
Institute of Pharmaceutical Research AG,55330
S.E.T.-Smart Endolumenal Technologies Ltd.,70936
Novo Norkisk A/S,00169
"Human Genone Sciences, Inc.",71356
Merck Frosst Canada Inc./Merck Frosst Canada & Co.,00006
University of Aberdeen,60215
The Regents of the University of Oklahoma,76326
Fred Hutchinson Institute for Cancer Research,55315
Sigma Pharmaceuticals Pty. Ltd.,84831
Sichuan Industrial Institute of Antibiotics,87215
"Banner Pharmacaps, Inc.",69919
DA MIN Enterprises Ltd.,83741
Laboratoires Remilea,62169
UNIVERSITY OF EAST ANGLIA,60215
ALCON UNIVERSAL LTD.,00065
Advanced Medical Solutions Limited,69488
Natural Compounds Ltd.,84181
"Human Genome Sceineces, Inc.",71356
CPD Associates Inc.,82620
State of Rhode Island and Providence Plantations,62481
Laboratoires MSD - Chibret,62169
"FEI Enterprises, Ltd.",83741
"Pure World Botanicals, Inc.",71355
American Pharmaceuticals International,58701
The Research Foundation of SUNY,52654
"S&H Pharm Technology Co., Ltd",77039
"Advanced Medicine, Inc.",69488
"Clean Diesel Technologies, Inc.",85599
Fresenius Kabi AB,18124
VISTA SCIENTIFIC LLC,61971
Bio Pharma Sciences B.V.,82026
"Alcon Manufacturing, Ltd.",00065
Bio.Life International AG,84890
University of New England,60215
"International Flora Technologies, Ltd.",50633
DSS Drug Delivery Service Gesellschaft zur Forderung der Foshung In Phamazeutischer Technologi und Biopharmazie mbH,70985
North Shore-Long Island Jewish Research Institute,42887
"Sigma-Tau Farmaceutiche Riunite, S.p.A.",84831
Kingdom of the Netherlands,42627
Takeda Schering-Plough Animal Health K.K.,00944
Applied Genetics Incorporated Dermatics,81425
Northern Sydney Area Health Service,82716
"Plus Chemicals, B.V.",65464
"Cambridge Drug Discovery Holding, LTD",52422
Texas Tech Health Sciences Center,85811
Texas Tech University,85811
MEMORIAL SLOAN-KETTERING INSTITUTE FOR CANCER RESEARCH,42007
Advanced Research and Technology,69488
Rx Technologies,80324
The University of New England of Armidale,60215
University of the University of Glasgow,60215
Bio Research Corporation of Yokohama,52654
"KM Biotech, Inc.",81309
Oxford Biomedica PLC,69584
"Johnson & Johnson. Merck Consumer Pharmaceuticals, Co.",84539
ME Medical Enzymes AG,62137
Baxter Trading GmbH,00338
"TR Associates, L.L.C.",82620
DABUR RESEARCH FOUNDATION.,68747
Institute of Experimental Botany ASCR,55330
"Thompson Animal Systems, Inc.",73408
The University of North Carolina Chapel Hill,60215
United States Can Company,58733
The Research Foundation of State University of New York at Stony Brook,52654
"Institute of radiation medicine, academy of military medical sciences, PLA.",55330
MERCK KGAA,00006
Pharming Ltd.,71274
Laboratorio Catarinense S/A,65131
"Cosmed Group, Inc.",61352
Chengdu Shuyang Pharmaceutical Factory,82432
London Health Sciences Centre,80860
SHANGHAI CANCER INSTITUTE,73557
The General Hospital Corporation & Brigham and Women's Hospital,21220
Cambridge Bioclinical Limited,52422
STB Family Limited Partnership,55319
International Health Products and Services Ltd.,50633
"First Circle Medical, Inc.",53117
"U & I Pharmaceuticals, Ltd.",63539
Laboratoires Arkopharma,62169
"Johnson & Johnson Consumer France, SAS, Roc Division",84539
"Boston Heart Foundation, Inc.",72628
"Atlantic Technology Ventures, Inc.",17856
Kettering Institute for Cancer Research,29998
"Northern Lights Pharmaceuticals, LLC",82716
"FSU Research Foundation, Inc.",52654
PMD Holdings Corp.,58048
Hahnemann University,37662
"Indian Herbs Research & Supply Company, Ltd.",60980
"BAYER YAKUHIN ,LTD.",00026
Lion Bioscience AG,83605
"Functional Foods, Inc.",72268
"Gel Tech, L.L.C.",77595
Shanghai SINE Pharmaceutical Corporation Ltd.,73557
Peter Greither,85443
Global Hemostasis Institute MGR AB,59448
MITSUBISHI PHARMA CORPORATION,70510
The Research Foundation of Microbial Diseases of Osaka University,52654
Dov Pharmaceutical,62211
AstraZeneca Canada Inc.,00186
L' AIR LIQUIDE SANTE (INTERNATIONAL),74709
New Zealand Dairy Board,80644
Ling-Jui Cheng Chiang,57598
Roche Bioscience,00140
Air Liquide Santé (International),74709
Vita Special Purpose Corporation,84834
Korea Ocean Research and Development,73391
"American Foundation for Biological Research, Inc.",58701
"Pan Pacific Pharmaceuticals, Inc.",60758
Reckitt Benckiser (UK) Limited,52031
"Celgene Corporation, et al.",59572
Medical College of Georgia Research Institute,62137
"Megan Health, Inc.",85560
PHC HOLDINGS CORPORATION,58048
"WEX Medical Instrumentation Co., Ltd.",62137
Almirall Prodesfarma S.A.,16110
Natural White,84181
Institute of Molecular Agrobiology,55330
Roche Consumer Health AG,00140
Johnson & Johnson Consumer France SAS I3540,84539
Pfizer Products Inc.,00013
GPC Biotech AG,81309
"University of Saskatchewan Technologies, Inc.",60215
R & D Center,82800
"Raven biotechnologies, inc.",84042
"Alpha Research Group, LLC",69335
"CG Holdings, LLC",58048
Japan as represented by Secretary of Agency of Industrial Science and Technology,87130
THE GENERAL HOSPTIAL CORPORATION,21220
Agricultural Research Organization Ministry of Agriculture,83933
Roche Consumer Health (Worldwide) SA,00140
The United States as represented by the Secretary of the Department of Health and Human Services,58733
"California Pacific Lab, Inc.",68403
Bavarian Nordic Research Institute,50632
Bio Holdings International Limited,58048
EFA Sciences LLC,82026
THE PENN STATE UNIVERSITY,69125
National Agricultural Research Organization,82076
Chiesi S.A.,10122
Laboratoire Laphal (Laboratoire de Pharmacologie Appliquee),63388
Laboratories for Intelligent Medical Remote Services,70188
The Corporation of the Trustees of the Sisters of Mercy in Queensland,40098
"ADVANCED VISION RESEARCH, INC.",69488
"MDV Technologies, Inc.",80324
"Sky BioHealth Solutions, Inc.",85403
International Diabetes Institute,50633
Health and Human Services,84992
"Novartis International Pharmaceutical, Ltd.",00078
"A.S.A.C. Pharmaceutical International, A.I.E.",62211
"Shanghai Jiao Da Onlly Co., Ltd.",73557
"Lexicon Genetics, Inc.",70183
"King Pharmaceuticals Research and Development, Inc",57955
"The Center for the Improvement of Human Functioning, International, Inc.",82800
UNIVERSITY OF CONNECTICUT HEALTH CENTER,60215
ID-DLO Institute of Animal Science and Health,55330
University of Texas Southwestern Medical Center,60215
Lilly ICOS LLC,00002
MAP Medical Technologies OY,62137
Pharmacia Italia S.p.A.,00009
ORIENT CANCER THERAPY,76333
BIOMÉRIEUX,82311
HALOCARBON PRODUCTS CORPORATION,12164
Pig Research Development Corporation,52654
THE TRUSTEES OF DARMOUTH COLLEGE,40098
Ipsen Pharma Biotech,15054
"SHANGHAI XINGLING SCI. & TECH. PHARMACEUTICAL CO., LTD.,",73557
Pharmacy and Therapeutic Advisory Consultancy Pty LTD,59779
"Digital Biotech, LLC",82942
Center for Design Research and Development N.V.,82800
The Corporation of the Trustees of the Order of the Sisters of Mercy in Queensland,40098
INSTITUTE OF ORGANIC CHEMISTRY AND BIOCHEMISTRY ACADEMY OF SCIENCES OF THE CZECH REPUBLIC,55330
"Select Release, L.C.",85237
MRC Holdings PTY Limited,58048
Medicines for Malaria Venture MMV International Centre Cointrin,71705
Charlotte-Mecklenburg Hospital Authoirty,64646
A+ Science AB,84804
LG LIFE SCIENCES LTD.,84890
Boehringer Imgelheim Pharma KG,00597
Johnson T. Wong,84539
JC Technologies LLC,80324
AMCOL INTERNATIONAL CORPORATION,68634
"General Mills, Inc.",21220
"Wyeth Pharmaceuticals, Inc.",00008
Les Laboratories Server,70188
"California Functional Foods, Inc.",68403
CARNEGIE INSTITUTE OF WASHINGTON,80005
"Tap Pharmaceutical Products, Inc.",62211
Shanghai Materia Medica Bioengineering Institute,73557
Factors R & D Technologies Ltd.,54230
CC Capital Partners Inc.,29978
3V SIGMA S.P.A.,84831
Med-Mark Pharma GmbH,78482
SHANGHAI ZHONGXI PHARMACEUTICAL CORPORATION,73557
"Center for Advanced Science and Technology Incubation, Ltd.",82800
"AGY THERAPEUTICS, INC.",79952
Neurotech Limited,82958
"MedImmune Vaccines, Inc.",66019
Magic Herb Corp.,77358
The Trustees of the University of Pennsylvania Center for Technology Transfer,40098
Institute for Diagnostic Research GmbH of the Free University of Berlin,55330
"Advanced Biotherapy, Inc.",69488
"Genzyme Glycobiology Research Institute, Inc.",58468
"Hanlim Pharm. Co., Ltd.",11716
Southern Arizona Veterans Affairs Health Care System,61567
SDS BIOTECH K.K.,81309
Japan as represented by Director of National Food Research Institute Ministry of Agriculture Forestry and Fisheries,87130
Martek Biosciences Boulder Corporation,84053
Tibet Yutuo Institute of Tibetan Medicine,66506
"Oxford Biomedica, Inc.",69584
Viatris GmbH & Co. KG,00037
Ocean Nutrition Canada Limited,84293
M/s. Strides Arcolab Limited,42543
"DMI BioSciences, Inc.",83100
"The Institute for Pharmaceutical Discovery, L.L.C.",55330
Creative Peptides Sweden AB,82660
"Winston Pharmaceuticals, Inc.",76092
Biocompatibles Limited,60635
VSL Pharma Limited,69662
QP Holdings Limited,58048
PTS Labs LLC,54288
"4 Seasons Wildlife Nutrition, LLC",85324
The Research Foundation at State University of New York,52654
"Frontier Scientific, Inc.",83127
"Mountain View Pharmaceuticals, Inc.",62118
Laboratoires Robert Schwartz,62169
The Arizona Disease Control Research Commission,61973
Merck Sharp & Dohme (Italia) S.p.A.,00006
"ARK THERAPEUTICS, LTD.",79952
GPE International Limited,50633
Dead Sea Laboratories Ltd.,81502
"DAIICHI FINE CHEMICAL CO., LTD.",65597
Boston Biomedical Research Institute,72628
Merck Erosst Canada & Co.,00006
Innovative Medical Services,57362
"Daiichi Suntory Pharma Co., Ltd.",65597
Continental Projects Limited,64321
"Advanced Inhalation Research, Inc.",69488
DNA VEC Research Inc.,52654
JOHNSON & JOHNSON AB,84539
University of Madras,60215
UNIVERSITY OF READING,60215
Institute of Radiation Medicine,55330
"Sae Han Pharm. Co., Ltd.",77039
Ningbo Asia-Pacific Biotechnology Ltd.,47993
NATIONAL CANCER CENTER RESEARCH INSTITUTE,82076
Swiss Federal Institute of Technology,60232
"Essential Therapeutics, Inc.",71677
University of Wales College of Medicine,60215
"Response Genetics, Inc.",71527
"Cypress Bioscience, Inc.",60258
TRB Pharma Industria Quimica e Farmaceutica Ltda,84663
"New Millennium Pharmaceutical Research, Inc.",62598
Institute of Macromolecular Chemistry,55330
The State of Queensland Through Its Department of Primary Industries,62481
The State of New South Wales Through Its Department of Agriculture,62481
Oxford University,69584
Merck Patent Department,00006
University of Antwerp,60215
MGI Applied Genomics,81425
"AMR Technology, Inc.",73927
"Be Able, LLC",13733
"LABORATORIOS BELMAC, S.A.",72483
"CNS Response, Inc.",71527
New River Pharmaceuticals Inc.,84601
United States Surgical Corporation,58733
Health Protection Agency,84992
A+ Science AB (publ),84804
"Nostrum Pharmaceuticals, LLC",29033
Tianjin Yanling Health Food Co.,33217
M & E Biotech A/S,81309
"Synthon BCT Technologies, LLC",63672
Ultra Biotech Limited,66077
"Wyeth, Five Giralda Farms",00008
Mount Sinai of Medicine of New York University,67465
CP Hahnemann University,37662
"SKY HIGH, LLC",72753
"Texas Systems, University of the Board of the Regents",85811
Laboratoires des Prodiuts Ethiques Ethypharm,62169
Bayer Pharmaceuticals Corporation,00026
"PSU Research Foundation, Inc.",52654
Medical Research Council Laboratories of Molecular Biology,62137
"A & G Pharmaceutical, Inc.",62211
"Xiamen Bioway Biotech Co., Limited",83698
"International Rehabilitative Sciences, Inc.",50633
Advanced BioAdjuvants LLC,69488
Natural ASA,84181
"MEDI-PHYSICS, INC.",66345
"Shanghai Institute of Biochemistry, Chinese Academy of Sciences",73557
Advanced Gene Technology Corp.,69488
Beta-Cell NV,67224
"Arizona Board of Regents, Acting on Behalf of the University of Arizona",61973
UNIVERSITY OF BRITISH COLUMBIA CANADA,60215
InSight Biopharmaceuticals Ltd.,63736
A-Life Limited,84890
AlCove Surfaces GmbH,77133
"Nippon Chemical Works Co., Ltd.",24509
Medical Research Counsel,62137
"UAF Technologies and Research, LLC",80324
"QUICK-MED TECHNOLOGIES, INC.",14784
Jackson State University,42068
Pharming Intellectual Property B.V.,71274
Pharmacia & Tubjohn SPA,00009
Commonwealth Scientific and Industrial Research Organisation of Limestone Avenue,54528
The University of Melbourne of Royal Parade,60215
Japan as represented by Secretary of National Institute of Infectious Diseases,87130
"RAS Medical, Inc.",62137
The University of Medicine and Dentistry of New Jersey - Robert Wood Johnson Medical School,60215
The University of Queensland St. Lucia,60215
"UCB, S.A./N.V.",00131
"PTS International, Inc.",50633
Natural Remedies PVT Ltd.,84181
"Johnson & Johnson Pharmaceutical Research & Development, LLC",84539
"Japan Bio Science Laboratory Co., Ltd.",87130
Biogen Idec Inc.,59627
Shanghai East Best Biopharmaceutical,73557
ALBERT EINSTEIN HEALTHCARE NETWORK,83002
Human Rt.,71356
"RESEARCH INSTITUTE OF PETROLEUM PROCESSING, SINOPEC",52654
CHINA PETROLEUM & CHEMICAL CORPORATION,76305
Ocean Wind Energy Systems,84293
"Biomed Solutions, LLC",69250
"The University Court, The University of Edinburgh (UK)",60215
"BioTech Pharmacal, Inc.",81309
IC-VEC Limited,69662
The United States of America as represented by the Department of Health and Services,58733
Alembic Ltd.,15955
Incyte San Diego Inc.,50881
"NIPPON BIOLOGICALS, INC.",24509
New Pharma Research Sweden AB,52654
FLORIDA ATLANTIC UNIVERSITY,73060
"BAS MEDICAL, INC.",62137
"Life Science Laboratories Co., Ltd.",84890
"Ocean Pharmaceuticals, Inc.",84293
National Engineering Research Center for Traditional Chinese Medicine,82076
"Snore-Fix, Inc.",62587
"Sun Ten Pharmaceutical Co., Ltd.",62211
Dendreon San Diego LLC,30237
Pharmaceutical Industry Technology and Development Center,62211
Shanghai Institute of Biochemistry,73557
The Foundation for the LSU Health Sciences Center,85739
MATRIX DESIGN GROUP LLC,87156
"American Diagnostica, Inc.",58701
"R.E.D. Laboratories, N.V.",70188
CP Food Machinery A/S,56131
NICHOLAS PIRAMAL INDIA LIMITED,67899
Bayer Cropscience S.A.,00026
Institute of Biotechnology Applied to Soil Eumycetes,55330
"BIOTEST LABORATORIES, LLC.",83372
"Enos Phramaceuticals, Inc.",58987
East Grinstead Medical Research Trust,72808
Medicines for Malaria Venture,71705
BIOGEN IDEC MA INC.,59627
Novartis AC,00078
"Guilin Jiqi Pharmaceutical Co., Ltd.",68007
The Texas A&M University System University,85811
Institute for Magnetic Resonance Research,55330
Dompé S.p.A.,71981
South African Medical Research Council,51400
ZLB Behring AG,00053
Greenville Hospital System,24694
AGI Therapeutics Limited,79952
Merck Eprova AG,00006
Regents of the University of Minnesota Emory University,76326
BLM Group,49687
Integrated Chinese Medicine Holdings Ltd.,73141
Wisconsin Alumni Research Association,68093
"Health Plus International, Inc.",84992
MERCK Gesellschaft mit beschraenkter Haftung,00006
University of Brighton,60215
Mount Sinal Hospital,67465
Martin Post,84999
Pharmacia Corporation (Monsanto Corporation),00009
NOVO NORDICK A/S,00169
"Nutrition Corp. of America, Ltd.",82198
EPX Research Limited,52654
The United State of America as represented by the Department of Health and Human Services,58733
Teva Gyogyszergyar Reszvenytarsasag,68546
"Shanghai CAS Shenglonda Biotech (Group) Co., Ltd.",73557
RJ Innovation,72104
"Allós Therapeutics, Inc.",79952
"Guangdong Taihe Biopharmaceutical Co., Ltd.",85279
RGP Life Sciences Limited,84890
"Reddy US Therapeutics, Inc.",55111
Japan Society for the Promotion of Science,87130
JAPAN TABACCO INC.,87130
Bayer Chemicals AG,00026
Sanofi-Aventis,00024
Novo Nordisk D/S,00169
"Janssen Pharmacatica, N.V.",50458
INEOS Silicas Ltd.,71408
Japan as represented by Director of General of Okazaki National Research Institute,87130
Sumitomo Manufacturing Company Limited,63402
"Sun Biomedical, Ltd.",24562
"National Research Development Corporation, Anusandhan Vikas",82076
Central Council for Research in Ayurveda and Siddha,85674
ID Biomedical Corporation of Washington,24562
Sichuan NTC Holdings Limited,87215
Laboratories G Pharm,70188
"Beijing Sino-HongKong Dafu Science & Technology of Biowave, Ltd.",71073
"Bio-Wave Institute of Suzhou Hi-Tech New District Corporation, Ltd.",80042
MEDICAL AND PHARMACEUTICAL INDUSTRY TECHNOLOGY AND DEVELOPMENT CENTER,62137
"IMI Biomed, Inc.",69250
Technology Commercialization Corp.,73927
Recordati S.A. Chemical,52276
Global Cardiac Solutions Pty Ltd.,59448
"Hisamitsu Medical Co., Ltd.",55328
Serono Genetics Institute S.A.,44087
CPH Innovations Corp.,87187
"Ipsen, Inc.",15054
"University of Washington, Fred Hutchinson Cancer Research Center",60215
Advanced BioHealing Inc.,69488
"Tianjin Fusogen Biotech Co., Ltd.",33217
"Warner Chilcott Company, LLC",69428
Synthon IP Inc.,63672
University of Western Sydney (Nepean),60215
"IRX Therapeutics, Inc.",79952
Japan BCG Laboratory,87130
"Fun Unlimited, Inc.",48324
BAYER HELTHCARE AG,00026
Pharmacia Diagnostics AB,00009
"State Research Center for Applied Microbiology, Ministry of Health and Social Development, RF, as Represented by the Director for the State Research Center for Applied Microbiology, Ministry of Health and Social Development, RF",62481
New York University School of Medicine,82355
Cephalon France,63459
"ASPEN AEROGELS, INC.",42914
Fresenius Medical Care Affina GmbH,18124
"Compass Components, Inc.",71233
Jones Pharma Incorporated,83253
IPSEN MANUFACTURING IRELAND LIMITED,15054
"Shanghai Pharmco Research, Inc.",73557
"S&B CO., LTD.",31720
Johnson & Johnson Consumer Holdings France,84539
Pfizer Health AB,00013
MCP Hahnemann University,37662
"Shanghai Xingkang Pharmaceuticals Research & Development Co., Ltd.",73557
"Japan Bio Science Laboratories, Inc.",87130
"Island Pharmacueticals, Ltd.",50153
Boehringer Ingelheim International Pharma GmbH & Co. KG,00597
BMG Incorporated,63433
Dexcel Ltd.,64239
University of North Carolina at Chapel,60215
Novartis Forschungsstiftung Zweigniederlassung Friedrich Miescher Institute for Biomedical Resear,00078
"ALS Therapy Development Foundation, Inc.",71061
"All Natural FMG, Inc.",84181
University of Arkansas for Medical Sciences,60215
Merck Sharp & Dohme Lt.d.,00006
"Dor Pharmaceutical, Inc.",62211
CADILA HELTHCARE LIMITED,71209
Actavis Group HF,00228
"Life Force Technologies, LLC",84890
The European Community,85746
Canadian Gene Cure Foundation,54291
sanofi-aventis Pharma Deutschland GmbH,00024
"Amgen SF, LLC",55513
RPG LIFE SCIENCES LIMITED,84890
"Shanghai Bio Window Gene Development, Inc.",73557
"The United States of America, as represented by the Department of Health and Human Services, N.I.H.",58733
ESTEVE Laboratorios Dr. Esteve S.A.,68118
"LOTUS PHARMACEUTICAL CO., LTD.",76328
"HK BIOTECH CO., LTD.",81309
"Daiichi Suntory Biomedical Research Co., Ltd.",65597
MAP Technologies LLC,80324
"Shanghai Medipharm Biotech Co., Ltd.",73557
AKL TECHNOLOGIES LIMITED,80324
"Daiichi Asubio Pharma Co., Ltd.",65597
The State of Queensland Department of Primary Industries,62481
National Institute for Biological Standards and Control,82076
The Commonwealth of Australia,54528
"Encore Pharmaceuticals, Inc.",69482
"The CBR Institute for Biomedical Research, Inc.",55330
"G & E Herbal Biotechnology Co., Ltd.",71917
TEVA Gyógyszergyár Zártkörüen Müködö Részvénytárasaság,68546
"Healthy & Happy Co., Ltd.",83363
Biogen Idcc MA Inc.,59627
Advanced Ocular Systems Limited,69488
Human BioSystems,71356
"M.I. TECH CO., LTD.",77595
"JOHN I. HAAS, INC.",61140
Purdue Neuroscience Company,59011
"Nanjing Zhenzhong Bioengineering Co., Ltd.",87125
Japan as Represented by Director General of Agency of National Institute of Infectious Diseases,87130
Johns Hopkins Univ.,40089
UNIVERSITY OF NEBRASKA LINCOLN,60215
University of Utrecht,60215
"Technology Group Co., Ltd.",73927
The Institute for Dibetes Discovery LLC,55330
Pfizer Italia S.R.L.,00013
"Pharmacia Corporation (of Pfizer, Inc.)",00009
CE Healthcare Bio-Sciences Corp.,71093
"Bentley Pharmaceuticals, Inc.",54111
"University of Ljubljana, Faculty of Pharmacy",60215
Japan as Represented by General Director of Agency of National Center for Child Health & Development,87130
"BF Research Institute, Inc.",52654
Pacific Northwest Biotechnology Inc.,60758
Washington State University Research Foundation,68428
University of South Florida Board of Trustees,60215
"Shanghai Cas Intide Biotech Co., Ltd.",73557
"Athena Diagnostics, Inc.",71511
"PDL BioPharma, Inc.",61476
"Pure Green Co., Ltd.",71355
International Institute of Cellular and Molecular Pathology,50633
"University of Reading, School of Food Biosciences",60215
Southern Methodist University Foundation for Research,61567
INNOVATIVE PHARMACEUTICAL CONCEPTS (IPC) INC.,57362
ID Biomedical Corporation,24562
"Health Research Inc., Roswell Park Division",84992
"Arizona Health Consulting Group, LLC",61973
Japan Sci. Tech. Corp.,87130
The Institute for Genomic Research,55330
Mount Sinai School of New York University,67465
Cambridge Theranostics Limited,52422
"Green Peptide Co., Ltd.",61152
The United States of America as represented by the Department of Health and Human Resources,58733
"The National Institutes of Health and Axonyx, Inc.",82076
"Advanced Medical Optics, Inc.",69488
GlaxoSmithKline Istrazivacki Centar Zagreb D.O.O.,00173
Institute of Photographic Chemistry Academia Sinica,55330
Beijing STM Biotech Ltd.,71073
Medical College of Georgia,62137
"Laboratoires Besins International, SAS",62169
Royal Adelaide Hospital,68791
Applied Nanosystems B.V.,81425
"Takeda San Diego, Inc.",00944
Merck Frosst Company,00006
GENERAL TOPICS S.R.L.,21220
Mayne Pharma (USA) Inc.,50261
"Tianjin North Pharma Sci-Tech Co., Ltd",33217
HAMAMATSU PHOTONICS K.K.,76376
Meyer Pharmaceuticals LLC,47632
The United States of America as represented by the Administrator of the National Aeronautics and Space Administration,58733
"Quest Pharmaceutical Services, LLC",17433
"KO Manufacturing, Inc.",71523
fX Life Sciences International GmbH,84890
S.C.R.A.S.,31720
"Millennium Specialty Chemicals, Inc.",62598
The Health Protection Agency Ipsen Limited,84992
"J&J Consumer Companies, Inc.",11344
Northern Sydney and Central Coast Area Health Service,82716
School of Pharmacy,76123
Apotex Pharmachem Inc.,60505
General Atomics,21220
"Laboratorios Miret, S.A.",72483
Alnylam Europe AG,71336
University of York,60215
Bright Future Pharmaceutical Laboratories,85944
Prime Pharmaceutical Corporation,72188
Bayer Schering Pharma AG,00026
United States of America The U.S. Environmental Protection Agency,58733
Emergent Product Development UK Limited,64678
The State of Queensland through the Department of Primary Industries,62481
Institute of Nutraceutical Research PTY Ltd.,55330
Plant Research International B.V.,84009
University of Mount Sinai School of Medicine of the City of New York,60215
"SUMITOMO RUBBER INDUSTRIES, LTD.",63402
"The United States of America as represented by the Secretary of the Department of Health and Human Services, Centers for Disease Control and Prevention",58733
"The Brigham and Women's Hospial, Inc.",24450
"United States of America as represented by the Secretary of the Department of of Health Services, National Institutes of Health",58733
N.V.Organon,78206
"REDDY'S LABORATORIES, LIMITED",55111
The Health Research Institute,84992
Air Liquide Deutschland GmbH,74709
Health Education Corporation,84992
LABORATORIO CHIMICO INTERNAZIONALE S.P.A.,65131
"Pfizer Japan, Inc.",00013
CSI Limited,69662
Lifeline Nutraceuticals Corporation,83623
Regena Therapeutics LC,82107
De Novo Pharmaceuticals Ltd.,00169
Biofrontera Discovery GmbH,70621
Research Foundation Itsuu Laboratory,52654
Vitamex N.V.,69469
Japan as Represented by President of National Cancer Center,87130
Institute of Pharmacology and Toxicology,55330
TEVA GYOGYSZERGYAR ZARTKORUEN MUKODO RESZVENYTARSASAG,68546
Beijing ABT Genetic Engineering Technology Co. Ltd.,71073
M's Science Corporation,84804
Organon N.V.,78206
"ARM Technology, Inc.",73927
Bayer Bioscience N.V.,00026
"Analog Devices, Inc.",70505
"Pfizer, Inc. Patent Department",00013
SB Pharmco Puerto Rico Inc.,58400
Research Institute of Tsinghua University,52654
University of Leeds Innovations Limited,60215
Shanghai Bright Dairy & Food Co. Ltd.,73557
"Innovative Drug Delivery Systems, Inc.",57362
"The United States of America as represented by the Secretary, Dept. of Health and Human Services, NIH",58733
United States Army as Represented by the Secretary of the Army,58733
University of Victoria Innovation and Development Corporation,60215
"Critical Therapeutics, Inc.",44567
"Nutrition Physiology Co., LLC",82198
"Biopharma Development, Ltd.",61476
Wyeth Research Ireland Limited,00008
Institute of Materials Research and Engineering,55330
ASTELLAS PHARMA EUROPE B.V.,00469
King's College Innovations,57955
Institute for Viral Disease Control and Prevention,55330
"Vita Green Health Products Co., Ltd",84834
Arizona Biomedical Research Commission,61973
GlaxoSmithKline istraziva{hacek over (c)}ki Centar Zagreb d.o.o.,00173
"Mount Cook Bio Sciences, Inc.",67465
MITSUBISHI-KAGAKU FOODS CORPORATION,70510
"ARIZONA BOARD OF REGENTS, A BODY CORPORATE OF THE STATE OF ARIZONA",61973
Teva Pharmaceutical Fine Chemicals S.R.L.,68546
"Medical Nutrition USA, Inc.",62137
Multi Formulations Ltd.,62767
UNIVERSITY OF CHILI,60215
"DOR Biopharma, Inc.",61476
"HERBALIFE INTERNATIONAL, INC.",51785
"SHANGHAI HUAYI BIO-LAB CO., LTD.",73557
The Regents of the California University,76326
The Johns Hopkins University of Medicine,40089
"Shanghai Desano Pharmaceuticals Science & Technology Development Co., Ltd.",73557
Antares Pharma IPL AG,18657
"Scientific Pharmaceuticals, Inc.",69113
"Reddy U5 Therapeutics, Inc.",55111
"TSI Health Sciences, Inc.",84992
House Ear Institute,85242
GHC Research Development Corporation,52654
Power Paper Ltd.,85282
Natural Source International Ltd.,84181
"Inhalation, Inc.",17575
JOHNSON & JOHNSON RESEARCH PTY. LIMITED,84539
Johns Hopkins Singapore PTE Ltd.,40089
Medical University of Toledo,62137
"ADVANCED NEUROMODULATION SYSTEMS, INC.",69488
UD Technology Corporation,73927
Genzyme Therapeutic Products Limited Partnership,58468
Tianjin Kinsly Pharmaceutical Co. Ltd.,33217
"CENTAUR TECHNOLOGY, INC.",64330
"MTM Laboratories, AG",70188
"Zhejiang Kangyu Pharmaceutical Co., Ltd.",70412
Center of Disease Control Department of Health,82800
Sichuan Biotechnology Research Center,87215
Applied Protein Sciences LLC,81425
Roche Colorado Corporation,00140
Matrix Laboratories Limited,87156
"Summit VetPharm, LLC",43674
RELIANCE LIFE SCIENCES PVT. LTD.,61362
"Mallinckrodt Baker, Inc.",63004
USV Private Limited,85816
Sanofi Pasteur Limited/Sanofi Pasteur Limitee,00024
"Beijing Qijieyuan Pharmaceutical Technology Development Co., Ltd.",71073
Sanofi Parker Limited,00024
Institute of Gene and Brain Science,55330
Beijing Luyin Lihua Pharmaceutical Science and Technology Development Company Ltd,71073
The New Zealand Meat Board,80644
"JR CHEM, LLC",63830
"APT THERAPEUTICS, INC",79952
"Good Will Okinawa Co., Ltd.",73716
"Tianjin Tasly Pharmaceutical Co., Ltd.",33217
Royal Canin S.A.,68791
University of North Carolina at Wilmington,60215
"Merck HDAC Research, LLC",00006
HEJ Research Institute Karachi University,52654
"MSH Pharma, Incorporated",63433
"Modular Properties, Ltd.",71207
"Boston Scimed, Inc.",72628
"FOUNDATION, YONSEI UNIVERSITY",85739
"Hon Hai Precision Ind. Co., Ltd.",68094
"The United States of America as represtented by the Secretary of the Department of Health and Human Services, Centers for Disease Control and Prevention",58733
University of Western Sydney,60215
"THE UNITED STATES OF AMERICA, AS REPRESENTED BY THE SECRETARY, DEPARTMENT OF HEALTH AND HUMAN SERVICES, CENTERS FOR DISEASE CONTROL AND PREVENTION",58733
"Reliant Pharmaceuticals, Inc.",65707
NATIONAL INSTITUTE OF ECOLOGY,82076
University of Pune,60215
The Royal Alexandra Hospital for Children,68791
University of Newcastle Research Associates (TUNRA) Ltd.,60215
"Air Products Polymers, L.P.",10018
"Functional Genetics, Inc.",72268
"Dalian Zhen-Ao Pharmaceutical Co, Ltd.",50685
Biogen Idec International GmbH,59627
James and Emory University,46414
"Industrial Organica, SA de CV",42241
Institute National Des Sciences Appliquees de Lyon,55330
Merck Forsst Canada & Co.,00006
"INTEGRATED BOTANICAL TECHNOLOGIES, LLC",73141
Omega Biopharma (I.P.3) Limited,51048
"bioMérieux, S.A.",82311
"Neurocrine, Inc.",70370
Laboratoire Bioderma,63388
"The University of Bristol, University Walk",60215
"S.S.C.I., Inc.",31720
United States of America by Dept of Veterans Affairs,58733
Merck Sante,00006
MCS MICRO CARRIER SYSTEMS GMBH,83018
Lee's Pharmaceutical (Hong Kong) Limited,62211
Biotech Research Ventures Pte Limited,81309
The Johns Hopkins University School of Medicine Licensing and Technology Development,40089
"Lot 27 Acquisition Foundation, L.L.C",71293
"LMA North America, Inc.",42887
"EMD Serono Research Center, Inc.",44087
The Research Foundation for Microbial Diseases of Osaka,52654
"Y's Therapeutics Co., Ltd.",79952
"Respiratory Diagnostic, Inc.",68352
GIC Innovations Company,87187
"Guangdong Techpool Biochem. Pharma. Co., Ltd.",85279
"Solutions BioMed, LLC",79739
"FERNDALE IP, INC.",00496
Recordati Ireland Ltd.,52276
G.R.M.O. (Groupe de Recherche en Maladies Osseuses) Inc.,69922
"Phoenix Biosciences, Inc.",60913
Alize Pharma SAS,78317
"Shanghai Genomics, Inc.",73557
Nabriva Therapeutics Forschungs GmbH,72000
Japan as Represented by President of Kanazawa University,87130
ICON MEDICAL CORP.,69233
Pacific Arrow Limited,60758
The University of Hong Knog,60215
BAYER INNOVATION GMBH,00026
“Access Bioscience” CJSC,10056
"International Bioimmune Systems, Inc.",50633
"Beijing Jiankai Technology Co., Ltd.",71073
CMP Therapeutics Limited,79952
Baxter Innovations GmbH,00338
Clinical Research Institute of Montreal,65919
Fit Biotech Oyj PLC,81309
"Rare Sugar Production Technical Research Laboratories, LLC.",76336
"High Point Pharmaceuticals, LLC",72753
"The United States of America as Represented by The Department of Health Services, National Institute of Health",58733
"ELIXIR PHARMACEUTICALS, INC.",84546
Beijing University of Chemical Technology,71073
Cambridge Scientific Pty Ltd,52422
"Shanghai Yao Gang Biological Technology Co., Ltd.",73557
"Human Cell Systems, Inc.",71356
"Midwest Research Institute, Inc.",61865
Prince Henry's Institute of Medical Research,62003
"Medical Specialties, Inc.",62137
Johns Hopkins Technology Transfer,40089
"Bio-Click Technologies, Ltd.",86173
KOREA RESEARCH INSTITUTE OF BIOSCIENCE,73391
"IP-6 Research, Inc.",52654
Shanghai Second Medical University,73557
"Pacific Specialty Oils, Inc.",60758
Eisai Corporation of North America,62856
"Eisai R & D Development Co., Ltd.",62856
Hetero Drugs Limited,68554
"GP Medical, Inc.",62137
"Korea Yakult Co., Ltd.",73391
Advanced Medical Biological Science Institute Co. Ltd.,69488
"Life Spring Biotech Co., Ltd.",84890
CO-TECH DEVELOPMENT CORP.,77595
"Beijing Molecule Science and Technology Co., Ltd.",71073
PAI-2 Pty Limited,69662
Medical Scitec Australia Pty Ltd.,62137
National Institute of Heatlh,82076
"United States of America as Represented by the Secretary, DHHS Office of Technology Transfer, National Institutes of Health",58733
Agricultural Research Council,83933
Palm Research AS,84093
Sun Health Research Institute,84992
Dr. N's Health Care Products LLC,84992
Shenzhen Qianrenren Sci. & Tech. Development Co.,84449
International Patents Inc.,50633
"Essential Skincare, LLC",71677
The University of Oviedo,60215
"Advanced In Vitro Cell Technologies, S.L.",69488
The United States of America as represented by the Department of Vetrans Affairs,58733
The University of Texas M.D. Anderson Cancer Center,60215
"Dai Nippon Printing Co., Ltd.",24509
MOREPEN LOBORATORIES LIMITED,62993
"Ming Qi Oncology Chinese Medicines, Inc.",73234
Japan as Represented by Director General of Agency of National Cancer Center,87130
"Purdue Pharma, l.P., USA",59011
"Frontier Biotechnologies, Co., Ltd.",83127
Mayo Foundation for Medical Education,52670
"The United States of America, as Represented by the Department of Veterans Affair",58733
"Tianjin Tasly Group Co., Ltd.",33217
"University of California, San Diego",60215
"Harmony Labs, Inc.",72028
University of Cagliari,60215
Merck Frosst Canada L.L.C.,00006
c-a-i-r biosciences GmbH,83100
CRITICAL OUTCOME TECHNOLOGIES INC.,44567
KOSE CORPORATION,66820
LAY LINE GENOMICS S.P.A.,81504
"Signature R&D Holdings, LLC",85896
"DMI Life Sciences, Inc.",84890
Bellus Health (International) Limited,71888
The University of South Carolina Research Foundation,60215
"Gilead Palo Alto, Inc.",55135
Central Northern Adelaide Health Service,85674
Millennium Medical Spa,62598
"Natural Pharmaceuticals, Inc.",84181
Mitsubishi Pharma Corporation Tokyo,70510
"Beijing Toulin Medicine Science and Technology Co., Ltd.",71073
"Hainan Yangpu New Special Pharmaceutical Co., Ltd.",14335
"Pacific Institute of Bioorganic Chemistry, Far East Branch of the Russian Academy of Sciences",60758
"Active O, LLC",70039
Ipsen SpA,15054
New Zealand Botanical Oils Ltd,80644
Vita 34 AG,84834
"State of Israel, Prime Minister's Office, Israel Insitute For Biological Research",62481
Medical Technology Transfer Holding B.V.,62137
"MCS Laboratories, Inc.",70188
Janssen Alzheimer Immunotherapy,50458
"Dynamic Adsorbents, Inc.",75638
"MD Scientific, LLC",69113
Premier Micronutrient Corporation,56104
DRUG DISCOVERY LABORATORY AS,70985
"Cornerstone Therapeutics, Inc.",82401
The Institute of Cancer,55330
"The European Community, as Represented by the European Commision",85746
Piramal Life Sciences Limited,66794
"Saint Jude Pharmaceuticals, Inc.",72784
Laboratoires d'Anjou Centre National de la Recherche Scientifique (CNRS),62169
National Applied Research Laboratories,82076
Sanofi Pastuer Limited,00024
YM BIOSCIENCES INC.,83100
"Desert Lake Technologies, LLC",69145
Laboratorio de Siagnóstico GAM S.A,65131
"E-P Therapeutics, Inc.",79952
"Bio Science International, Inc.",84804
ADVANCED-CONNECTEK INC.,69488
IQ Therapeutics BV,79952
Merck Sharp & Dhome Corp.,00006
ADVANCED INDUSTRIAL SCIENCE AND TECHNOLOGY,69488
"Gel-Del Technologies, Inc.",80324
"JDM Technologies, Inc.",80324
"The ECI Group, LLC",49687
California,68403
Shanghai Lead Discovery Pharmaceuticals Limited Company,73557
The United States of America as represented by the Department of Health and Human Services (DHHS),58733
S*BIO Pte Ltd,31720
Beijing Sunbio Biotech Co. Ltd.,71073
"Trinity Biosystems, Inc.",54295
"Alliance One International, Inc.",72238
Advanced Renal Technologies,69488
International Patent Holdings LLC,50633
"Shijiazhuang Pharma. Group Zhongqi Pharmaceutical Technology (Shijiazhuang) Co., Ltd.",84664
"Shijiazhuang Pharmaceutical Group Ouyl Pharma. Co., Ltd.",84664
Deb Worldwide Healthcare Inc.,70947
AI2 Limited,69662
Sanofi-Aventis Pharma GmbH,00024
"Guangzhou Co-Win Bioengineering Co., Ltd.",84148
Laboratories de la Mer,70188
Rapid Pharmaceuticals AG,83569
The Research foundation for Microbial Diseases of Osaka c/o Osaka University,52654
"University of New Orleans Research and Technology Foundation, Inc.",60215
"University of London, The School of Pharmacy",60215
National Food Research Institute,82076
Flanders Interuniversity Institute for Biotechnology,54323
"Advanced Life Science Institute, Inc.",69488
ADA Foundation,85739
"Wellness Enterprises, LLC",71683
THE MEDICINES COMPANY,71705
Nordic Vaccine Technology A/S,69918
"UNIVERSITY OF CENTRAL FLORIDA FOUNDATION, INC.",60215
Trustees of Dartmouth University,40098
"Applied Molecule Evolution, Inc.",81425
Applied Immune Technologies,81425
CNA Development LLC,72908
"Chang Gung Medical Foundation, Linkou Branch",43337
University of Fukui,60215
"SSV Therapeutics, Inc.",79952
"THREE RIVERS PHARMACEUTICALS, LLC",83838
General Antibodies and Biotechnologies S.R.L,21220
"Hainan Yangpu New & Special Medicine Co., Ltd.",14335
NATIONAL UNIVERSITY CORPORATION KYUSHU UNIVERSITY,82076
University of Liège,60215
Pure Bioscience,71355
Japan as Represented by President of National Center of Neurology and Psychiatry,87130
"Advanced Cell Technology, Inc.",69488
"Pinnacle Pharmaceuticals, Inc.",76128
YM BIOSCIENCES AUSTRALIA PTY LTD.,83100
University of Idaho,60215
"State Research Center for Applied Microbiology & Biotechnology, Ministry of Health & Social Development, RF, as represented by the Director of the State Research Center for Microbiology & Biotechnology, Ministry of Health & Social Development, RF",62481
NATIONAL INSTITUTE OF ADVANCED SCIENCE AND TECHNOLOGY,82076
"Advanced Marketing Systems, LLC",69488
B.B. Scientific L.L.C.,69113
Virginia Intellectual Properties Inc.,60563
OWEN & COMPANY LIMITED,59958
Southern Health,61567
The United States of America as represented by NIH Division of Extramural Inventions and Technology Resources (DEITR),58733
Korea University Industrial & Academic Collaboration Foundation,73391
Advanced Neuroprotective Systems Ltd.,69488
Merck Sharp & Dohme de Espana SA,00006
"Ash Access Technology, Inc.",10056
University of Medicine & Dentistry of NJ,60215
Zhejiang Yongning Pharmaceutical Factory,70412
Bio 3 Research S.R.L.,52654
"APPLIED GENOMICS, INC.",81425
"NIPPON BEET SUGAR MANUFACTURING., CO., LTD",24509
Pari GmbH,24492
Venture Technologies SDN BHD,85379
Endo Pharmaceuticals Solutions Inc.,00254
Cambridge Biotechnology Ltd,52422
"Kyowa Hakko Kinn Co., Ltd.",42747
MERIDIAN BIOPHARMACEUTICALS GMBH,50402
DA-YEH UNIVERSITY,60215
fx Life Sciences AG,84890
"Focus Diagnostics, Inc.",71687
Multi-Gene Vascular Systems Ltd. (“MGVS”),62767
"Ascend Therapeutics, Inc.",67877
THE MEDICINES COMPANY (LEIPZIG) GMBH,71705
Northern Innovations and Formulations Corp.,82716
"Delta Electronics, Inc.",66353
The Royal Veterinary College,68791
Beijing Hua Yuan Bo Chuang Technology Limited,71073
Dabur Pharma Limited,68747
"J & J Pharmaceutical Research & Development, LLC.",62211
"Qingdao East Sea Pharmaceuticals, Ltd.",70247
Triple Crown AB,71875
Health Wellness Foods Corporation,84992
"Zhejiang Dade Pharmaceutical Group Co., Ltd.",70412
"Merck & Co., Inc. and Merck Sharp & Dohme Corp.",00006
"THE EUROPEAN COMMUNITY, REPRESENTED BY THE EUROPEAN COMMISSION",85746
BOEHRINGER INGELHEIM VETMEDICA S.A. DE C.V.,00597
Chongqing Shenghuaxi Pharmaceutical Co. Ltd,85751
INEOS Healthcare Limited,71408
"Natural Organics, Inc.",84181
Quest International Services B.V.,17433
"PIONEER SURGICAL ORTHOBIOLOGICS, INC.",72090
"White Mountain Pharma, Inc.",73656
INSTITUTE OF NUCLEAR ENERGY RESEARCH,55330
Roche Madison Inc.,00140
Omega Bio-Pharma (I.P.1) Ltd.,51048
"Amgen Mountain View, Inc.",55513
Johnson & Johnson Consumer France SAS,84539
United States of America/NIH,58733
"TGT Laboratories, S.A. DE C.V.",70188
"Health Enhancement Products, Inc.",84992
Northern Antibiotics OY,82716
New Zealand Institute for Crop & Food Research Limited,80644
NATIONAL INSTITUTE OF WATER AND ATMOSPHERIC RESEARCH LIMITED,82076
CBT Development Limited,72908
R&D BIOPHARMACEUTICALS GMBH,82950
University of Chester,60215
NATIONAL CENTRAL UNIVERSITY,82076
CM & D PHARMA LIMITED,69662
Pigeon Vitality AS,78151
Medical Therapies Limited,62137
"Herbal Spring, LLC",71917
University of Brisol,60215
"GRACE LABORATORIES, LLC",84803
TDT Limited,69662
Virtus Nutrition LLC,69543
United States Department of Veteran Affairs,58733
"SJ Biomed, Inc.",69250
University of Wisconsin - Milwaukee,60215
Korea National Open University Industry-Academic Cooperation Foundation,73391
"Dalian D.N. Bio-Engineering Co., Ltd.",50685
Reckitt Benckiser LLC,52031
"Boehringer Ingelheim Vetmedical, Inc.",00597
Oxford Medistress Limited,69584
The Medical Research Fund at the Tel-Aviv Sourasky Medical Center,62137
"Natural Pharmacia International, Inc.",84181
Dentsply International Inc.,66312
Cephalon Australia Pty. Ltd.,63459
The New Industrial Research Organization,42241
"Health Science Funding, LLC",84992
The United States of America as represented by the Department of Veterans Affairs Office of the General Counsel,58733
BBS-Bioactive Bone Substitutes OY,43857
Innovative Biologics LLC,57362
AstraZeneca AB (PUBL),00186
MING CHI UNIVERSITY OF TECHNOLOGY,73234
Glenmark Generics Limited,68462
"Teva Womans's Health, Inc.",68546
"Hainan Deze Drug Research Co., Ltd.",14335
"UCB Manufacturing, Inc.",71523
"Plant Sciences, Inc.",84009
OCEAN MIST FARMS,84293
"Zhejiang Hisun Pharma Co., Ltd.",70412
Clear Vascular Inc.,85299
"Plasma Technologies, LLC",81839
"DFB Technology, Ltd.",73927
Nature's Plus Farmaceutica Ltda.,51346
Vaccine Research Institute of San Diego,63361
The Henry M. Jackon Foundation for the Advancement of Military Medicine,00404
The United States of America as represented by the Secretary of Argriculture,58733
Memorial Sloan-Kettering Cancer Research,42007
LABORATOIRE FRANCAIS DU FRACTIONNEMENT ET,63388
Legacy Emanuel Hospital & Health Center,68645
University of Missouri-Columbia,60215
BioTech Tools,81309
"ARCADIA BIOSCIENCES, INC.",71990
University of Erlangen-Nurnberg,60215
FLORIDA AGRICULTURAL AND MECHANICAL UNIVERSITY (FA,73060
Beijing JBC Chinese Traditional Medicine Science and Technology Develop Co. Ltd,71073
Beijing Cotimes Biotech Co. Ltd.,71073
Indian Veterinary Research Institute,60980
TCP Innovations Limited,87187
"The United States of America, National Institute of Health",58733
"Sichuan Dikang Sci-Tech Pharmaceutical Co., Ltd.",87215
Chengdu Dikang Pharmaceutical Institute,82432
BEIJING SOLOBIO GENETECHNOLOGY COMPANY LTD.,71073
The Trustees of the California State University,40098
National University Corporation YOKOHAMA National University,82076
Roche Diagnostics International AG,00140
JSW-Research Forschungslabor GmbH,52654
Institute for Chemical Genomics,55330
MERUS BIOPHARMACEUTICALS B.V.,83077
HTL High-Tech Lipids Ltd.,72753
Coral Biotech Kabushiki Kaisha,73691
SGF Holdings LLC,58048
Sunny BioDiscovery,81738
University of Hyderabad,60215
Merus B.V.,83077
The Research Foundation of State University of NY,52654
"Imperial Cancer Research Foundation, Ltd.",83837
The University of California at San Francisco,60215
"Well Shine Biotechnology Development Co., Ltd.",66492
Encore Health LLC,69482
"Nutritional Health Institute Laboratories, LLC",83027
FUNCTIONAL NEUROSCIENCE INC.,72268
"Shanghai Wanxing Biopharmaceuticals, Co., Ltd.",73557
Torrent Pharmaceuticals Torrent Research Center,13668
Fusion Antibodies Limited,78041
"GENERAL REGENERATIVES, LTD.",21220
Boston BioCom LLC,72628
BAYER TECHNOLOGY SERVICES GMBH,00026
"Response Scientific, Inc.",71527
"Little Busy Bodies, LLC",72559
"Cypress Pharmaceuticals, Inc.",60258
"Advanced Technologies and Regenerative Medicine, LLC",69488
The University of Albama at Birmingham Research Foundation,60215
"Planet Biotechnology, Inc.",75568
American Type Culture Collection (ATCC),58701
CIPLA Medpro Research and Development (Pty) Ltd,80735
University of New England College of Osteopathic Medicine,60215
Aspen Global Incorporated,42914
Bayer B.V.,00026
"OEM Group, LLC",49687
"JOHNSON & JOHNSON REGENERATIVE THERAPEUTICS, LLC",84539
MITSUBISHI CORPORATION,70510
Baker IDI Heart and Diabetes,76102
"XL Sci-Tech, Inc.",77595
Providence Health System,60379
UNIVERSITY HOSPITAL OF BASEL,60215
"Advanced Cancer Therapeutics, LLC",69488
La Jolla,68547
"University of Washington Center for Commercialization, a Public Institution of Higher Education",60215
e-Gen GmbH,10361
Coty Prestige Lancaster Group GmbH,66184
THE STATE OF ISRAEL,62481
UNIVERSITY OF CALIFORNIA LOS ANGELES,60215
"Qingdao Huanghai Pharmaceutical Co., Ltd.",70247
"Nanjing Zhongrui Medicine Co., Ltd.",87125
"Shaw Intellectual Properties Holding, Inc.",54767
"Aspen Biomedical Research, LLC",42914
University of Southampton Highfield,60215
GEORGIA HEALTH SCIENCES UNIVERSITY,54622
HOUSE RESEARCH INSTITUTE,85242
American Sterilizer Company,58701
GENESIS HEALTHCARE PARTNERS,52481
"American River Nutrition, LLC",58701
United Lighting Opto-Electronic Inc.,58733
University of Nairobi,60215
University of Groningen,60215
"Standard Biologics, Inc.",00360
"KOS Life Sciences, Inc.",84890
"DRG International, Inc.",50633
The Arizona Boad of Regents on Behfl of the University of Arizona,61973
"Ark Therapeutics Group, plc",79952
Exelixis Patent Company LLC,42388
Guangzhou Chen Li Ji Pharmaceutical Factory,84148
Sichuan Institute of Chinese Materia Medica,87215
Institute of Cell Biophysics Russian Academy of Sciences,55330
Vertex Pharmaceuticals (Canada) Incorporated,51167
CVI Pharmaceuticals Limited,69662
Bayer SAS,00026
"Biotech Synergy, Inc.",81309
University of Ottawa Heart Institute,60215
The Royal University for the Advancement of Learning/McGill University,68791
"Indiana University Health, Inc.",10578
Prince Leopoid Institute of Trtopical Medicine,62003
Zhejiang Neo-Dankong Pharmaceutical Co. Ltd.,70412
Advanced Medical Instruments,69488
Horizon Science Pty Ltd,75987
Apotex Technologies Inc.,60505
The United States of America as represented by theDepartment of Health and Human Services,58733
"Bio Nexus, Ltd",14789
"HDL Therapeutics, Inc.",79952
"Neptune Technologies & Bioressources, Inc.",84869
The University of Queesland,60215
E.B.I. Food Safety B.V.,56131
EVER Neuro Pharma GmbH,85068
INCORPORATED ADMINISTRATIVE AGENCY NATIONAL AGRICULTURE AND FOOD RESEARCH ORGANIZATION,63433
Sanofi-Aventis SpA,00024
"Life Plus, LLC",84890
"Wuxi JC Pharmaceutical Technology Co., Ltd.",65050
Plus Chemicals SA,65464
"Laboratorio de Diagnostico Gam, S.A.",65131
"Beijing Century Biocom Pharmaceutical Technology Co., Ltd.",71073
Bellus Health Inc.,71888
"Innovative Bio Therapies, Inc.",57362
"International Chlorella Co., Ltd.",50633
"OGA Research, Inc.",52654
"Institute for Antibodies Co., Ltd.",55330
"Laboratories Farmaceuticos Roui, S.A.",70188
Galderma R&D SNC,00299
VIVIER CANADA INC.,67226
Quest International B.V.,17433
Baker Heart Research Institute,76102
DVB GLOBAL,59448
University of Notre Dame,60215
CENTRAL MICHIGAN UNIVERSITY,85674
"EOS Health, Inc.",84992
"Kim Laboratories, Inc.",70188
"Horizon Pharma USA, Inc.",75987
Atlas Antibodies AB,50699
"Dalim Biotech Co., Ltd.",42491
"American Infertility of New York, P.C.",58701
Institute of Problems of Chemcial Physics RAS (IPCP RAS),55330
Atlas Copco Rock Drills AB,50699
"Beijing Kangbeide Pharmaceutical Technology Development Co., Ltd.",71073
Clean Technology International Corp.,85599
La Jolla Bioengineering Institute,68547
"Georgia Health Sciences University Rsearch Institute, Inc.",54622
"Functional Neuromodulation, Inc.",72268
"Alpha Synergy Development, Inc.",69335
"CIS Biotech, Inc.",81309
Herbal Powers Corporation,71917
"Royal Holloway and Bedford New College Royal Holloway, University of London",68791
"Foster-Miller, Inc.",64175
Technologies Biolactis Inc.,80324
"East Park Research, Inc.",72808
THE TRUSTEES OF THE STEVENS INSTITUTE OF TECHNOLOGY,40098
"Standard Chem. & Pharm. Co., Ltd.",00360
"EN Otsuka Pharmaceutical Co., Ltd.",59148
"Wuxi Grandchamp Pharmaceutical Technology Co., Ltd.",65050
ALT Solutions Inc.,79739
"Clean-Fuel Technologies, Inc.",85599
Beijing Sanly Sci-Tech Develop Inc. Ltd.,71073
BP CORPORATION NORTH AMERICA INC.,42887
Grifols Therapeutics Inc.,13533
"Arizona Board of Regents, A Corporate Body Organized Under Arizona Law",61973
TEVA Gyógyszergyár Zártkör{acute over ())}{acute over (})}úen M{acute over ())}{acute over (})}úköd{acute over ())}{acute over (})}ó Részvénytársaság,68546
"Vet Planet, LLC",75568
"EMERGENT PRODUCT DEVELOPMENT SEATTLE, LLC",64678
Sumitomo Corporation of America,63402
Science Applications International Inc. (SAIC),84804
Anhui Medical University,72030
Codex V S.R.L.,83196
"YOUR ENERGY SYSTEMS, LLC",82600
GSF-International Research Institute for Environment and Health,50633
DEP IP LIMITED,69662
Medi-Globe GmbH,66345
"INSTITUTE OF HIGH ENERGY PHYSICS, CHINESE ACADEMY OF SCIENCES",55330
"Shanghai Aosaiersi Biotech Co., Ltd.",73557
FDC Limited,69662
Novartis Vaccine & Diagnostics Inc,00078
Bayer MaterialScience AG,00026
"The Brigham and Women's FHospital, Inc.",24450
HEALTH INNOVISION COMPANY LIMITED,84992
"Arrowhead Madison, Inc.",84141
"California Stem Cell, Inc.",68403
The National Centre for Biological Sciences,82076
Summit Corporation Plc,43674
Merck Serono Biodevelopment,00006
Medical Research Fund of Tel-Aviv Sourasky Medical Center,62137
"Oculus Innovative Sciences, Inc.",62144
The University of Vermont College of Medicine,60215
"Dong-A Pharmtech Co., Ltd.",73242
"OPKO CuRNA, LLC",70301
University of Erlangen,60215
Brigham Young University Technology Transfer Office,24450
NM Tech Nanomaterials Microdevice Technology Ltd.,77595
S.U.L.V.E. Ltd.,31720
"CDG Therapeutics, Inc.",79952
University of Kerala,60215
Indiana University Research & Research Corporation,10578
"ERA BIOTECH, S.A.",81309
"CHENGDU UEI PRECISION INDUSTRY CO., LTD.",82432
Pfizer Canada Inc.,00013
Beijing Shengyiyao Science & Technology Development Co. Ltd.,71073
The United States of America as represented by the Army Medical Research and Material Command,58733
"ZHEJIANG YONGNING PHARMACEUTICAL CO., LTD",70412
Sigma Pharma Ltda.,84831
"Beijing Tri-Prime Genetic Engineering Co., Ltd",71073
"Beijing Bio-Tech Development Co., Ltd.",71073
"Cool Planet Biofuels, Inc.",70288
Precision Nutrition Pty Ltd,68094
"Takeda Pharmaceuticals U.S.A., Inc.",00944
"Yangzhou Yilin Biotechnology Co., Ltd",72797
Quy Biosciences Limited,83100
"Northern Antibiotics, Ltd.",82716
The United States of America—Department of Veterans Affairs,58733
"Unimed Pharma, SPOL, S.R.O.",73669
MS Therapeutics Limited,79952
"GENERAL SCIENCES, INCORPORATED",21220
LABORATOIRE BIODIM,63388
China Animal Disease Control Center,76305
Advanced Bionutrtion Corporation,69488
"Humacyte, Inc.",83564
"Dual Delivery, LCC",71295
Minu L.L.C.,84184
Janssen R & D Ireland,50458
Atlantic Garden AS,17856
"Onyx Technologies, Inc.",76075
University of Miami School of Medicine,60215
Validus Biopharma Inc.,30698
Institute for OneWorld Health,55330
"RELIANT TECHNOLOGIES, LLC",65707
"Market Styles Co., Ltd.",76209
Sun Mok Institute Education Foundation,55330
Island Kinetics Inc.,50153
"INTEGRATED PLANT GENETICS, INC.",73141
IMPERIAL COLLEGE LONDON,83837
"Laboratories del Sr. Esteve, S.A.",70188
DMI Acquisition Corp.,71293
"Gilead Colorado, Inc.",55135
Areva NC,59923
Regents of the University of Carolina,76326
TSS Biotech Inc.,81309
"Zhejiang Haisen Pharmaceutical Co., Ltd.",70412
"Beijing DFJX New Technology Co., Ltd.",71073
The United States of America represented by the Department of Veteran Affairs,58733
"Opko Ophthalmics, LLC",70301
Bayer CropScience N.V.,00026
Novartis Opthalmics AG,00078
ANNA UNIVERSITY,76446
KBC RESEARCH FOUNDATION PVT. LTD.,52654
Link Medicine Corporation,66908
OMM Scientific Inc.,69113
"Products Unlimited, Inc.",10018
University of Stirling,60215
"DMA International, Inc.",50633
PIRAMAL HEALTHCARE (CANADA) LTD.,66794
University of Sunderland,60215
"Shanghai Modern Pharmaceutical Co., Ltd.",73557
"Advanced Biotechnologies, LLC",69488
Piramal Healthcare Limited,66794
"TEV A Biopharmaceuticals USA, Inc.",82950
GLO BIOTECH,81309
"Advanced Photodynamic Technologies, Inc.",69488
Restoration of Appearance & Function Trust,82796
"Jiangsu Novavac Bio-Tec Co., Ltd.",77573
"Hainan Hdeton Science and Technology Co., Ltd.",14335
The University of the University of Dundee,60215
Wuhan Liyuanheng Pharmaceutical Technology Ltd.,72845
RAINBOW MEDICAL LTD.,69060
Sonia Pharma GmbH,85359
SWISS TROPICAL AND PUBLIC HEALTH INSTITUTE,60232
National Hospital Organization Kinki-chuo Chest Medical center,82076
"Zhejiang Huayi Pharmaceutical Co., Ltd.",70412
RELIABLE BIOPHARMACEUTICAL CORPORATION,69618
"Biotech, Inc.",81309
Fresno California State University,11564
University of the Witwatersrand,60215
United Technologies UT AG,58733
Pfizer Vaccines LLC,00013
Micro-Dose Life Sciences LLC,83018
"JRW Technologies, LLC",80324
Korea Institute of Bioscience and Biotechnology,73391
Bio-Active Export Pty. Ltd.,70039
"Shanghai Huatuo Medical Science Co., Ltd.",73557
National Institute of Radiological Sciences,82076
Beijing Tang-An Nutrition & Healthcare Products Co. Ltd.,71073
"University of Washington through its Center for Commercialization, a Public Institution of Higher Education",60215
"Shanghai Desano Pharmaceutical Co., Ltd.",73557
"MacroGenics West, Inc.",74527
"Analgesic Neuropharmaceuticals, LLC",52085
"Celgene Avilomics Research, Inc.",59572
Northern Arizona University,82716
"The United States of America, as represented by the Secretary of the Army, on behalf of the Walter Reed Army Institute of Research",58733
"FRS Group, LLC",49687
SAINT-GOBAIN ADFORS,72784
Health Ricerca e Sviluppo S.R.L.,84992
Forest Research Institute Malaysia,81609
"LCS Group, LLC",49687
"Nou Life Sciences, Inc.",84890
Institute of Biochemistry and Biophysics—Polish Academy of Sciences,55330
"Royal Holloway and Bedford New College, University of London",68791
Trustees of Dartmouth,40098
"American Symbolic, LLC",58701
HETERO RESEARCH FOUNDATION,68554
Zhejiang Adamerck Biopharmlabs Inc.,70412
"Zhejiang Yongning Pharma Co., Ltd.",70412
Vaccine Research International PLC,63361
Dermacare Neuroscience Institute,85728
Validus Genetics,30698
"Topical Sinus Therapeutics, Inc.",61500
"VET THERAPEUTICS, INC.",79952
"Young Pharmaceuticals, Inc.",00273
A.G.V. PRODUCTS CORP.,10018
SRM UNIVERSITY,60215
"The United States of America as represented by the Secretary of the Department of Health and Human Services, National Institute of Health, Office of Technology Tansfer",58733
"Shanghai Sine Pharmaceutical Laboratories Co., Ltd.",73557
The United States of America as represented by the Secretary of the Department of Human Services,58733
Medical Research and Infrastructure Fund of Tel-Aviv Sourasky Medical Center,62137
Natural Environment Research Council,84181
"OXYGEN BIOTHERAPEUTICS, INC.",69995
"Beijing Dongsheng Agricultural Technology Development (Group) Co., Ltd.",71073
Shanghai Bajiayi Pharmaceutical Science and Technology Co. Ltd.,73557
"Nanjing Changao Pharmaceutical Science & Technology Co., Limited",87125
"Laboratorios Dermatologicos Darier, S.A. DE C.V.",72483
Piramal Enterprises Limited and Apparao Satyam,66794
"Medi Beacon Development, LLC",66345
Vertex Closed Joint Stock Company,51167
"NIPPON SHIKA YAKUHIN CO., LTD.",24509
"NANJING SEN NAN BIOTECHNOLOGY RESEARCH CO., LTD.",87125
"Eisai R&D Co., Ltd.",62856
"TG Biotech Co., Ltd.",81309
The Procter & Gamble Company and Alimentary Health Limited,58933
UNIVERSITY OF WINDSOR,60215
SHS International,50633
"Institute of Basic Medical Sciences, Academy of Military Medical Sciences",55330
JON Pty Limited,69662
"Angels' Share Innovations, LLC.",79052
Lead Pharma Drug Development IP B.V.,62168
"Medcara, L.L.C.",82406
"Creative Medical Health, LLC",82660
"Endo Pharmaceuticals Colorado, Inc.",00254
"FORWARD ELECTRONICS CO., LTD.",83850
United Cancer Research Institute,58733
"Pangea Biotech, S.A.",81279
CENTRAL SOUTH UNIVERSITY,85674
University Corporation Nagoya University,60215
The University of Hong Kong & Versitech Limited,60215
"Re Community Energy, LLC",57837
"University of Wales, Aberstwyth",60215
Maco Parma,14498
PAD Pharma Limited,69662
Summit (Wales) Limited,43674
Advanced Accelerator Applications SA,69488
EAT LITTLE INC.,72559
"North Texas Health Sciences Center, University of",42887
P2 science Aps,84804
"THE UNITED STATES OF AMERICA, AS REPRESENTED BY THE SECRETARY, DEPT. OF HEALTH AND HUMAN SERVICES OFFICE OF TECHNOLOGY TRANSFER, NATIONAL INSTITUTES OF HEALTH",58733
Chengdu Di'Ao Jiuhong Pharmaceutical Factory,82432
"Takeda California, Inc.",00944
"CH Scientific, LLC",69113
"Alcon Pharmaceuticals, Ltd.",00065
University of Milan,60215
Smart Targeting Limited,70936
NEWPORT LABORATORIES,84697
Dong-Eui Educational Foundation,73242
Beta Pharma Canada Inc.,67224
"JAPAN STENT TECHNOLOGY CO., LTD.",87130
"JBS UNITED, INC.",58733
"J&E Solutions, LLC",79739
"Applied Pharmacy Services, Inc.",81425
"Shanghai Targetdrug Co., Ltd.",73557
Teva Sante,68546
MEDICAL RESEARCH COUNCIL TECHNOLOGY,62137
The Feinstein for Medical Research,13267
"THE UNITED STATES OF AMERICA, REPRESENTED BY THE SECRETARY, DEPT. HEALTH & HUMAN SERVICES",58733
"YI CHANG HSIANG INDUSTRIAL CO., LTD.",43337
DSM Food Specialties USA Inc.,56131
Hydrox Holdings Limited,10565
Beijing Shiqiao Biopharm Co. Ltd.,71073
Beijing Jiashilianbo Pharm Sci & Tech Co. Ltd.,71073
"Takeda Vaccines (Montana), Inc.",00944
RG BioPHARMA LLC,61476
Empire Technology Development LLC,85602
The United States of America as Represented by the Dept. of Veterans Affairs,58733
"Lux Biosciences, Inc.",83100
BIO PRODUCTS LABORATORY LIMITED,10018
"Biocare Co., Ltd.",85522
The State of Oregon Acting by and through the State Board of Higher Education on Behalf of the University of Oregon,62481
GMA Technologies LLC,80324
Consumer Products Corp.,11344
The University of MD Anderson Cancer Center,60215
Biogen Technologies,59627
"Arizona Board of Regents, a Body Corporate acting for and on behalf of Arizona State University",61973
The Albert B. Sabin Vaccine Institute,83002
A. M. Todd Company,45341
Management and Holdings—Ardom,83591
"NTF Therapeutics, Inc.",79952
"UNIVERSITY OF OCCUPATIONAL AND ENVIRONMENTAL HEALTH, JAPAN",60215
"TAO HEALTH LIFE PHARMA CO., LTD.",84992
Bayer New Zealand Limited (17012),00026
Takeda Pharma A/S,00944
"J.S. Technology Co., Ltd.",73927
"Taizhou Fudan-Zhangjiang Pharmaceutical Co., Ltd.",71310
Miami University,85376
"HEK Development, LLC",72908
"KEY MEDICAL TECHNOLOGIES, INC.",62137
IS Pharmaceuticals Limited,69662
BioActive Polymers AB,43857
New Medical Enzymes AG,62137
Jiangsu Longliqi Bioscience Co. Ltd.,77573
"Nox Technologies, Inc.",80324
Estee Lauder Coordination Center N.V.,11559
Pharma IP General Incorporated Association,21220
"Shanghai Zerun-Ankegens Biopharmaceutical Company, Ltd.",73557
NATURES REMEDIES LTD,73382
"Stealth Peptides International, Inc.",72507
RB PHARMACEUTICALS LIMITED,69662
NATIONAL CENTER FOR BIOLOGICAL SCIENCES,82076
"Slo-Iron, LLC",74375
Florida A&M University Board of Trustees,73060
The University of Western Austrailia,60215
Simply Thick LLC,83302
The UAB Foundation,85739
"University of Delhi, Department of Chemistry",60215
"Indian Institute of Science, Molecular Biophysics Unit",60980
National Brain Research Centre,82076
KOREA INSTITUTE OF CERAMIC ENGINEERING AND TECHNOLOGY,73391
NATIONAL RESEARCH COUNCIL OF THAILAND,82076
Wayne State University Board of Governors,72714
"Orient Pharma (Samoa) Co., Ltd",76333
JD Invest,84828
Bayer IP GmbH,00026
"Guangzhou Yunyuan Biotech Co., Ltd.",84148
CXR Biosciences Limited,83100
Vermont Italia SRL,69845
"Dalian Fusheng Natural Medicine Development Co., Ltd.",50685
"Quantum Immunologics, Inc.",70084
"Farmasierra Manufacturing, S.L.",73591
Temple University School of Medicine,71018
The University of North Carolina at Chapel Hikll,60215
"Creative Specialty Products, LLC",82660
"UGP Therapeutics, Inc.",79952
"Max International, LLC",50633
"Hainan Hualon Pharmaceutical Co., Ltd.",14335
AstraZeneca SB,00186
"James Madison Innovations, Inc.",46414
"SYNERGY BIOMEDICAL, LLC",83279
Southern Connecticut State University,61567
"Jiangsu Chiatei Tianqing Pharmaceutical Co., LTd",77573
Cambridge Cancer Diagnostics Limited,52422
Georgia Regents University,54622
The Research Foundation of State University of New York at Albany University,52654
"Shanghai Institute of Materia Medica, CAS",73557
"Changzhou Hi-Tech District Multiple Dimension Industry Technology Institute Co., Ltd.",59050
Guangzhou Zhongwei Biotechnology Ltd.,84148
"National Oilwell Varco, L.P.",82076
"Beijing Amsino Medical Co., Ltd.",71073
"Bioactive Surgical, Inc.",43857
"Guangzhou Konzern Pharmaceutical Co., Ltd.",84148
Marc-Henry Pitty,68998
Indian Institute of Chemical Technology,60980
PMX Industries Inc.,85954
"Qingdao Continent Pharmaceutical Co., Ltd.",70247
Biocon Limited & Centro de Immunologia Molecular,70377
Agricultural Research Institute,83933
Bio-Technology General (Israel) Ltd.,73927
Healing Skin LLC,61077
Premier Research Labs LLC,56104
Far Eastern New Century Corporation,68915
Bjo-Biomed Ltd,69250
Cephalon Australia (VIC) Pty Ltd,63459
CENTRAL IOWA HEALTH SYSTEM,85674
The United of America as represented by the Secretary of the Department of Health and Human Services,58733
HEALTH ONVECTOR INC,84992
Florida Gulf Coast University,73060
"Celltrion Pharm, Inc.",72606
Celltrion Chemical Research Institute,72606
UNIVERSITY OF CALCUTTA,60215
University of Washington Center for Commercialization,60215
Merck Serona SA,00006
"Dermazone Solutions, Inc.",58466
RUBICON RESEARCH PRIVATE LIMITED,85612
Thermo Fisher Scientific Biosciences Inc.,54394
"Precision Dermatology, Inc.",68094
Golden Pearl Investment LLC,87037
"VBI Technologies, L.L.C.",80324
University of Lleida,60215
University of Pierre and Marie Curie (Paris 6),60215
E.S.L.I. Limited,69662
Group One Limited,49687
Indiana Nanotech,10578
"Alternative Gene Expression, S.L.",53163
Chongqing Fagen Biomedical Inc.,85751
Maine Institute of Human Genetics and Health,51887
The United States of America as represented by the Secretary of the Development of Health and Human Services,58733
"Epic Wound Care, Inc.",42806
University of Bath of Claverton Down,60215
"NEW WORLD PHARMACEUTICALS, LLC",73442
"ASIA-PACIFIC BIOTECH DEVELOPING, INC.",83645
Gilead Pharmassel LLC,55135
"Swiss-American Products, Inc.",60232
Life Science Investments Ltd,84890
Hubei University of Technology,82996
Almirall Hermal GmbH,16110
"Natura Therapeutics, Inc.",63730
"Shenzhen Neptunus Pharmaceutical Co., Ltd.",84449
“Ivy Pharm” LLC,77039
WEST CORPORATION,65008
"International Partnership for Microbicides, Inc.",50633
"UNIVERSAL BIO RESEARCH CO., LTD.",69546
"Georgia Regents Research Institute, Inc.",54622
"INTEGRATED DIAGNOSTICS, INC.",73141
ABLE CORPORATION,13733
"Visions Marketing Group, Inc.",87251
Shenzhen Phlora Biotechnology Limited,84449
"Nanjing Cavendish Bio-Engineering Tech. Co., LTD.",87125
VM Therapeutics LLC.,79952
"Chongqing Jiachen Bioengineering Co., Ltd.",85751
"Institute of Immunology, PLA",55330
King Saud University Liver Disease,57955
"Alternative Gene Expression, S.L. (Algenex)",53163
Premium Ocular Solutions LLC.,82985
"FIRST PRINCIPLES, INC.",53117
"Soy Labs, LLC",54288
Tiger Pharmatech,69484
TIANJIN SINOBIOTECH LTD.,33217
"The United States of America, as represented by the Secretary, Department of Health and Humand Services",58733
North Texas Medical Associates,42887
H R D Corporation,37808
"CSPC NBP Pharmaceutical Co., Ltd.",24075
Institute for Hepatitis and Virus Research,55330
University of the Pacific,60215
"Beijing Dingguochangsheng Biotech., Co., Ltd.",71073
"CMI Research Management, LLC",52654
"Beijing Yiling Bioengineering Co., Ltd.",71073
CTX Life Sciences Pvt. Ltd.,84890
"The United States of America, as represented by the Secretary, Department of Health and Human Serives",58733
"Jiangsu Hengyi Pharmaceutical Co., Ltd.",77573
"Hebei Yiling Medicine Research Institute Co., Ltd.",77678
NATIONAL UNIVERSITY CORPORATION ASAHIKAWA MEDICAL MEDICAL,82076
Mylan Specialty L.P.,00378
Janssen Research & Development Ireland,50458
"Orphan Disease Treatment Institute Co., Ltd.",84381
University of Plymouth,60215
"PLS Technologies, Inc.",80324
2QR Research B.V.,52654
Prevention L.L.C.,69951
The United States of America as represented by Department of Veterens Affairs,58733
"TNI Biotech, Inc.",81309
"Cambridge Polymer Group, Inc.",52422
JB Therapeutics Inc.,79952
HERO GMBH,73381
"Wuxi MTLH Biotechnology Co., Ltd.",65050
"API Genesis, LLC",52481
Zhejiang Shapuaisi Pharmacy Ltd.,70412
VIRUS IKAGAKU KENKYUSHO INC.,74707
VM Institute of Research,55330
Maco Pharma,14498
"Brooks Kelly Research, LLC",81962
"TIMING PHARMACEUTICAL CO., LTD.",71918
"The United States of America, as represented by the Secretary, Department of Health and Human Services (Hereinafter the Government) Office of Technology Transfer, National Institutes of Health",58733
"UAB Research Foundation, University of Alabama—Birmingham",52654
"Korea Bone Bank Co., Ltd.",73391
"Guilin Sanjin Pharmaceuticals Co., Ltd.",68007
"The United States of America, as represented by the Secretary of the Army, U.S.A.",58733
"Teva Animal Health, Inc.",68546
"On Demand Therapeutics, Inc.",73474
"Japan Royal Jelly Co., Ltd.",87130
Target Heart Biotec S.R.L.,81052
University of Seoul Foundation of Industrial and Academic Cooperation,60215
"Shanghai Parling Pharma-Tech. Co., Ltd.",73557
"Wild Valencia, S.A.",30807
"JIANGSU T-MAB BIOPHARMA CO., LTD",77573
"Moderna Therapeutics, Inc.",80777
UNIVERSITY OF CENTRAL OKLAHOMA,60215
Nanjing Medical University Affiliated Brain Hospital,87125
Personal Products Company,83326
W. Health L.P.,84992
"SOUTHEASTERN MEDICAL TECHNOLOGIES, LLC",71908
Yiwu Jiangr Bio-Technology HK Corp.,69139
Prime Interaction Holdings Limited,72188
Florida Memorial University,73060
ST. JOHN'S UNIVERSITY,61140
"Terumo BCT Biotechnologies, LLC",53877
"GENESIS RESEARCH INSTITUTE, INC.",52481
University Of Kwazulu-Natal,60215
AMP-THERAPEUTICS GMBH,79952
"Shanghai Ecust Biomedicine Co., Ltd.",73557
Zhejiang Wild Wind Pharmaceutical Co. Ltd.,70412
Global Life Science Partners Limited,59448
Aeon Medix Inc.,85497
"Back Bay Scientific, LLC",85536
"Tianjin Weijie Technology Co., Ltd.",33217
Japan Institute of Leather Research,87130
DEB IP LIMITED,69662
"Chongqing Zhaokanglihui Meditech Co., Ltd.",85751
"Chongqing Qingyang Pharmaceutical Co., Ltd.",85751
HCB Happy Child Birth Holding AG,73964
Albert Einstein School of Medicine of Yeshiva University,83002
"The United States of America as repr. by the Sec. of the Army, U.S. Army Med. Resr. Inst. of Chem. Defense",58733
Nanyang Polytechnic,84972
"Wuxi Hongrui Bio-Pharma-Tech Co., Ltd.",65050
"PCB Associates, Inc.",82620
Maine Medical Center,51887
Asia Hepato Gene Co.,83645
San Diego Regenerative Medicine Institute,85217
"Jiangsu Shen ER Yang High Technology Co., Ltd.",77573
Abbvie Bahamas Ltd.,00032
University Hospital Ostrava,60215
"Merck Sharp & Dohme Corp. and Canji, Inc.",00006
"Innovative Biosensors, Inc.",57362
Aché International (BVI) Ltd.,50633
"Sigma-Tau Rare Diseases, S.A.",84831
WOCKHARDT RESEARCH CENTRE,64679
Emergent Product Development GmbH,64678
"Sen Capital, LLC.",29978
"Food Technologies International, LLC",56131
BAUSCH & LOMB PHARMA HOLDINGS CORP.,00187
PROCAPS SAS,76864
FL Therapeutics LLC,79952
Japan Poliomyelitis Research Institute,87130
"EVEREST BIOSCIENCES, INC.",83098
SMS Pharmaceuticals Limited,69662
"The Kingdom of The Netherlands, Represented by The Mininster of Health, Welfare and Sport, on Behalf of The Minster The National Institute of Public Health and The Environment",42627
"CHL Industries, LLC",85954
EMERALD FISHERIES AS,82670
NATURAL FIBERS CORPORATION,84181
EASTERN MICHIGAN UNIVERSITY,68915
"Gold Nanotech, Inc.",84714
"Beijing Diacrid Medical Technology Co., Ltd",71073
"Meridian Laboratories, Inc.",50402
Vaccine Technology Limited,63361
United States of America as represented by the Department of Health and Human Resources NIH,58733
GH CARE INC.,20394
Research Center Borstel,52654
"Sea Run Holdings, Inc.",58048
The Nice Sophia Antipolis University,44385
Sigma-Aldvich Co. LLC,84831
Emergent BioSolutions Inc.,64678
"Opko IP Holdings II, Inc.",70301
Comercializadora S. Car. Borr S.A. de C.V.,85925
"Joyce Labs, LLC",85632
BG HOLDINGS LLC,58048
The United States of America National Institute of Health (NIH),58733
The United States of America Dept. of Health and Human Services (DHHS),58733
University of South Florida (A Florida Non-Profit Corporation),60215
The State of Oregon Acting by and Through the State Boad of Higher Education on Behalf of Oregon State University,62481
"Qingdao Qiyuan Bio-Technologies Co., Ltd.",70247
"Shanghai Sun-Sail Pharmaceutical Science & Technology Co., Ltd.",73557
"Sanofi-Topaz, Inc.",00024
Critical Pharmaceuticals Limited,44567
"Shanghai Zerun Biotechnology Co., Ltd.",73557
Hebei Medical University,77678
"DC Labs, Inc.",54288
"INSTITUTE OF GENETICS AND DEVELOPMENTAL BIOLOGY, CHINESE ACADEMY OF SCIENCES",55330
Natura Corporation,63730
"Shandong Xiansheng Maidejin Biological Pharmaceutical Co., Ltd.",82061
TAKEDA NYCOMED AS,00944
Robinson Squidgel Ltd,66487
"GE Healthcare Dharmacon, Inc.",71093
KOREA OCEAN RESEARCH & DEVELOPMENT INSTITUTE,73391
China Synthetic Rubber Corporation,76305
Biogen Idec Hemophilia Inc.,59627
Coastal Biologic Solutions,42582
Nad Life Pty Ltd,84890
University of Georgia,60215
"Institute of Oceanology, Chinese Academy of Sciences",55330
"TK HOLDINGS, LLC",58048
Roche MTM Laboratories AG,00140
"Fresenius Medical Care Holdings, Inc.",18124
"CHONGQING ZEIN PHARMACEUTICAL CO., LTD",85751
"Wuhan Shengyun Biopharma Co., Ltd.",72845
"Star Biologics, Inc.",14141
"Ningbo Puai Bioengineering Co., Ltd.",47993
Georgia-Pacific Wood Products LLC,54622
HQ SPECIALTY PHARMA CORPORATION,84228
TIANJIN UNIVERSITY OF TRADITIONAL CHINESE MEDICINE,33217
NORDIC BIOSCIENCE A/S,69918
Rainbow Pharmaceutical SA,69060
Ferring International SA,55566
HSO Health Care GmbH,84992
"The United States of America as represented by the Secretary of the Department of Health and Human Services, Centers for Disease Control",58733
"Vita-Herb Nutriceuticals, Inc.",84834
LABORATORIOS SENOSIAIN S.A. DE C.V.,72483
"Biological Responsibility, LLC",83538
Crest Foam Industries,84713
"ELEVEN BIOTHERAPEUTICS, INC.",10202
UNIVERSITY OF SALFORD,60215
"TOPICAL REMEDY, LLC",61500
"The Henry M. Jackson Foundation of the Advancement of Military Medicine, Inc.",00404
THE UNIVERSITY OF TEXAS AT EL PASO,60215
Zhejiang Jianfeng Pharmaceutical Holdings,70412
Wild Child,30807
"HAINAN LINGKANG PHARMACEUTICAL CO., LTD",14335
"NE Health Laboratory Co., Ltd.",84992
"Advanced Extravascular Systems, Inc.",69488
"Biomed Realty, L.P.",69250
Smith & Nephew (Overseas) Limited,11043
Japan Breast Cancer Research Group,87130
HAIR SCIENCE INSTITUTE,83454
"REGENERATIVE SCIENCES, LLC",82305
"Boehringer Ingleheim Vetmedica, Inc.",00597
Pierre Babre Medicament,64370
"ZHEJIANG JIUZHOU PHARMA SCIENCE & TECHNOLOGY CO., LTD.",70412
"True North Therapeutics, Inc.",85520
University of L'Aquila,60215
ULTRACEUTICALS R&D PTY LTD.,10028
"Intelligent Oncotherapeutics, Inc.",81632
"Mobius Otologics, LLC",49771
"MSD Consumer Care, Inc.",11344
Institute of Pharmacology and Toxicology Medical Sciences P.L.A. China,55330
"Nan Jing Cavendish Bio-Engineering Technology Co., Ltd.",83170
University of Glasgow,60215
The Arizona Board of Regents for an on Behalf of Arizona State University,61973
Beijing Wonner Biotech. Ltd. Co.,71073
"Tetra, SIA",49406
The University of Montpellier 2 Science and Techniques,60215
"ACP JAPAN CO., LTD.",87130
"Dynamic Mouth Devices, L.L.C.",75638
JBS United Animal Health II LLC,58733
Forward Pharma A/S,83850
"Med-Genesis, LLC",52481
Medicine In Need Corporation,54155
"K-PAX Pharmaceuticals, Inc.",87034
EQ Ag Solutions,79739
National Institute of Allergy and Infectious Diseases (NIAID),82076
National Institute for Agricultural Research,82076
"Better Health Publishing, Inc.",21130
The United States of America represented by the Department of Vetran Affairs,58733
"Universal Technology Alliance, Inc.",69546
Guangzhou Municipal Zhongwei Biotechnology Limited Company,84148
Horizon Pharma AG,75987
"Dalian Haiyantang Biology Co., Ltd.",50685
"Beijing Medisan Technology Co., Ltd",71073
National Museum of Marine Biology & Aquarium,82076
National Taiwan University of Science and Technology,82076
ADM Alliance Nutrition,72238
Nanjing Yoko Biomedical R & D Ltd.,87125
"Nanjing Yoko Pharmaceutical Co., Ltd.",87125
"Nanjing Xingang Medical Co., Ltd.",87125
Premier Nutrition Corporation,56104
Biogen Idec International Neuroscience GmbH,59627
EUROPEAN KETOGENIC WEIGHT LOSS CLINIC LLC,85746
San Jose State University Research Foundation,85798
"Sichuan Vaccine Technology Co., Ltd.",87215
UNIVERSITY OF ZARAGOZA,60215
KSF Acquisition Corporation,71293
Northern Bristol N.H.S. Trust Frenchay Hospital,82716
Arrowhead Research Corporation,84141
Korea Health Industry Development Institute (KHIDI),73391
NANJING UNIVERSITY OF TECHNOLOGY,87125
"Sichuan Gooddoctor Pharmaceutical Group Co., Ltd.",87215
Nanjing Allgen Pharma Co. Ltd.,87125
"The Kingdom of The Netherlands, Represented by The Minister of Health, Welfare and Sport, On Behalf of The Minister, The National Institute of Public Health and The Environment",42627
Atlantic Cancer Research Institute,17856
"Beijing Prelude Pharm. SCI. & Tech. Co., Ltd.",71073
"NANJING LUYESIKE PHARMACEUTICAL CO., LTD.",87125
"Jiangsu Provincial Institute of Materia Medica Co., Ltd.",77573
TEVA GmbH,68546
Golden Pacific Bio Limited,87037
Lundbeck NA Ltd.,67386
Rise-N-Shine L.L.C.,84980
"Shanghai Tangrun Pharmaceuticals Co., Ltd.",73557
Air Water Inc.,59898
"Northwind Medical, Inc.",51655
"AMS Research, LLC",52654
Ascendis Pharma Inc.,73362
BRAEBURN PHARMACEUTICALS BVBA SPRL,58284
"Shanghai Yingli Science and Technology Co., Ltd",73557
"Shanghai ChemPartner Co., Ltd.",73557
Ocular Technologies Sarl,70382
OPKO LAB EUROPE SL,70301
CTI BIOPHARMA CORP.,61476
Institute of Pharmacology,55330
MARTIN-LUTHER-UNIVERSITÄT HALLE-WITTENBERG,84999
"TBI Innovations, LLC",87187
Shanghai Research Center for Model Organisms,73557
"Shanghai Biomodel Organism Science & Technology Co., Ltd.",73557
"HEALTH-LOVE CO., LTD.",84992
United States Department of Agriculture,58733
Teva Hungary Ltd.,68546
Teva Hungary Pharmaceutical Marketing Private Limited Company,68546
"HANGZHOU BENSHENG PHARMACEUTICAL CO., LTD.",72823
"Phoenix Pharmalabs, Inc.",60913
The United States of America DBA The Department of Veterans Affairs,58733
University of Piemonte Orientale,60215
UNIVERSITY OF TORONTO,60215
Alkermes Science One Limited,65757
"Laboratorio Reig Jofre, S.A.",65131
"GP PHARM, S.A.",77039
Long Island University,81298
"Advanced Bio Development, Inc.",69488
"Hainan Weikang Pharmaceutical (Qianshan) Co., Ltd.",14335
Laboratories Inneov SNC,70188
Medical Adhesive Revolution GmbH,62137
Ben-Bar Technology 2006 Ltd.,73927
ADD ADVANCED DRUG DELIVERY TECHNOLOGIES LTD.,69488
"Altaire Pharmaceutical, Inc.",59390
"Ningbo Team Pharmaceutical Co., Ltd",47993
Pierre Gabre Medicament,64370
"TEI BIOSCIENCES, INC.",83100
Skin Evolution LLC,82657
"Institute of Materia Medica, Chinese Academy of Sciences",55330
"Mylan Technologies, Inc.",00378
Indiana State University,10578
"LP Pharmaceutical (Xiamen) Co., Ltd.",62211
"GENESIS CO., LTD.",52481
"FM Therapeutics Co., Ltd.",79952
LABORATOIRES CYCLOPHARMA,62169
"State of Israel, Ministry of Agriculture, Agricultural Research Organization",62481
"Beijing Shengyiyao Technology & Development Co., Ltd.",71073
"Tianjin Taipu Pharmaceutical Science & Technology Development Co., Ltd.",33217
"Capital, Business Y Gestion de Finanzas S.L.",29978
Northeast Forestry University,80136
"GI Innovations, PLLC",87187
"The United States of America, DBA The Department of Veteran Affairs",58733
VALNEVA,42515
"C Lab Pharma International, S.A.",50633
AGI Therapeutics Public Limited Company,79952
NOVARTIS TIERGESUNDHEIT AG,00078
"CLINICAL RESEARCH ASSOCIATES, LLC",65919
3E Therapeutics Corporation,79952
"NEW BELLUS ENTERPRISES CO., LTD.",71888
GlaxoSmithKline Consumer Healthcare GmbH and Co. KG,00173
"Chengdu Yunke Pharmaceutical Co., Ltd.",82432
The Research Foundation for Microbial Disease of Osaka University,52654
"Jiangsu Genecon Biotechnologies Co., Ltd.",77573
International IP Holdings LLC,50633
"The United States of America National Institutes of Health (NH), U.S. Dept. of Health and Human Services (DHHS)",58733
"COR.CON INTERNATIONAL, S.R.L.",50633
"Shanghai Haikang Pharmaceutical Tech. & Deve. Co., Ltd.",73557
AB7 INNOVATION,72104
"FUZHOU HARVESTER PHARMACEUTICAL R&D CO., LTD.",84952
INNOVATION ULSTER LIMITED,72104
"Inno Biosciences, S.p.A.",84988
University of Szeged,60215
Nanjing Effect Pharm Drug Development Corporation,87125
"TopMD, Inc.",69530
The Regents of the University of Colorado Denver,76326
"HETERO RESEARCH FOUNDATION, HETERO DRUGS LTD.",68554
"The United States of America, as represented by the Secretary Department of Health by Human Servies",58733
Becton Dickinson France,17271
MEDICAL BIOSCIENCES LLC,62137
"SHANGHAI ZHONGXI SUNVE PHARMACEUTICAL CO., LTD.",73557
University of Rhode Island Research Foundation,60215
MERZ GMBH & CO. KGAA,00259
"Beijing Orbiepharm Co., Ltd.",71073
"Nantong Biotechnology Park Development and Investment Co., Ltd.",43473
NATIONAL UNIVERSITY CORPORATION OBIHIRO UNIVERSITY OF AGRICULTURE AND VETERINARY MEDICINE,82076
"SSS ACQUISITION, LLC",71293
"Little Calumet Holdings, LLC",72559
"CHENGDU BAIYU TECHNOLOGY PHARMACY CO., LTD.",82432
MEDICAL RESEARCH COUNCIL OF SOUTH AFRICA,62137
"SCHOOL OF OPHTHALMOLOGY AND OPTOMETRY, WENZHOU MEDICAL COLLEGE",76123
"Zhejiang Charioteer Pharmaceutical Co., Ltd.",70412
"JIANGXI QINGFENG PHARMACEUTICAL RESEARCH CO., LTD.",83778
THE UNIVERSITY FOR SYSTEMS BIOLOGY,60215
National Institute of Technology,82076
"RISE TECHNOLOGY CO., LTD.",84980
"RBG Group, LTD.",49687
"Nanjing Molecular Research, Inc.",87125
"GUANGZHOU ORIGMOL FEED-ADDITIVE CO., LTD",84148
THE UNITED STATES OF AMERICA AS REPRESENTED BY THE SECRETARY OF THE ARMY ON BEHALF OF USAMRMC,58733
SBS Food Group LLC,56131
Tina Holding APS,84313
SCI-CHEM INTERNATIONAL PTY LTD,63830
Omega Pharma Innovation and Development NV,51048
"JOHN M. AGEE AND KAREN K. AGEE, TRUSTEES OF THE JOHN M. AGEE TRUST",61140
"The Henry M. Jackson Foundation for the Advancement of Miltary Medicine, Inc.",00404
THE UNITED STATES OF AMERICA DEPT. OF VETERANS AFFAIRS,58733
"Laser Spine Institute, LLC",16477
"The United States of America National Institutes of Health (NIH), U.S. Dept of Health and Human Services (DHHS)",58733
SUNNY PHARMTECH INC.,81738
National Institute of Health Research and Development (NIHRD)-Ministry of Health of the Republic of Indonesia,82076
Life Technologies AS,84890
"DRP Biomedical, Inc.",24562
"Flavor Liquidating (G) Corporation (new name for A. M. Todd Group, Inc.)",79671
I.E.R.F.C. EUROPEAN INSTITUTE FOR CYSTIC FIBROSIS RESEARCH,85746
"UNIVERSITY OF TWENTE, INSTITUTE FOR BIOMEDICAL AND TECHNICAL MEDICINE (MIRA)",60215
PHARMACURE HEALTH CARE AB,79643
"Beijing Fswelcome Technology Development Co., Ltd.",71073
"Shanghai Huanghai Pharmaceutical Co., Ltd.",73557
"SHANGHAI SUNDISE CHINESE MEDICINE TECHNOLOGY DEVELOPMENT CO., LTD",73557
Sy Kimball,66608
"SOUTHERN HOSPITAL, SOUTHERN MEDICAL UNIVERSITY",61567
"Shanghai Anbison Laboratory Co., Ltd.",73557
"Chang Gung Memorial Hospital, Linkou Branch",43337
"Beijing Reciprocapharmaceuticals Co., Ltd.",71073
Lead Billion Limited,62168
"Guangzhou Consun Medicine R & D Co., Ltd.",84148
"Arizona Board of Regents, A Body Corporate Of The State Of Arizona Acting For An On Behalf Of The University of Arizona",61973
ROYAL CORNWALL HOSPITAL TRUST,68791
"CHENGDU DI'AO PHARMACEUTICAL GROUP CO., LTD.",82432
Life & Brain GmbH,84890
"Apex Therapeutics, Inc.",63479
"Fujian Institute of Research on The Structure of Matter, Chinese Academy of Sciences",75543
IPD-THERAPEUTICS B.V.,79952
"SOMERSET GROUP ENTERPRISES, INC.",70069
"MEH ASSOCIATES, INC.",82620
Saint Peter's College,72784
"SOUTH CHINA SEA INSTITUTE OF OCEANOLOGY, CHINESE ACADEMY OF SCIENCES",51400
SP Industries LLC,85954
DNA THERAPEUTICS,79952
"LABORATORIOS OJER PHARMA, S.L.",72483
"THE UNITED STATES OF AMERICA, AS REPRESENTED BY THE SECRETARY OF THE DEPARTMENT OF HEALTH AND SERVICES",58733
"BEIJING BETTA PHARMACEUTICALS CO., LTD",71073
Shanghai Institute of Materia Medica Academy of Sciences,73557
"The United States of America,as represented by the Secretary,Department of Helath and Human Services",58733
"The United States of America, as represented by the Secretary of the Department of Health and Human Services (DHSS)",58733
"Detroit R&D, Inc.",73030
"Pax Labs, Inc.",54288
"SHANGHAI PUYI CHEMICAL CO., LTD.",73557
Mylan Labs Limited,00378
S&T GLOBAL INC.,59448
"Health Diagnostic Laboratory, Inc.",84992
"INSTITUTE OF MICROBIOLOGY OF THE ASCR, V.V.I.",55330
"INSTITUTE OF PHYSIOLOGY OF THE ASCR, V.V.I.",55330
JACKSON BRANDAO LOPES,42068
Technical University of Denmark and Rigshospitalet,77908
"Shanghai Pulmonary Hospital, Tongji University School of Medicine",73557
"THE BRIGHAM AND WOMEN'S HOSPTIAL, INC.",24450
Biogen Hemophilia Inc.,59627
"Jiangsu Hansoh Medicine Institute Co., Ltd.",77573
Jubilant Life Sciences Limited,59746
"INSTITUTE OF CHEMISTRY, CHINESE ACADEMY OF SCIENCES",55330
"GUANGZHOU PEPTIDE MEDICAL TECHNOLOGY CO., LTD.",84148
"SHANGHAI ICELL BIOTECHNOLOGY CO., LTD.",73557
"SHANGHAI UNITED STEM CELL BIOTECHNOLOGY CO., LTD.",73557
Revive Therapeutics Ltd,84798
UNIVERSITY OF KUWAIT,60215
"Beta Cat Pharmaceuticals, Inc.",67224
BEIJING WEIFENG YIMIN BIO-TECHNOLOGY LIMITED COMPANY,71073
"LABORATORIOS OVEJERO, S.A.",72483
GUANGDONG MEDICAL COLLEGE,85279
Laboratorios Richmond Sociedad Anónima Comercial Industrial y Financiera,72483
"Chengdu Easton Pharmaceutical Co., Ltd.",82432
"Institute of Radiation Medicine, Academy of Military Medical Sciences, People's Liberation Army of China",55330
"Hybio Pharmaceutical Co., Ltd.",14403
THE TEXAS A&M UNIVERSITY,85811
CHENGDU YIPING MEDICAL SCIENCE & TECHNOLOGY CO. LTD,82432
"Paratek Pharmaceuticals, Inc.-124418",71715
Jiangsu Kangbeide Pharmaceuticals Co. Ltd.,77573
"Johnson Living Trust dated October 26, 2011, Leonidas A. Johnson, Trustee",84539
"Anhui Biochem Bio-Pharmaceutical Co., Ltd",72030
Ascendis Pharma Growth Disorders Division A/S,73362
St. Mary's University,51531
"JIANGSU PROTELIGHT PHARMACEUTICAL & BIOTECHNOLOGY CO., LTD",77573
SUMMIT THERAPEUTICS PLC,43674
"Takeda Pharmaceuticals North America, Inc.",00944
"Jiangsu Simovay Pharmaceutical Co., Ltd.",77573
University of Rhode Island,60215
Sunny Delight Beverages Co.,81738
Kantian Sciences Corporation,57524
Georgia-Pacific Panel Products LLC,54622
SWEDISH ORPHAN BIOVITRUM INTERNATIONAL AB,66658
ORPHAN SYNERGY EUROPE-PHARMA,84381
SIGMA-TAU RESEARCH SWITZERLAND S.A.,84831
"I. OTSUKA PHARMACEUTICAL CO., LTD.",59148
LIFE SCIENCE RESEARCH INSTITUTE LTD.,84890
Nordic Labs Limited,69918
"TIANJIN XIJI BIOTECHNOLOGY CO., LTD.",33217
KEM HOLDINGS,58048
LUPIN ATLANTIS HOLDINGS SA,27437
"Ocean Spray Cranberries, Inc.",84293
"Life Science Enterprises, Inc.",84890
"Beijing Foreland Biopharma Co., Ltd.",71073
"GREEN TECH Co., Ltd",61152
"3D MEDICINES, LTD.",71705
Universal Health Network,69546
TL & GM CHEMICAL COMPANY,63146
CARDINAL HEALTH SWITZERLAND 515 GMBH,63517
"WUHAN KATYGEN PHARMACEUTICALS, INC.",72845
LABORATOIRE DE DERMO-COSMETIQUE ANIMALE (L.D.C.A) SAS,63388
"GUANGDONG TAIHE MEDICINE SCIENCE & TECHNOLOGY CO., LTD",85279
THE NIPPON DENTAL UNIVERSITY,24509
UNIVERSITY OF TENNESSEE,60215
Hunan Fangshenghuamei Medical Tech. Co. Ltd.,84273
"SHANGHAI GENECHEM CO., LTD.",73557
"SUMITOMO BAKELITE CO., LTD.",63402
PHARMACEUTICAL SOLUTIONS INDUSTRY LTD.,62211
"CHONGQING TAIHAO PHARMACEUTICAL CO., LTD.",85751
International School for Advanced Studies,50633
"VG Life Sciences, Inc.",84890
Forest Tosara Limited,81609
"PEG Biosciences, Inc.",83100
"THE FIRST AFFILIATED HOSPITAL, THIRD MILITARY UNIVERSITY, PLA",53117
The National Veterinary Institute,82076
"The United States of America, as represented by the Secretary, Department of Heath Services",58733
SWEDISH PHARMA AB,66658
"ASD THERAPEUTICS PARTNERS, LLC",79952
University of Dayton,60215
MARY'S MEDICINALS LLC,51531
The Health Concept GmbH,84992
"Sichuan Guokang Pharmaceutical Co., Ltd.",87215
"Physicians Recommended Nutriceuticals, LLC",27495
"RCP Development, Inc.",72908
Laboratorio Pablo Cassará S.R.L.,65131
"EBI Life Sciences, Inc.",84890
INSTITUTE OF TECHNOLOGY SLIGO,55330
Body Glide LLC,42281
"CHANGZHOU TARGET MEDICINE TECHNOLOGY CO., LIMITED",59050
"FORMULA XO, INC.",82086
"X-Chem, Inc.",63830
"Warner Babcock Institute for Green Chemistry, LLC",69428
OSE Pharma International SA,50633
"LZ Therapeutics, Inc.",79952
MALLINCKRODT IP,63004
RD Biomed Limited,69250
Biomed Venture S.R.L. Societa Unipersonale,69250
TONIX PHARMA HOLDINGS LIMITED (BERMUDA),70792
"Belle-Aire Frangrances, Inc.",80670
"University of California, Santa Barbara (UCSB)",60215
"SHANGHAI RIGHTHAND PHARMTECH, CO., LTD.",73557
CREATIVE THERAPEUTICS GMBH,82660
"Gilead Scineces, Inc.",55135
"High & New Technology Research Center, Henan Academy of Sciences",72753
Well Resources Inc.,66492
Institute of Advanced Study,55330
"Obagi Medical Products, Inc.",62032
JIANGXI QINGFENG PHARMACEUTICAL INC.,83778
OMEGA BIO-PHATMA (I.P.1) LTD.,51048
"ANHUI QINGYUN PHARMACEUTICAL & CHEMICAL CO., LTD.",72030
The University of Canterbury,60215
"GUANGZHOU T.K MEDICAL INSTRUMENT CO., LTD.",84148
"THE REGENTS OF THE UNIVERSITY OF CALIFORNIA, BERKE",76326
"THE STATE OF ISRAEL, MINISTRY OF AGRICULTURE & RURAL DEVELOPMENT, AGRICULTURAL RESEARCH ORGANISATION (ARO) (VOLCANI CENTER)",62481
"AMERICAN AIR FILTER COMPANY, INC.",58701
"BPV Holdings, LLC",58048
THE UNITED STATES OF AMERICA DEPARTMENT OF VETERAN AFFAIRS,58733
HAINAN UNIVERSITY,14335
Fit Biotech OY,81309
"C5-6 Technologies, Inc.",80324
UNIVERSAL BIOSYSTEMS LIMITED COMPANY (UBS LTD),69546
OBE THERAPY BIOTECHNOLOGY,71061
Cambridge University Hospitals NHS Foundation Trust,52422
WHOLE BIOME INC.,42681
St. James Associates LLC/Faber Research Series,46414
Japan Agency for Marine-Earth Science and Technology,87130
"FXS VENTURES, LLC",68678
"Beijing KBD Pharmaceuticals Co., Ltd.",71073
"BEIJING INSTITUTE OF TRANSFUSION MEDICINE, ACADEMY OF MILITARY SCIENCES",71073
"Pharmaceutical Design, LLC",62211
Ocean Research & Development GmbH,84293
WUHAN YICHENG BIOTECH. INC.,72845
Shanghai Institute of Organic Chemistry,73557
"HANGZHOU MINSHENG INSTITUTES FOR PHARMA RESEARCH CO., LTD",72823
"BEIJING XINTIANYU TECHNOLOGY DEVELOPMENT CO., LTD.",71073
"NMS TECHNOLOGIES CO., LTD.",80324
KG ACQUISITION LLC,71293
Mount Desert Island Biological Laboratory,67465
CNJ HOLDINGS INC,58048
CLARION RESEARCH GROUP,69693
INSTITUTE OF NATIONAL COLLEGES OF TECHNOLOGY,55330
UNIVERSITY OF CYPRUS,60215
"The United Sates of America, as Represented by the Department of Veterans Affairs",58733
"Jiangsu Daocheng Biotechnology Co., Ltd.",77573
"S1 BIOPHARMA, INC.",61476
CHINA 302 MILITARY HOSPITAL OF PLA,76305
"Shandong Yingdong Yinghao Biotechnology, Inc.",82061
"SHANGHAI INSTITUTE OF MATERIA MEDICA, CHINESE ACADEMY OF SCIENCES TOPHARMAN SHANDONG CO., LTD",73557
"STATE OF ISRAEL, MINISTRY OF AGRICULTURE & RURAL DEVELOPMENT, AGRICULTURE RESEARCH ORGANIZATION (ARO) (VOLCANI CENTER)",62481
University of Miami-Diabetes Research Institute,60215
Applied Genetic Technologies Corporation,81425
Shanghai Kairun Biology Medicine Limited Liability Company,73557
"Luc Therapeutics, Inc.",79952
"SHANGHAI FOSUN PHARMACEUTICAL DEVELOPMENT CO., LTD.",73557
THE FOUNDATION FOR BIOMEDICAL RESEARCH OF LA PAZ UNIVERSITY HOSPITAL (FIBHULP),85739
"KR BIOTECH CO., LTD.",81309
The Institute of Biological Resources,55330
MERCK SHAPR & DOHME CORP.,00006
"GUANGZHOU HEERSHI PHARMA DEVELOPMENT CO., LTD",84148
NATIONAL BRAIN RESEARCH CENTRE (NBRC),82076
"TIF Management, LLC",83591
"BIOMEDICAL RESEARCH MODELS, INC.",24562
Shandong Provincial Institute of Dermatology and V,82061
"Brickell Biotech, Inc.",82247
"YUNNAN MINGJINGHENGLI PHARMACEUTICAL CO., LTD.",61658
"Sanofi (China) Investment Co., Ltd. Shanghai Branch",00024
LA BioMedical Research Institute at Harbor-UCLA Medical Center,24562
University of Pennsylvania—Of the Commonwealth System of Higher Education,60215
"ARIZONA CANCER THERAPEUTICS, LLC",61973
Karo Pharma AB,84485
ZHEJIANG WANBANG PHARMACEUTICAL PLC.,70412
Ascend Biopharmaceuticals Pty Ltd.,67877
University of Stellenbosch,60215
"CAD Medical Solutions, LLC",62137
Janssen Vaccines AG,50458
Emergent Protective Products Canada ULC,64678
University of California Irvine,60215
The University of Sydney Centenary Institute of Cancer Medicine and Cell Biology,60215
SHIJIAZHUANG RAPISTEP PHARMACEUTICAL TECHNOLOGY R&D INC.,84664
NANJING BIOTICA PHARMACEUTICAL COMPANY,87125
"INTERNATIONAL CENTRE FOR DIARRHOEAL DISEASE RESEARCH, BANGLADESH (ICDDR,B)",50633
"ZHEJIANG TANZHEN BIOTECHNOLOGY CO., LTD",70412
3D GLOBAL BIOTECH INC.,59448
NANJING GENERAL HOSPITAL OF NANJING MILITARY REGION OF PLA,87125
UNIVERSITY OF SURREY,60215
"Hubei Wudang Animal Pharmaceutical Co., Ltd.",82996
TIANJIN INTERNATIONAL JOINT ACADEMY OF BIOMEDICINE,33217
BEIJING GRAGEN BIOTECHNOLOGY CO. LTD.,71073
TMB LABS LTD.,54288
"SHANGHAI TIN TSZ BIO VALLEY BIOLOGICAL ENGINEERING CO., LTD",73557
"Health Care Systems, Inc.",84992
RLS Global AB,59448
NO. 9 PEOPLE HOSPITAL AFFILIATED TO SHANGHAI JIAOTOG UNIVERSITY SCHOOL OF MEDICINE,43097
"Institute of Basic Medical Science, the Academy of Military Medical Science of the Chinese PLA",55330
Kent University,51960
Institute of Life Sciences,55330
UNIVERSITY AND AGRICULTURAL AND MECHANICAL COLLEGE,60215
"WUHAN JIUSHENGTANG BIOENGINEERING CO., LTD",72845
"Pharmaceutics International, Inc.",74157
"SHANDONG SIBANGDE PHARMACEUTICAL CO., LTD.",82061
BCR Science PLLC,84804
HY-NUTRITION,82198
"Changzhou Bio-Sheng Technology Co., LTD",59050
GOOD-IP LIMITED,73716
"Beijing Lunarsun Pharmaceutical Co., LTD.",71073
Rochester General Hospital Research Institute,59503
West Bengal State University,65008
SARAH HERZOG MEMORIAL HOSPITAL-EZRATH NASHIM,83936
LIMITED LIABILITY COMPANY “NATIONAL PHARMACEUTICAL TECHNOLOGIES”,69662
LIMITED LIABILITY COMPANY “PHARMENTERPRISES”,69662
ATHENA PHARMACEUTIQUES SAS,71511
"SHANDONG CHAO RUI SHI MEDICAL TECHNOLOGY CO., LTD",82061
Hudson Biopharma Inc.,72446
"NATIONAL INSTITUTES OF HEALTH (NIH), THE UNITED STATES OF AMERICA DEPT. OF HEALTH AND HUMAN SERVICES (DHHS).",82076
The Penn Research Foundation,69125
M2I DEVELOPMENT,72908
"SHANGHAI RIXIN BIOTECHNOLOGY CO., LTD.",73557
DSM NUTRITIONAL PRODCUTS AG,83027
PERRIGO ISRAEL PHARMACEUTICALS LTD.,00113
"HUBEI BIOLOGICAL MEDICINE INDUSTRIAL TECHNOLOGY INSTITUTE CO., LTD.",82996
"WUHAN OPTICS VALLEY HUMANWELL BIO-PHARMACEUTICAL CO., LTD.",72845
"WUHAN CHEMLIGAND BIO-PHARMACEUTICAL CO., LTD.",72845
Thc Regents of the University of California,76326
"The United Stated of America, as Represented by The Secretary, Department of Health and Human Services",58733
NAT'L INSTITUTE OF ADVANCED INDUSTRIAL SCIENCE & TECHNOLOGY,55330
"INSTITUTE OF MITOCHONDRIA SCIENCE, INC.",55330
LEAD PHARMA CEL MODELS IP B.V.,62168
"Shanghai Standard Technology Co., Ltd.",73557
"Shanghai Nature Standard R&D and Biotech Co., Ltd",73557
"Shanghai Founder Biomed R&D Co., Ltd.",73557
Acerus Pharmaceuticals SRL,42667
Cook General Biotechnology LLC,62046
OMEGA PROTEIN CORPORATION,51048
Indiana University and Technology Corporation,10578
Indian Institute of Chemical Biology,60980
"ACME SPECIALTY PRODUCTS, LLC",00924
"TOT SHANGHAI R&D CENTER CO., LTD.",73557
"Creative Trio Biotech (Beijing) Co., Ltd.",82660
"WUHAN INNAMUNE PHARMACEUTICAL CO., LTD.",72845
D & J Rosée Inc.,53205
"DONG-E E-JIAO CO., LTD.",73242
Active Fibres Limited,70039
Ipsen Biopharma Ltd.,15054
AMERICAN LIFE NATURALLY,58701
Chengdu Sourcebio Limited-Liability Company,82432
Perrigo Pharma International Designated Activity Company,00113
LIMITED LIABILITY COMPANY “NANOCOR”,69662
LIMITED LIABILITY COMPANY “URAL CENTER OF BIOPHARMACEUTICAL TECHNOLOGY”,69662
LIMITED LIABILITY COMPANY “KONSORTSIUM-PIK”,69662
PSM Healthcare Limited,71093
VA Boston Healthcare System,72628
Institute of Research in Biomedicine,55330
"BEIJING ZHIBO BIO-MEDICAL TECHNOLOGY CO., LTD",71073
SUN YAT-SEN UNIVERSITY CANCER CENTER,60215
True Health IP LLC,85520
Mercy Medical Research Institute,65868
"JIANGSU MINGMA BIOTECH CO., LTD.",77573
Laboratoire Beepratte,63388
B&A THERAPEUTICS,79952
Hebei University,77678
"Guangxi Wuzhou Pharmaceuticals (Group) Co., Ltd.",59321
WUHAN THERASOURCE BIOSCIENCES INC.,72845
FIRST LINE INDUSTRIA E COMMERCIA S/A,53117
Tennessee Board of Regents,73008
GREEN CROSS LABCELL,61152
"Innovative Trauma Care, Inc.",57362
"Shanghai Saiyuan Bio-Technology Co., Ltd.",73557
Industrial Cooperation Foundation Chonbuk University,42241
"The United State of America, as represented by the Secretary, Department of Health & Human Services",58733
THE UNIVERSITY OF ALABAMA BIRMINGHAM RESEARCH FOUNDATION,60215
"BLUEPRINT BIO, INC.",72064
THE UNITED STATES OF AMERICA AS REPRESENTED BY VETERANS AFFAIRS,58733
RAK Holdings LLC,58048
"The United States of America as represented by the Secretary of the Army, on behalf of the United States Army Medical Research Institute of Infectious Diseases",58733
Jinan Platinum Pharmatech Co. Ltd.,83988
NK-1 IP LIMITED,69662
MAGIC EPOCH HOLDINGS LIMITED,77358
"NIPPON LIGHT METAL COMPANY, LTD.",24509
SHANGHAI UNIVERSITY OF TRADITIONAL CHINESE,73557
"SICHUAN SHANZE BIOTECH CO., LTD.",87215
HUNAN SKYWORLD BIOTECHNOLOGIES CO,84273
"JIANGSU THERAVAC BIO-PHARMACEUTICAL CO., LTD.",77573
"Kv1.3 Therapeutics, Inc.",79952
University of Maryland Eastern Shore,60215
QBI ENTERPRISES LTD.,83741
THE TRUSTEES OF COLUMBIA UNIVERSITY IN THE CITY OF NEW YORK MEMORIAL SLOAN-KETTERING CANCER CENTER,40098
"SHENZHEN CHINA RESOURCES GOSUN PHARMACEUTICALS CO., LTD",84449
GUANGZHOU UNIVERSITY OF CHINESE MEDICINE,84148
OVER S.R.L.,84994
Sunny Wipes Pty Ltd,81738
"Best Pet Rx IP, Inc.",83220
"Beijing Hua'an Innovation Biotechnology Co., Ltd.",71073
Massachusetts Eye & Eat Infirmary,76318
"JOHN M. AGEE, TRUSTEE OF THE JOHN M. AGEE TRUST OF AUGUST 15, 1996",61140
"PKU HEALTHCARE INDUSTRY GROUP CO., LTD.",71093
Advanced Bioscience Farmacêutica LTDA,69488
KOREA BIO TECHNOLOGY ENT.,73391
"DHARMA BIOMEDICAL, LLC",53045
"TIANJIN ASYMCHEM PHARMACEUTICALS CO., LTD.",33217
FORWARD SCOUT ENTERPRISES PTY LTD,83850
University of Nordland,60215
NKT Therapeutics Inc.,79952
"Beijing Bailening Biotechnology Co., Ltd.",71073
OAK CREST INSTITUTE OF SCIENCE,84713
"North China Pharmaceutical Company., Ltd.",42887
"NANJING NATINEFY PHARMATECH CO., LTD.",87125
"WUHAN NOVAFFEY SCIENCE & TECHNOLOGY CO., LTD.",72845
"FBM THERAPEUTICS, LLC",79952
IGM BIOSCIENCES A/S,83100
"HANGZHOU YUANCHANG MEDICAL SCI-TECH CO., LTD",72823
Pu Chen,70794
LIMITED LIABILITY COMPANY “RUSSIAN PHARMACEUTICAL TECHNOLOGIES”,69662
AUGUSTA PHARMACEUTICALS INC.,55858
University of Turku,60215
"Vaccine Technologies, Incorporated",63361
"SHENZHEN YONGZE PHARMACEUTICAL CO., LTD.",84449
INNO-BEV LTD.,84988
Health Sciences North Research Institute,84992
"THE UNITED SSTATES OF AMERICA, AS REPRESENTED BY THE SECRETARY, DEPARTMENT OF HEALTH AND HUMAN SERVICES",58733
"Love Sun Body, LLC",82418
"JAPAN ECO SCIENCE CO., LTD.",87130
"SHANGHAI SUNTRONG BIOTECHNOLOGY CO., LTD.",73557
University of Waterloo,60215
THE ROYAL INSTITUTION FOR THE ADVANCEMENT OF LEARNING,68791
Wuhan Phagelux Bio-Tech Company Limited,72845
"1NTRA-CELLULAR THERAP1ES, 1NC.",72060
ABC Co S.r.l.,84990
ABCELEX TECHNOLOGIES INC.,64239
"Abide Therapeutics, Inc.",71671
Abiogen Pharma s.r.l.,59627
ABION INC.,42239
ABL BIO INC.,81016
"Abmuno Therapeutics, LLC",73153
Accural Inc.,71491
"AccuRna, Inc.",71491
"ACEA Therapeutics, Inc.",72126
"ACell, Inc.",42192
"Aciex Therapeutics, Inc.",71671
"Aclaris Therapeutics, Inc.",82605
"Actym Therapeutics, Inc.",23594
Adams Pharmaceuticals LLC,70482
"Adams Laboratories, Inc.",69747
"Adaris Therapeutics, Inc.",82605
"Ader Enterprises, Inc.",82913
"ADHERON THERAPEUTICS, INC.",47426
"ADICET THERAPEUTICS, INC.",66302
ADIMMUNE CORPORATION,83205
"Adria Laboratories, Inc.",10210
"AEGIS THERAPEUTICS, LLC",71671
"Aerie Pharmaceuticals, Inc.",82598
"Aeris Therapeutics, LLC",72542
"Aesgen, Inc.",51144
Aesica Pharmaceuticals Limited,85620
"Affimed Therapeutics, AG",71881
"AffyImmune Therapeutics, Inc.",71881
"AgeX Therapeutics, Inc.",71671
"Agilent Technologies, Inc.",55346
"Agtech Products, Inc.",00486
"Aileron Therapeutics, Inc.",72542
Aisa Therapeutics,82605
AKADEMY PHARMA S.r.L.,59054
Akesion GmbH,81033
"Alcea Therapeutics, Inc.",72126
"ALCRESTA THERAPEUTICS, INC.",60923
"Aldexa Therapeutics, Inc.",72126
"Alessa Therapeutics, Inc.",72126
"Algenist Holdings, Inc.",71297
Algos Pharmaceutical Corporation,51511
"Aligos Therapeutics, Inc.",80725
"Alivio Therapeutics, Inc.",82685
ALK-Abelló,00268
"Allegran, Inc.",00023
"Allergas, Inc.",00023
"ALLERGEN, INC.",00023
Allergon S.A.,00023
"Alleron Therapeutics, Inc.",72542
"Allgergan, Inc.",00023
Allomek Therapeutics LLC,81968
"Allon Therapeutics, Inc.",84991
"ALLOS THERAPEUTICS, INC.",80725
AlonBio Ltd.,70038
Altarex Corp.,59390
"Altera International, LTD.",77556
"Altiris Therapeutics, Inc.",80739
"ALTOS THERAPEUTICS, LLC",23594
"ALYNYLAM PHARMACEUTICALS, INC.",71336
"Aminex Therapeutics, Inc.",71881
"Amirall, S.A.",16110
"Amorsa Therapeutics, Inc.",82605
"Anavex Life Sciences, Corp.",69387
ANBOGEN THERAPEUTICS INC.,68968
"Anchen Laboratories, Inc.",67877
"Androsolutions, Inc.",83102
"Angel Pharmaceutical Co., Ltd.",74196
"ANGELICA THERAPEUTICS, INC.",59922
Anic S.p.A.,43975
ANJI Pharmaceuticals INC.,43975
"Ansella Therapeutics, Inc.",72626
Antex Pharma Inc.,77617
Antibe Therapeutics Inc.,66302
Antibioticos S.p.A.,81964
"Antios Therapeutics, Inc.",73515
"APERTA BIOSCIENCES, LLC",53238
Appili Therapeutics Inc.,80735
"APROS THERAPEUTICS, INC.",71394
APTALIS PHARMA S.R.L.,71656
ARase Therapeutics Inc.,72626
"ARCA Biopharma, Inc.",70255
"Area Laboratories, LLC",62819
Areta International S.R.L.,77556
"Areteia Therapeutics, Inc.",60923
"ARIALYS THERAPEUTICS, INC.",82605
Arisan Therapeutics Inc.,82605
"ArmaGen, Inc.",55513
"ARNO THERAPEUTICS, INC.",71394
Aron S.A.,71399
Artax Biopharma Inc.,70255
"ARTESIAN THERAPEUTICS, INC.",60923
"ARYx Therapeutics, Inc.",71394
Ascentia Pharma Inc.,43602
Aspreva Pharmaceuticals S.A.,59923
AsstraZeneca AB,00186
"Astraea Therapeutics, LLC",60923
ATAI Life Sciences AG,83609
Atlanthera,69724
Atrin Pharmaceuticals LLC,39328
"Atrix Laboratories, Inc.",10882
Audion Therapeutics,73153
Auriga International,67860
Autism Therapeutics Inc.,23594
"Autologous, LLC",83047
"Avicon, Inc.",75854
"Avilar Therapeutics, Inc.",82605
Aviron,75854
"Aviv Therapeutics, Inc.",82685
"AVM Biotechnology, LLC",70437
AXCELLA HEALTH INC.,85096
"AXCESO BIOPHARMA CO., LTD.",83654
Axle International Ltd.,73432
"Axrix Laboratories, Inc.",10882
AYUMI PHARMACEUTICAL CORPORATION,83301
"Azora Therapeutics, Inc.",82605
"Bacoustics, LLC",83463
"BALANCE THERAPEUTICS, INC.",84103
BALIOPHARMA AG,69452
"Barr Laboratories, Inc.",55505
Beerse Pharmaceutica NV,10956
"BEMY Cosmetics, Inc.",73586
"Berlax Laboratories, Inc.",50486
"Berlex Laboratories, Inc.",54111
BHN Holding LLC,58048
Biersdorf AG,10356
"BIND Therapeutics, Inc.",64693
BIOCOMO INC.,44523
"Biocosmeceuticals, LLC",62032
"BioCrystal, Ltd.",72769
BIOCYDEX,68418
"BioDerm, Inc.",84440
"BioDev, LLC",68354
BIODEX,68418
BIODOL THERAPEUTICS,64693
"Bioenergy Life Science, Inc.",72090
BIOEX THERAPEUTICS INC.,81092
"BIOGEND THERAPEUTICS CO., LTD.",81092
Biokine Therapeutics Ltd.,81092
"BIOLEX THERAPEUTICS, INC.",81092
"Biolexis Therapeutics, Inc.",81092
"BIONIZ THERAPEUTICS, INC.",64693
"Biopharmaceutical, Inc.",58552
Biopharmati SA,69452
BIOrest Ltd.,83372
"BIOSPECTRUM, INC.",76961
"Biostream Therapeutics, Inc.",71104
BioTHER Corporation,77008
"Biotherapeutics, Inc.",64693
"BISON THERAPEUTICS, INC.",64693
BLÜCHER GMBH,62250
"Blade Therapeutics, Inc.",71671
"Blake Laboratories, Inc.",72654
Blokine Therapeutics Ltd.,81092
Blucher GmbH,62250
"BODOR LABORATORIES, INC.",50289
Boerhinger Ingelheim GmbH,00597
"Boerhinger Ingelheim Pharmaceuticals, Inc.",00597
Boitest Pharma GmbH,83372
"Bone Care International, LLC",61477
Bone Therapeutics S.A,62542
"BONUM THERAPEUTICS, INC.",73153
BOREA THERAPEUTICS S.R.L.,72542
Bose Chemie GmbH,65616
"Bound Therapeutics, LLC",81643
"BoYen Therapeutics, Inc.",62542
"BPG BIO, INC",84540
BPSI HOLDINGS LLC,00121
Brighan and Women's Hospital,24450
Calgene Corporation,59572
"Calyx Therapeutics, Inc.",80735
"CAMBRIA PHARMACEUTICALS, INC.",54723
CAMP4 Therapeutics Corporation,80735
"Cara Therapeutics, Inc.",82605
"CAREGEN CO., LTD.",76737
Carisma Therapeutics Inc.,82605
Carmell Therapeutics Corporation,72542
"Carmot Therapeutics, Inc.",80739
Carnell Therapeutics Corporation,72542
"CARSGEN THERAPEUTICS CO., LTD.",72542
"Cartesian Therapeutics, Inc.",60923
"Cavion, Inc.",75854
"Cedilla Therapeutics, Inc.",71671
CELGEN AG,59572
"CELLA THERAPEUTICS, LLC",71671
"CELLO THERAPEUTICS, INC.",62542
CELON PHARMA S.A.,84209
Celros Biotech,72385
"Celtrix Pharmaceuticals, Inc.",60640
"Cephaon, Inc.",63459
"Cera Therapeutics, Inc.",72542
CERAMIDE THERAPEUTICS,72919
"CerSci Therapeutics, Inc.",72542
Cerus Corporation,42667
"Chai Tai Tianqing Pharmaceutical Group Co., Ltd.",71731
CHEMCOM S.A.,49283
"Cibus Pharmaceutical, Inc.",49589
"Cidara Therapeutics, Inc.",82605
CIEA International Inc.,85037
"CISEN PHARMACEUTICAL CO., LTD.",55264
Clasado Inc.,71087
"ClavisTherapeutics, INC.",82685
CLEARB THERAPEUTICS LTD.,72542
"CLSN Laboratories, Inc.",00374
"CNG BIO CO., LTD.",84540
Coave Therapeutics,84826
"CoDa Therapeutics, Inc.",82685
"Constab Pharmaceutical, Inc.",49873
CORUM INC.,65038
"Corvas International, Inc.",61509
COSMO S.P.A.,85097
Cosunter Pharmaceutical Company,11534
CPSI Holdings LLC,00121
Creagene Inc.,76737
CREALTA PHARMACEUTICALS LLC,73179
Croda International Plc,60986
Crozet Medical GmbH,73527
Curagen Corporation,76737
"Curasen Therapeutics, Inc.",72542
Curatis AG,71753
"CUTISPHARMA, INC.",71594
"Cutter Laboratories, Inc.",50201
Cyano Biotech GmbH,61938
"Cyrex Laboratories, LLC",76348
DAK-Laboratoriet,66424
DANCO LABORATORIES LLC,00065
Dart Therapeutics LLC,80739
"DAVA Pharmaceuticals, Inc.",42939
Deadreon Corporation,30237
Debiopharma S.A.,69452
Delande S.A.,85767
"DELIX THERAPEUTICS, INC.",71671
DelRx Pharmaceutical Corporation,71598
Denali Therapeutics Inc.,71671
DENSO CORPORATION,00295
Diagenics International Corporation,76187
"Diakron Pharmaceuticals, Inc.",71399
"Disarm Therapeutics, Inc.",71394
"DNBIO Pharm, Inc.",77039
DNX Biotherapeutics,64693
Domain Therapeutics,84991
"Dovetail Technologies, Inc.",55346
"Dyne Therapeutics, Inc.",62542
Eaton Corporation,71863
"Eaton Laboratories, Inc.",62484
Efamol Holdings PLC,82215
"EIDOS THERAPEUTICS, INC.",62542
ELAN CORPORATION PLC,84294
"Elan Corporation, Inc.",84294
"Elan Pharmaceuticals, Inc.",84294
ELBA LABORATORIES,72654
"Eliaz Therapeutics, Inc.",71671
"Elicio Therapeutics, Inc.",81092
"ELLORA THERAPEUTICS, INC.",70040
"Emergo Therapeutics, Inc.",72426
"ENTERIN LABORATORIES, INC.",13811
"Entra Pharmaceuticals, Inc.",70372
Entrx LLC,60640
"ENZO THERAPEUTICS, INC.",84226
"EOLAS THERAPEUTICS, INC",81968
EPICS THERAPEUTICS,62542
"EPION THERAPEUTICS, INC.",62542
ERICARE,57896
"Esai Co., Ltd.",62856
"Ethichon, Inc.",63713
"Evecxia Therapeutics, Inc.",72960
"EVERON BIOSCIENCES, INC.",59958
Evox Therapeutics Ltd,84826
"Exelixus, Inc.",42388
EXPRESSION THERAPEUTICS LLC,72426
"Fidopharm, Inc.",77039
Flare Therapeutics Inc.,72542
"Flexion Therapeutics, Inc.",84226
Follea International,73432
"PHARMA FOODS INTERNATIONAL CO., LTD.",52261
"FUSO PHARMACEUTICAL INDUSTRIES, LTD.",10631
"GALECTIN THERAPEUTICS, INC.",70842
Gelgene Corporation,59572
GEN1E LIFESCIENCES INC.,64950
"Genelabs, Inc.",62569
"GENEUIN-TECH CO., LTD.",00004
Gentrix LLC,60640
"GenVivo, Inc.",62049
Genzyne Corporation,58468
"Gila Therapeutics, Inc.",82685
"Gildead Sciences, Inc.",55135
"Gilhead Sciences, Inc.",55135
"GlacoSmithKline Biologicals, S.A.",58160
Glock Health GmbH,82897
Glycomed Incorporated,11509
"Gollin Pharmaceutical Co., Ltd.",58552
Gorham Enterprises LLC,73062
"Grelan Pharmaceutical Co., Ltd.",70010
GrenPharma LLC,61145
"Greyson International, Inc.",42199
"GSNO Therapeutics, Inc.",64693
Guava Technologies,50072
"Hana Biosciences, Inc.",71511
"Hanmi Pharmaceutical Co., Ltd.",59115
"HANSSEN BIOTECH, INC",57894
HELENA LABORATORIES CORPORATION,72654
"Helixir Co., Ltd.",87038
"HENKAN PHARMACEUTICAL CO., LTD.",63255
Hera Therapeutics LLC,72542
Hercon Laboratories Corporation,00140
"Hiro International Co., Ltd.",59353
Histapharm Inc.,66689
"HITSAMITSU PHARMACEUTICAL CO., INC.",46581
"HONED LIFE SCIENCES, LLC",73780
"HONGYUN BIOTECH CO., LTD.",61938
"HRAIN BIOTECHNOLOGY CO., LTD.",69060
HUMAX PHARMACEUTICAL S.A.,59115
"Hwail Pharmaceutical Co., Ltd.",64842
Hyal Pharmaceutical Corporation,63255
"HYGIA PHARMACEUTICALS, LLC",80689
IBA GMBH,71858
ICONIC THERAPEUTICS LLC,64693
Idea Company LLC,78983
"IDEAYA Biosciences, Inc.",80803
IDEXX LABORATORIES INC.,68981
"ILDONG PHARM CO., LTD.",77039
"ILDONG PHARMACEUTICAL CO., LTD.",69117
Ilera Therapeutics LLC,70040
"ILIAS THERAPEUTICS, INC.",80725
"Immetas Therapeutics, Inc.",70842
"ImmuneWalk Therapeutics, Inc.",71881
"ImmuNext, Inc.",58406
ImmunGene Inc,72903
Immunogenics LLC,72903
"ImmunoTherapeutics, Inc.",73153
IMMUNYX PHARMA LTD.,58406
Imstar Therapeutics Inc.,80739
"Inctye Pharmaceuticals, Inc.",50881
"Indalo Therapeutics, Inc.",84991
Indea S.p.A.,84529
"Infinity Pharmaceuticals, Inc.",85564
Ingeneus Inc.,50742
INNOVO THERAPEUTICS INC.,64693
Inpharma S.A.,69452
"Insys Therapeutics, Inc.",64693
"Intabio, Inc.",83853
Intas Pharmaceuticals Ltd.,42961
"Intellia Therapeutics, Inc.",70842
Intracel Holdings LLC,65707
INVENIO THERAPEUTICS INC.,68968
INVEX THERAPEUTICS LTD.,68968
INVIVO THERAPEUTICS CORPORATION,64693
Iogen Corporation,59627
"IOLYX THERAPEUTICS, INC.",64693
"IOMED, INC.",70700
IOMX THERAPEUTICS AG,64693
"IONO Pharma, LLC",82944
ISARNA THERAPEUTICS GMBH,82605
"ISTA Pharmaceuticals, Inc.",61971
iTeos Therapeutics SA,66302
"Jannsen Biotech, Inc.",57894
"JECHO LABORATORIES, INC.",00140
"JEIL PHARMACEUTICAL CO.,LTD",58552
Jinis Biopharmaceuticals Co.,15054
JOINTHERAPEUTICS S.R.L.,64693
"Jounce Therapeutics, Inc.",84826
"JS Bio Co., Ltd.",69798
"KAKEN PHARMACEUTICAL CO., LTD.",74196
KALOS Therapeutics,80725
"KAREUS THERAPEUTICS, SA",72626
Karopharm Therapeutics Inc.,72237
"Kava Pharmaceuticals, Inc.",42939
"KEMIN INDUSTRIES, INC.",00394
"Keracure, Inc.",78280
"Keros Therapeutics, Inc.",72542
"KinDex Therapeutics, LLC",70868
"Kissei Pharmaceutical Co., Ltd.",55264
KIT CO. LTD,71287
"Klaire Laboratories, Inc.",68047
"KLEO PHARMACEUTICALS, INC.",60842
"KM Biologics Co., Ltd.",69800
KNOTUS LIFE SCIENCE INC.,71699
"Kojin Therapeutics, Inc.",64693
"Kovina Therapeutics, Inc.",82685
"Kriya Therapeutics, Inc.",71394
"Kuan Industrial Co., Ltd.",67225
KYLANE LABORATOIRES SA,68047
"Kymera Therapeutics, Inc.",70040
Kyon BIOTECH AG,61938
"KYORIN PHARMACEUTICAL CO., LTD.",69571
"Kyverna Therapeutics, Inc.",70040
"LACTIGA, INC.",72481
"Lapix Therapeutics, Inc.",80735
"Levo Therapeutics, Inc.",68968
"Lilac Therapeutics, Inc.",80735
LIPOGEMS INTERNATIONAL S.P.A.,84352
LivOn Laboratories,40032
LMITO THERAPEUTICS INC.,73150
"lovance Biotherapeutics, Inc.",73776
"Luma Therapeutics, Inc.",82685
"Lumen Therapeutics, LLC",84226
LUMENA PHARMACEUTIALS LLC,83301
"Lung Therapeutics, Inc.",73153
"Lycia Therapeutics, Inc.",80735
"Lysoway Therapeutics, Inc.",80725
"M.H. Biotechnology Corporation, Ltd.",70437
M. LAB INC.,72465
"MACROGEN, INC.",74527
MannKing Corporation,47918
"Mast Therapeutics, Inc.",23594
"Mateon Therapeutics, Inc.",70842
"Mati Therapeutics, Inc.",23594
Matie Holdings LLC,00121
MatRx Therapeutics Corporation,80739
"Medafor, Incorporated",63533
"Medchem Products, Inc.",58790
"Medco, LLC",82461
Medicore Inc.,82461
"MedImmine, LLC",66019
"Medinox,Inc.",53683
"Medlmmune, LLC",66019
Memo Therapeutics AG,62542
MENLO THERAPEUTICS INC.,62542
MERK SHARP & DOHME CORP.,00006
MetaCure Limited,14593
METCELA INC.,69528
MICROGENICS CORPORATION,74527
"Migagen Therapeutics, Inc.",71671
"Miles Laboratories, Inc.",00374
"Millendo Therapeutics, Inc",84226
"Mima Therapeutics, Inc",82685
"MiNK Therapeutics, Inc.",64693
Minovia Therapeutics Ltd.,82685
"MJ Biologics, Inc.",69800
MNEMO THERAPEUTICS,62542
MODALIS THERAPEUTICS CORPORATION,80725
MOVA PHARMACEUTICAL CORPORATION,49873
"Mozart Therapeutics, Inc",80739
Multilan AG,62767
"Mutual Pharmaceutical Company, Inc.",83301
"Najit Technologies, Inc.",80064
NANOPHARMACEUTICALS LLC,51511
"Nanopharmaceutics, Inc.",74157
"NATURE4 CO., LTD",85589
Naturex Inc.,85589
Naturex S.A.,85589
"Naturon, Inc.",85589
"Navigen, Inc.",75834
NECTIN THERAPEUTICS LTD.,66302
"Neopharm Co., Ltd.",55466
"NeoTherapeutics, Inc.",62542
"NEUPHARMA, INC",73564
Neuren Pharmaceuticals Limited,14593
"NEURODAWN PHARMACEUTICAL CO., LTD.",11993
"Neurotherapeutics Pharma, Inc.",47426
"NewBio Therapeutics, Inc.",62542
"Nexel Co., Ltd.",85286
NEXIGEN GMBH,79672
"NexusPharma, Inc.",71594
"NEXYS THERAPEUTICS, INC.",62542
Niche Biopharmaceuticals LLC,15054
"Nirsum Laboratories, Inc.",59672
"NISSUI PHARMACEUTICAL CO., LTD.",55264
"NKILT Therapeutics, Inc.",73150
"Nobilis Therapeutics, Inc.",49771
"Nocion Therapeutics, Inc.",64693
NODUS THERAPEUTICS,73153
NOGA THERAPEUTICS LTD.,82685
NOLIVA THERAPEUTICS LLC,82685
"NORAMCO, LLC",42602
"NORATECH PHARMACEUTICALS, INC.",62327
Norden Laboratories Inc.,99528
Norvartis AG,00078
Novaris AG,00078
Novarits AG,00078
Novarts AG,00078
NOVATIS AG,00078
NOVELION THERAPEUTICS INC.,68968
"Novus International, Inc.",57707
Novuspharma S.p.A.,71594
NUFORMIX LIMITED,79940
"Nuvue Therapeutics, Inc.",68968
Nymox Pharmaceutical Corporation,71598
"OBI PHARMA, INC.",72482
"Ocera Therapeutics, Inc.",72542
"Oheno Life Sciences, Inc",73780
OLATEC INDUSTRIES LLC,81438
OMIDEON LIMITED,84893
Omya International AG,84866
OncoCube Therapeutics LLC,84826
"ONCOMED PHARMACEUTICALS, INC.",75087
"OncoPharmaceutical, Inc.",71767
OncorMed Inc.,75087
"Oncorus, Inc.",83720
"onCour Pharma, Inc.",83720
"OnkosXcel Therapeutics, LLC",81092
"ONPHARMA, INC.",69452
"ONSPIRA THERAPEUTICS, INC.",71394
"Ontherix, Inc.",10148
"Opexa Therapeutics, Inc.",81968
ORADIN PHARMACEUTICAL LTD.,11993
"Oragenics, Inc",74527
OraHealth Corp.,58602
"ORBUS THERAPEUTICS, INC.",49771
"Orexigen Therapeutics, Inc.",72426
"Oricell Therapeutics Co., Ltd.",81092
"Oriel Therapeutics, Inc.",81092
"ORIMOS THERAPEUTICS CO., LTD.",49771
Ortho Pharmaceutical Corporation,66613
"Ostuka Pharmaceutical Co., Ltd.",49873
OVID THERAPEUTICS INC.,64693
Oxis Therapeutics Inc.,64693
"Oxycal Laboratories, Inc.",00065
"Padlock Therapeutics, Inc.",80735
Palumed S.A.,80328
"Pano Therapeutics, Inc.",73153
"PARK THERAPEUTICS, INC.",71394
PDS Biotechnology Corporation,70437
"Perio Sciences, LLC",53238
"Perlan Therapeutics, Inc.",70040
Perseid Therapeutics LLC,72426
Phamacia & Upjohn Company LLC,00009
"Pharmab, Inc.",42708
PHARMABRAND S.A.,82154
"Pharmacore, Inc.",79643
PHARMALEADS,55758
"PHARMARESEARCH CO., LTD.",53045
PHARMAXYN LABORATORIES LTD.,10210
Pharmcia & Upjohn,00009
PHEON THERAPEUTICS LTD,62542
PHICO THERAPEUTICS LTD,52856
Phio Pharmaceuticals Corp.,27789
Pike Therapeutics Inc.,70868
"Pilot Therapeutics, Inc.",52856
"Pisgah Laboratories, Inc.",66424
"Pivotal Therapeutics, Inc.",73515
"PLACON THERAPEUTICS, INC.",80735
"Point Therapeutics, Inc.",52856
"Polaris Pharmaceuticals, Inc.",73473
Polygene Ltd.,52605
Portage Pharmaceuticals Ltd.,81140
PRAGMA Therapeutics,82605
"Prevail Therapeutics, Inc.",70040
"Primmune Therapeutics, Inc.",71881
"Pro-Pharmaceuticals, Inc.",83474
Probe International Inc.,81825
Promega Corporation,81140
Protera S.R.L.,83610
"Pulse Therapeutics, Inc.",69604
"Qantu Therapeutics, Inc.",23594
"Quentis Therapeutics, Inc.",66302
QUIET THERAPEUTICS LTD.,66302
"Quonova, LLC",85043
Quratis Inc.,71753
Qwixel Therapeutics LLC,81092
"RADIMMUNE THERAPEUTICS, INC.",71881
"RaNA Therapeutics, Inc.",82605
"Rapa Therapeutics, LLC",82605
"RAPT Therapeutics, Inc.",80739
"Raze Therapeutics, Inc.",70040
RAZIEL THERAPEUTICS LTD.,71671
"REALM THERAPEUTICS, INC.",72542
Redox PHARMACEUTICAL Corporation,69571
REGENEX LLC,84076
"Rein Therapeutics, Inc.",84226
"Relay Therapeutics, Inc.",72542
RELIV INTERNATIONAL INC.,85037
Renopharm Ltd.,61145
"RESET PHARMACEUTICALS, INC.",82417
"Reset Therapeutics, Inc.",70069
RETINAL SOLUTIONS LLC,62654
"REVEN PHARMACEUTICALS, INC.",71308
REVOLUTION PHARMA LLC,63264
"REYON PHARMACEUTICAL CO., LTD.",69571
Rhomed Incorporated,11509
"Rigl Pharmaceutical, Inc.",58552
"RIHU HEALTHCARE CO., LTD.",69464
Riker Laboratories Inc.,22840
RINNOVATION APS,73284
"RNAi CO., LTD.",60717
Rodaris Pharmaceuticals Limited,83457
Rodeo Therapeutics Corporation,83860
"ROHM CO., LTD.",66096
Rohm Pharma GmbH,66096
"Rohnto Pharmaceutical Co., Ltd.",66613
"ROME Therapeutics, Inc.",81968
"Rubius Therapeutics, Inc.",49771
RxOMEG Therapeutics LLC,81968
Sabre Therapeutics LLC,72542
Salient Pharmaceuticals Incorporated,65086
"Salo Pharmaceutical Co., Ltd.",49873
"SAMJIN PHARMACEUTICAL CO., LTD.",20146
"Sansho Pharmaceutical Co., Ltd.",64842
"Santé International, Inc.",49892
"SANTALIS PHARMACEUTICALS, INC.",71656
"Sapience Therapeutics, Inc.",72960
"SARENTIS THERAPEUTICS, INC.",13913
"Sarina Therapeutics, Inc.",82605
SAVID THERAPEUTICS INC.,82685
SAVIO S.p.A,78589
"SBI Pharmaceuticals Co., Ltd.",72482
"SCM LIFESCIENCE CO., LTD.",71699
Scribe Therapeutics Inc.,72542
"SEASUN THERAPEUTICS, INC.",69604
Selamine Limited,65912
SEMI LABS LIMITED,42571
"SENJU PHARMACEUTICAL CO., LTD.",52747
"Seragen, Inc.",51144
SEREN PHARMACEUTICALS INC.,83676
"Serina Therapeutics, Inc.",70040
Sernova Corporation,81085
SHARON LABORATORIES LTD.,58400
"SHINOGI & CO., LTD.",59630
"Shinonogi & Co., Ltd",59630
"Shinwa Pharmaceutical Co., Ltd.",63255
"Shionogo & Co., Ltd",59630
"Shire Laboratories, Inc.",59672
"Shonogi & Co., Ltd.",59630
"SIGILON THERAPEUTICS, INC.",64693
"Silk Technologies, Ltd.",50072
"Sima Therapeutics, Inc.",80725
Sinatur GmbH,85589
"Sinexus, Inc.",14789
"SINIL PHARMACEUTICAL CO., LTD.",55264
SiNON THERAPEUTICS INC.,64693
"SinusPharma, Inc.",69903
"SIO2 MEDICAL PRODUCTS, LLC",70484
"SIOLTA THERAPEUTICS, INC.",73515
"Sirna Therapeutics, Inc.",71394
"SITEONE THERAPEUTICS, INC.",72187
"SOGO PHARMACEUTICAL CO., LTD.",58552
Soin Therapeutics LLC,64693
Solae Company LLC,70512
Solani Therapeutics Ltd,84991
"SOLENT THERAPEUTICS, LLC",42358
"SOLIX TECHNOLOGIES, INC.",50072
SOLUX CORPORATION,82488
SOLVIAS AG,85185
Sopharma S.A.,71594
Spain Pharma S.A.,85360
"SPERO THERAPEUTICS, INC.",72542
Spiral Therapeutics Inc.,71394
"St. Renatus, LLC",58980
"St. Teresa Medical, Inc.",69216
Stem Cell Therapeutics Corp.,72187
"StemSynergy Therapeutics, Inc.",70069
STERO BIOTECHS LTD.,72385
"STIEFEL LABORATORIES, INC.",64850
Strakan Limited,25000
SUN PHARMACUETICAL INDUSTRIES LTD.,10631
"Sunmax Biotechnology Co., Ltd.",70437
Sylus Pharmaceutical Ltd.,67184
"SYNBLia Therapeutics, Inc.",80725
"SYNTHONICS, INC.",63672
"Syphar Laboratories, Inc.",10882
Sytheon Ltd,63672
"TAEJOON PHARMACEUTICAL CO., LTD.",74196
"TAIKO PHARMACEUTICAL CO., LTD.",64842
"Taino Pharmaceutical Co., Ltd.",64842
Talem Therapeutics LLC,70842
"Taligen Therapeutics, Inc.",70842
"TANOX, INC.",63144
"Targent, LLC",11673
TDEXX Laboratories,51879
"TearSolutions, Inc.",63264
"Teijin Pharmaceutical Co., Ltd.",69117
"TEIKA PHARMACEUTICAL CO., LTD.",74196
"TENAX THERAPEUTICS, INC.",70842
"Teon Therapeutics, Inc.",62542
"Pharma Terra, Inc.",53225
"TETRANOV PHARMACEUTICAL CO., LTD.",11993
"The Foundry, LLC",84610
"Theracos, Inc.",64067
THERAPICON S.R.L.,66428
"THERON PHARMACEUTICALS, INC.",66428
Thorn BioSciences LLC,72028
"Tilos Therapeutics, Inc.",73150
"Ting Therapeutics, Inc.",73150
"Tiny Therapeutics, Inc",73150
"TOBISHI PHARMACEUTICAL CO., LTD.",64842
"Toho Pharmaceutical Co., Ltd.",66613
Top Industrie S.A.S.,80524
"TORII PHARMACEUTICAL CO., LTD.",69571
"Torli Pharmaceutical Co., Ltd.",69571
"TOWA PHARMACEUTICAL CO., LTD.",49873
"TRANSON CO., LTD",63144
Tusk Therapeutics Ltd.,23594
UBIO INC.,72843
Unigene Laboratories Inc.,63998
"Usaien Pharmaceutical Co., Ltd.",74196
"Usien Pharmaceutical Co., Ltd.",55264
"VALERITAS, INC.",72512
Valio Ltd,82625
Vandria SA,43068
Vasgen Limited,72888
"VASGENE THERAPEUTICS, INC",72960
Vasomune Therapeutics Inc.,71881
"Vega Therapeutics, Inc.",71671
"Ventrix, Inc.",60640
"Verex Laboratories, Inc.",55926
Veritas Therapeutics Inc.,69680
Vertice Pharma LLC,69866
Vetech Laboratories Inc.,51879
Vicuron Holdings LLC,85612
"Viking Therapeutics, Inc.",64693
"Vion Pharmaceuticals, Inc.",75854
"Virion Systems, Inc.",82908
"VIROMED CO., LTD.",70700
Viron Therapeutics LLC,64693
"Vitae Pharmaceuticals, LLC",60577
"Vitrisa Therapeutics, Inc.",69680
"Viva Pharmaceutical, Inc.",62211
"Voyager Therapeutics, Inc.",72542
"VSL PHARMACUETICALS, INC.",71767
Vyne Therapeutics Inc.,68968
"WAKI PHARMACEUTICAL CO., LTD.",62211
WATSON LABORATORIES INC.,34908
"Welgene Pharmaceuticals, Inc.",59572
"Welgene, Inc.",59572
"Wings Therapeutics, Inc.",64693
Xeno Biosciences Inc.,59958
"XINFA PHARMACEUTICAL CO., LTD",74157
"Yingu Pharmaceutical Co., Ltd.",69117
"YUNGJIN PHARMACEUTICAL CO., LTD.",58552
"ZERIA PHARMACEUTICAL CO., LTD.",11993
Zoltan Laboratories LLC,00065
ZOMAGEN BIOSCIENCES LTD,59958
